23 Sep 08:57:01 INFO   [geoserver.wms] - 
Request: getMap
	Angle = 0.0
	BaseUrl = http://localhost:8080/geoserver/
	Bbox = SRSEnvelope[1.119282692585493E7 : 1.1231962684336942E7, 1487158.8223163905 : 1526294.580798401]
	BgColor = java.awt.Color[r=255,g=255,b=255]
	Buffer = 0
	Clip = null
	CQLFilter = null
	Crs = PROJCS["WGS 84 / Pseudo-Mercator", 
  GEOGCS["WGS 84", 
    DATUM["World Geodetic System 1984", 
      SPHEROID["WGS 84", 6378137.0, 298.257223563, AUTHORITY["EPSG","7030"]], 
      AUTHORITY["EPSG","6326"]], 
    PRIMEM["Greenwich", 0.0, AUTHORITY["EPSG","8901"]], 
    UNIT["degree", 0.017453292519943295], 
    AXIS["Geodetic longitude", EAST], 
    AXIS["Geodetic latitude", NORTH], 
    AUTHORITY["EPSG","4326"]], 
  PROJECTION["Popular Visualisation Pseudo Mercator", AUTHORITY["EPSG","1024"]], 
  PARAMETER["semi_minor", 6378137.0], 
  PARAMETER["latitude_of_origin", 0.0], 
  PARAMETER["central_meridian", 0.0], 
  PARAMETER["scale_factor", 1.0], 
  PARAMETER["false_easting", 0.0], 
  PARAMETER["false_northing", 0.0], 
  UNIT["m", 1.0], 
  AXIS["Easting", EAST], 
  AXIS["Northing", NORTH], 
  AUTHORITY["EPSG","3857"]]
	Elevation = []
	Env = {}
	Exceptions = SE_XML
	FeatureId = null
	FeatureVersion = null
	Filter = null
	Format = image/png
	FormatOptions = {}
	Get = true
	Height = 256
	Interpolations = []
	Layers = [org.geoserver.wms.MapLayerInfo@5de5ff4c[description=<null>,label=Sentinel AOI,layerFeatureConstraints=<null>,layerGroupMetadata={},layerInfo=SecuredLayerInfo[LayerInfoImpl[vec_s2s_vec_sentinel_aoi_dd3578ab, resource:FeatureTypeInfoImpl[vec_s2s_vec_sentinel_aoi_dd3578ab]]],name=vec_s2s_vec_sentinel_aoi_dd3578ab,remoteFeatureSource=<null>,style=<null>,type=0]]
	MaxFeatures = null
	Palette = null
	RawKvp = {REQUEST=GetMap, FORMAT=image/png, _T=undefined, SRS=EPSG:3857, BBOX=11192826.92585493,1487158.8223163905,11231962.684336942,1526294.580798401, VERSION=1.1.1, STYLES=, SERVICE=WMS, WIDTH=256, HEIGHT=256, TRANSPARENT=true, LAYERS=ws_30cad3c4:vec_s2s_vec_sentinel_aoi_dd3578ab}
	RemoteOwsType = null
	RemoteOwsURL = null
	Request = GetMap
	RequestCharset = UTF-8
	ScaleMethod = null
	Sld = null
	SldBody = null
	SldVersion = null
	SortBy = null
	SortByArrays = null
	SRS = EPSG:3857
	StartIndex = null
	StyleBody = null
	StyleFormat = sld
	Styles = [StyleImpl[ name=style_vec_s2s_vec_sentinel_aoi_dd3578ab]]
	StyleUrl = null
	StyleVersion = null
	Tiled = false
	TilesOrigin = null
	Time = []
	Transparent = true
	ValidateSchema = false
	Version = 1.1.1
	ViewParams = null
	Width = 256
23 Sep 08:57:01 INFO   [geoserver.wms] - 
Request: getServiceInfo
23 Sep 08:57:01 INFO   [geoserver.flow] - releasing flow controllers for [WMS 1.1.1 GetMap]
23 Sep 08:57:01 INFO   [geoserver.wms] - 
Request: getServiceInfo
23 Sep 08:57:02 INFO   [geoserver.flow] - Request completed, running requests: 2, blocked requests: 0
23 Sep 08:57:01 INFO   [geoserver.flow] - releasing flow controllers for [WMS 1.1.1 GetMap]
23 Sep 08:57:01 INFO   [geoserver.flow] - Request control-flow performed, running requests: 4, blocked requests: 0
23 Sep 08:57:02 INFO   [geoserver.flow] - Request completed, running requests: 2, blocked requests: 0
23 Sep 08:57:02 INFO   [geoserver.flow] - Request [WMS 1.1.1 GetMap] starting, processing through flow controllers
23 Sep 08:57:02 INFO   [geoserver.flow] - Request [WMS 1.1.1 GetMap] starting, processing through flow controllers
23 Sep 08:57:02 INFO   [geoserver.flow] - Request control-flow performed, running requests: 4, blocked requests: 0
23 Sep 08:57:02 INFO   [geoserver.flow] - Request control-flow performed, running requests: 3, blocked requests: 1
23 Sep 08:57:02 INFO   [geoserver.wms] - 
Request: getServiceInfo
23 Sep 08:57:02 INFO   [geoserver.wms] - 
Request: getMap
	Angle = 0.0
	BaseUrl = http://localhost:8080/geoserver/
	Bbox = SRSEnvelope[1.099714813344488E7 : 1.1036283891926888E7, 1526294.580798401 : 1565430.33928041]
	BgColor = java.awt.Color[r=255,g=255,b=255]
	Buffer = 0
	Clip = null
	CQLFilter = null
	Crs = PROJCS["WGS 84 / Pseudo-Mercator", 
  GEOGCS["WGS 84", 
    DATUM["World Geodetic System 1984", 
      SPHEROID["WGS 84", 6378137.0, 298.257223563, AUTHORITY["EPSG","7030"]], 
      AUTHORITY["EPSG","6326"]], 
    PRIMEM["Greenwich", 0.0, AUTHORITY["EPSG","8901"]], 
    UNIT["degree", 0.017453292519943295], 
    AXIS["Geodetic longitude", EAST], 
    AXIS["Geodetic latitude", NORTH], 
    AUTHORITY["EPSG","4326"]], 
  PROJECTION["Popular Visualisation Pseudo Mercator", AUTHORITY["EPSG","1024"]], 
  PARAMETER["semi_minor", 6378137.0], 
  PARAMETER["latitude_of_origin", 0.0], 
  PARAMETER["central_meridian", 0.0], 
  PARAMETER["scale_factor", 1.0], 
  PARAMETER["false_easting", 0.0], 
  PARAMETER["false_northing", 0.0], 
  UNIT["m", 1.0], 
  AXIS["Easting", EAST], 
  AXIS["Northing", NORTH], 
  AUTHORITY["EPSG","3857"]]
	Elevation = []
	Env = {}
	Exceptions = SE_XML
	FeatureId = null
	FeatureVersion = null
	Filter = null
	Format = image/png
	FormatOptions = {}
	Get = true
	Height = 256
	Interpolations = []
	Layers = [org.geoserver.wms.MapLayerInfo@376ac215[description=<null>,label=Sentinel AOI,layerFeatureConstraints=<null>,layerGroupMetadata={},layerInfo=SecuredLayerInfo[LayerInfoImpl[vec_s2s_vec_sentinel_aoi_dd3578ab, resource:FeatureTypeInfoImpl[vec_s2s_vec_sentinel_aoi_dd3578ab]]],name=vec_s2s_vec_sentinel_aoi_dd3578ab,remoteFeatureSource=<null>,style=<null>,type=0]]
	MaxFeatures = null
	Palette = null
	RawKvp = {REQUEST=GetMap, FORMAT=image/png, _T=undefined, SRS=EPSG:3857, BBOX=10997148.13344488,1526294.580798401,11036283.891926888,1565430.33928041, VERSION=1.1.1, STYLES=, SERVICE=WMS, WIDTH=256, HEIGHT=256, TRANSPARENT=true, LAYERS=ws_30cad3c4:vec_s2s_vec_sentinel_aoi_dd3578ab}
	RemoteOwsType = null
	RemoteOwsURL = null
	Request = GetMap
	RequestCharset = UTF-8
	ScaleMethod = null
	Sld = null
	SldBody = null
	SldVersion = null
	SortBy = null
	SortByArrays = null
	SRS = EPSG:3857
	StartIndex = null
	StyleBody = null
	StyleFormat = sld
	Styles = [StyleImpl[ name=style_vec_s2s_vec_sentinel_aoi_dd3578ab]]
	StyleUrl = null
	StyleVersion = null
	Tiled = false
	TilesOrigin = null
	Time = []
	Transparent = true
	ValidateSchema = false
	Version = 1.1.1
	ViewParams = null
	Width = 256
23 Sep 08:57:02 INFO   [geoserver.wms] - 
Request: getMap
	Angle = 0.0
	BaseUrl = http://localhost:8080/geoserver/
	Bbox = SRSEnvelope[1.1231962684336942E7 : 1.127109844281895E7, 1565430.33928041 : 1604566.0977624203]
	BgColor = java.awt.Color[r=255,g=255,b=255]
	Buffer = 0
	Clip = null
	CQLFilter = null
	Crs = PROJCS["WGS 84 / Pseudo-Mercator", 
  GEOGCS["WGS 84", 
    DATUM["World Geodetic System 1984", 
      SPHEROID["WGS 84", 6378137.0, 298.257223563, AUTHORITY["EPSG","7030"]], 
      AUTHORITY["EPSG","6326"]], 
    PRIMEM["Greenwich", 0.0, AUTHORITY["EPSG","8901"]], 
    UNIT["degree", 0.017453292519943295], 
    AXIS["Geodetic longitude", EAST], 
    AXIS["Geodetic latitude", NORTH], 
    AUTHORITY["EPSG","4326"]], 
  PROJECTION["Popular Visualisation Pseudo Mercator", AUTHORITY["EPSG","1024"]], 
  PARAMETER["semi_minor", 6378137.0], 
  PARAMETER["latitude_of_origin", 0.0], 
  PARAMETER["central_meridian", 0.0], 
  PARAMETER["scale_factor", 1.0], 
  PARAMETER["false_easting", 0.0], 
  PARAMETER["false_northing", 0.0], 
  UNIT["m", 1.0], 
  AXIS["Easting", EAST], 
  AXIS["Northing", NORTH], 
  AUTHORITY["EPSG","3857"]]
	Elevation = []
	Env = {}
	Exceptions = SE_XML
	FeatureId = null
	FeatureVersion = null
	Filter = null
	Format = image/png
	FormatOptions = {}
	Get = true
	Height = 256
	Interpolations = []
	Layers = [org.geoserver.wms.MapLayerInfo@41b88e88[description=<null>,label=Sentinel AOI,layerFeatureConstraints=<null>,layerGroupMetadata={},layerInfo=SecuredLayerInfo[LayerInfoImpl[vec_s2s_vec_sentinel_aoi_dd3578ab, resource:FeatureTypeInfoImpl[vec_s2s_vec_sentinel_aoi_dd3578ab]]],name=vec_s2s_vec_sentinel_aoi_dd3578ab,remoteFeatureSource=<null>,style=<null>,type=0]]
	MaxFeatures = null
	Palette = null
	RawKvp = {REQUEST=GetMap, FORMAT=image/png, _T=undefined, SRS=EPSG:3857, BBOX=11231962.684336942,1565430.33928041,11271098.44281895,1604566.0977624203, VERSION=1.1.1, STYLES=, SERVICE=WMS, WIDTH=256, HEIGHT=256, TRANSPARENT=true, LAYERS=ws_30cad3c4:vec_s2s_vec_sentinel_aoi_dd3578ab}
	RemoteOwsType = null
	RemoteOwsURL = null
	Request = GetMap
	RequestCharset = UTF-8
	ScaleMethod = null
	Sld = null
	SldBody = null
	SldVersion = null
	SortBy = null
	SortByArrays = null
	SRS = EPSG:3857
	StartIndex = null
	StyleBody = null
	StyleFormat = sld
	Styles = [StyleImpl[ name=style_vec_s2s_vec_sentinel_aoi_dd3578ab]]
	StyleUrl = null
	StyleVersion = null
	Tiled = false
	TilesOrigin = null
	Time = []
	Transparent = true
	ValidateSchema = false
	Version = 1.1.1
	ViewParams = null
	Width = 256
23 Sep 08:57:02 INFO   [geoserver.wms] - 
Request: getServiceInfo
23 Sep 08:57:02 INFO   [geoserver.flow] - Request [WMS 1.1.1 GetMap] starting, processing through flow controllers
23 Sep 08:57:02 INFO   [geoserver.flow] - Request [WMS 1.1.1 GetMap] starting, processing through flow controllers
23 Sep 08:57:02 INFO   [geoserver.flow] - releasing flow controllers for [WMS 1.1.1 GetMap]
23 Sep 08:57:02 INFO   [geoserver.flow] - Request completed, running requests: 4, blocked requests: 0
23 Sep 08:57:02 INFO   [geoserver.wms] - 
Request: getMap
	Angle = 0.0
	BaseUrl = http://localhost:8080/geoserver/
	Bbox = SRSEnvelope[1.1231962684336942E7 : 1.127109844281895E7, 1526294.580798401 : 1565430.33928041]
	BgColor = java.awt.Color[r=255,g=255,b=255]
	Buffer = 0
	Clip = null
	CQLFilter = null
	Crs = PROJCS["WGS 84 / Pseudo-Mercator", 
  GEOGCS["WGS 84", 
    DATUM["World Geodetic System 1984", 
      SPHEROID["WGS 84", 6378137.0, 298.257223563, AUTHORITY["EPSG","7030"]], 
      AUTHORITY["EPSG","6326"]], 
    PRIMEM["Greenwich", 0.0, AUTHORITY["EPSG","8901"]], 
    UNIT["degree", 0.017453292519943295], 
    AXIS["Geodetic longitude", EAST], 
    AXIS["Geodetic latitude", NORTH], 
    AUTHORITY["EPSG","4326"]], 
  PROJECTION["Popular Visualisation Pseudo Mercator", AUTHORITY["EPSG","1024"]], 
  PARAMETER["semi_minor", 6378137.0], 
  PARAMETER["latitude_of_origin", 0.0], 
  PARAMETER["central_meridian", 0.0], 
  PARAMETER["scale_factor", 1.0], 
  PARAMETER["false_easting", 0.0], 
  PARAMETER["false_northing", 0.0], 
  UNIT["m", 1.0], 
  AXIS["Easting", EAST], 
  AXIS["Northing", NORTH], 
  AUTHORITY["EPSG","3857"]]
	Elevation = []
	Env = {}
	Exceptions = SE_XML
	FeatureId = null
	FeatureVersion = null
	Filter = null
	Format = image/png
	FormatOptions = {}
	Get = true
	Height = 256
	Interpolations = []
	Layers = [org.geoserver.wms.MapLayerInfo@5d7ffb4c[description=<null>,label=Sentinel AOI,layerFeatureConstraints=<null>,layerGroupMetadata={},layerInfo=SecuredLayerInfo[LayerInfoImpl[vec_s2s_vec_sentinel_aoi_dd3578ab, resource:FeatureTypeInfoImpl[vec_s2s_vec_sentinel_aoi_dd3578ab]]],name=vec_s2s_vec_sentinel_aoi_dd3578ab,remoteFeatureSource=<null>,style=<null>,type=0]]
	MaxFeatures = null
	Palette = null
	RawKvp = {REQUEST=GetMap, FORMAT=image/png, _T=undefined, SRS=EPSG:3857, BBOX=11231962.684336942,1526294.580798401,11271098.44281895,1565430.33928041, VERSION=1.1.1, STYLES=, SERVICE=WMS, WIDTH=256, HEIGHT=256, TRANSPARENT=true, LAYERS=ws_30cad3c4:vec_s2s_vec_sentinel_aoi_dd3578ab}
	RemoteOwsType = null
	RemoteOwsURL = null
	Request = GetMap
	RequestCharset = UTF-8
	ScaleMethod = null
	Sld = null
	SldBody = null
	SldVersion = null
	SortBy = null
	SortByArrays = null
	SRS = EPSG:3857
	StartIndex = null
	StyleBody = null
	StyleFormat = sld
	Styles = [StyleImpl[ name=style_vec_s2s_vec_sentinel_aoi_dd3578ab]]
	StyleUrl = null
	StyleVersion = null
	Tiled = false
	TilesOrigin = null
	Time = []
	Transparent = true
	ValidateSchema = false
	Version = 1.1.1
	ViewParams = null
	Width = 256
23 Sep 08:57:02 INFO   [geoserver.flow] - Request control-flow performed, running requests: 4, blocked requests: 1
23 Sep 08:57:02 INFO   [geoserver.flow] - releasing flow controllers for [WMS 1.1.1 GetMap]
23 Sep 08:57:02 INFO   [geoserver.flow] - releasing flow controllers for [WMS 1.1.1 GetMap]
23 Sep 08:57:02 INFO   [geoserver.flow] - Request completed, running requests: 3, blocked requests: 0
23 Sep 08:57:02 INFO   [geoserver.flow] - Request completed, running requests: 3, blocked requests: 0
23 Sep 08:57:02 INFO   [geoserver.wms] - 
Request: getMap
	Angle = 0.0
	BaseUrl = http://localhost:8080/geoserver/
	Bbox = SRSEnvelope[1.099714813344488E7 : 1.1036283891926888E7, 1604566.0977624203 : 1643701.8562444302]
	BgColor = java.awt.Color[r=255,g=255,b=255]
	Buffer = 0
	Clip = null
	CQLFilter = null
	Crs = PROJCS["WGS 84 / Pseudo-Mercator", 
  GEOGCS["WGS 84", 
    DATUM["World Geodetic System 1984", 
      SPHEROID["WGS 84", 6378137.0, 298.257223563, AUTHORITY["EPSG","7030"]], 
      AUTHORITY["EPSG","6326"]], 
    PRIMEM["Greenwich", 0.0, AUTHORITY["EPSG","8901"]], 
    UNIT["degree", 0.017453292519943295], 
    AXIS["Geodetic longitude", EAST], 
    AXIS["Geodetic latitude", NORTH], 
    AUTHORITY["EPSG","4326"]], 
  PROJECTION["Popular Visualisation Pseudo Mercator", AUTHORITY["EPSG","1024"]], 
  PARAMETER["semi_minor", 6378137.0], 
  PARAMETER["latitude_of_origin", 0.0], 
  PARAMETER["central_meridian", 0.0], 
  PARAMETER["scale_factor", 1.0], 
  PARAMETER["false_easting", 0.0], 
  PARAMETER["false_northing", 0.0], 
  UNIT["m", 1.0], 
  AXIS["Easting", EAST], 
  AXIS["Northing", NORTH], 
  AUTHORITY["EPSG","3857"]]
	Elevation = []
	Env = {}
	Exceptions = SE_XML
	FeatureId = null
	FeatureVersion = null
	Filter = null
	Format = image/png
	FormatOptions = {}
	Get = true
	Height = 256
	Interpolations = []
	Layers = [org.geoserver.wms.MapLayerInfo@4463f74d[description=<null>,label=Sentinel AOI,layerFeatureConstraints=<null>,layerGroupMetadata={},layerInfo=SecuredLayerInfo[LayerInfoImpl[vec_s2s_vec_sentinel_aoi_dd3578ab, resource:FeatureTypeInfoImpl[vec_s2s_vec_sentinel_aoi_dd3578ab]]],name=vec_s2s_vec_sentinel_aoi_dd3578ab,remoteFeatureSource=<null>,style=<null>,type=0]]
	MaxFeatures = null
	Palette = null
	RawKvp = {REQUEST=GetMap, FORMAT=image/png, _T=undefined, SRS=EPSG:3857, BBOX=10997148.13344488,1604566.0977624203,11036283.891926888,1643701.8562444302, VERSION=1.1.1, STYLES=, SERVICE=WMS, WIDTH=256, HEIGHT=256, TRANSPARENT=true, LAYERS=ws_30cad3c4:vec_s2s_vec_sentinel_aoi_dd3578ab}
	RemoteOwsType = null
	RemoteOwsURL = null
	Request = GetMap
	RequestCharset = UTF-8
	ScaleMethod = null
	Sld = null
	SldBody = null
	SldVersion = null
	SortBy = null
	SortByArrays = null
	SRS = EPSG:3857
	StartIndex = null
	StyleBody = null
	StyleFormat = sld
	Styles = [StyleImpl[ name=style_vec_s2s_vec_sentinel_aoi_dd3578ab]]
	StyleUrl = null
	StyleVersion = null
	Tiled = false
	TilesOrigin = null
	Time = []
	Transparent = true
	ValidateSchema = false
	Version = 1.1.1
	ViewParams = null
	Width = 256
23 Sep 08:57:02 INFO   [geoserver.flow] - Request control-flow performed, running requests: 5, blocked requests: 0
23 Sep 08:57:02 INFO   [geoserver.flow] - releasing flow controllers for [WMS 1.1.1 GetMap]
23 Sep 08:57:02 INFO   [geoserver.wms] - 
Request: getServiceInfo
23 Sep 08:57:02 INFO   [geoserver.flow] - releasing flow controllers for [WMS 1.1.1 GetMap]
23 Sep 08:57:02 INFO   [geoserver.flow] - Request completed, running requests: 1, blocked requests: 1
23 Sep 08:57:02 INFO   [geoserver.flow] - Request completed, running requests: 1, blocked requests: 0
23 Sep 08:57:02 INFO   [geoserver.wms] - 
Request: getMap
	Angle = 0.0
	BaseUrl = http://localhost:8080/geoserver/
	Bbox = SRSEnvelope[1.1231962684336942E7 : 1.127109844281895E7, 1604566.0977624203 : 1643701.8562444302]
	BgColor = java.awt.Color[r=255,g=255,b=255]
	Buffer = 0
	Clip = null
	CQLFilter = null
	Crs = PROJCS["WGS 84 / Pseudo-Mercator", 
  GEOGCS["WGS 84", 
    DATUM["World Geodetic System 1984", 
      SPHEROID["WGS 84", 6378137.0, 298.257223563, AUTHORITY["EPSG","7030"]], 
      AUTHORITY["EPSG","6326"]], 
    PRIMEM["Greenwich", 0.0, AUTHORITY["EPSG","8901"]], 
    UNIT["degree", 0.017453292519943295], 
    AXIS["Geodetic longitude", EAST], 
    AXIS["Geodetic latitude", NORTH], 
    AUTHORITY["EPSG","4326"]], 
  PROJECTION["Popular Visualisation Pseudo Mercator", AUTHORITY["EPSG","1024"]], 
  PARAMETER["semi_minor", 6378137.0], 
  PARAMETER["latitude_of_origin", 0.0], 
  PARAMETER["central_meridian", 0.0], 
  PARAMETER["scale_factor", 1.0], 
  PARAMETER["false_easting", 0.0], 
  PARAMETER["false_northing", 0.0], 
  UNIT["m", 1.0], 
  AXIS["Easting", EAST], 
  AXIS["Northing", NORTH], 
  AUTHORITY["EPSG","3857"]]
	Elevation = []
	Env = {}
	Exceptions = SE_XML
	FeatureId = null
	FeatureVersion = null
	Filter = null
	Format = image/png
	FormatOptions = {}
	Get = true
	Height = 256
	Interpolations = []
	Layers = [org.geoserver.wms.MapLayerInfo@cc1d346[description=<null>,label=Sentinel AOI,layerFeatureConstraints=<null>,layerGroupMetadata={},layerInfo=SecuredLayerInfo[LayerInfoImpl[vec_s2s_vec_sentinel_aoi_dd3578ab, resource:FeatureTypeInfoImpl[vec_s2s_vec_sentinel_aoi_dd3578ab]]],name=vec_s2s_vec_sentinel_aoi_dd3578ab,remoteFeatureSource=<null>,style=<null>,type=0]]
	MaxFeatures = null
	Palette = null
	RawKvp = {REQUEST=GetMap, FORMAT=image/png, _T=undefined, SRS=EPSG:3857, BBOX=11231962.684336942,1604566.0977624203,11271098.44281895,1643701.8562444302, VERSION=1.1.1, STYLES=, SERVICE=WMS, WIDTH=256, HEIGHT=256, TRANSPARENT=true, LAYERS=ws_30cad3c4:vec_s2s_vec_sentinel_aoi_dd3578ab}
	RemoteOwsType = null
	RemoteOwsURL = null
	Request = GetMap
	RequestCharset = UTF-8
	ScaleMethod = null
	Sld = null
	SldBody = null
	SldVersion = null
	SortBy = null
	SortByArrays = null
	SRS = EPSG:3857
	StartIndex = null
	StyleBody = null
	StyleFormat = sld
	Styles = [StyleImpl[ name=style_vec_s2s_vec_sentinel_aoi_dd3578ab]]
	StyleUrl = null
	StyleVersion = null
	Tiled = false
	TilesOrigin = null
	Time = []
	Transparent = true
	ValidateSchema = false
	Version = 1.1.1
	ViewParams = null
	Width = 256
23 Sep 08:57:02 INFO   [geoserver.wms] - 
Request: getServiceInfo
23 Sep 08:57:02 INFO   [geoserver.flow] - Request [WMS 1.1.1 GetMap] starting, processing through flow controllers
23 Sep 08:57:02 INFO   [geoserver.wms] - 
Request: getServiceInfo
23 Sep 08:57:02 INFO   [geoserver.wms] - 
Request: getServiceInfo
23 Sep 08:57:02 INFO   [geoserver.flow] - releasing flow controllers for [WMS 1.1.1 GetMap]
23 Sep 08:57:02 INFO   [geoserver.wms] - 
Request: getServiceInfo
23 Sep 08:57:02 INFO   [geoserver.flow] - Request [WMS 1.1.1 GetMap] starting, processing through flow controllers
23 Sep 08:57:02 INFO   [geoserver.flow] - Request control-flow performed, running requests: 2, blocked requests: 3
23 Sep 08:57:02 INFO   [geoserver.flow] - Request [WMS 1.1.1 GetMap] starting, processing through flow controllers
23 Sep 08:57:02 INFO   [geoserver.flow] - Request control-flow performed, running requests: 1, blocked requests: 1
23 Sep 08:57:02 INFO   [geoserver.flow] - Request completed, running requests: 1, blocked requests: 3
23 Sep 08:57:02 INFO   [geoserver.flow] - Request [WMS 1.1.1 GetMap] starting, processing through flow controllers
23 Sep 08:57:02 INFO   [geoserver.flow] - Request [WMS 1.1.1 GetMap] starting, processing through flow controllers
23 Sep 08:57:02 INFO   [geoserver.wms] - 
Request: getMap
	Angle = 0.0
	BaseUrl = http://localhost:8080/geoserver/
	Bbox = SRSEnvelope[1.1231962684336942E7 : 1.127109844281895E7, 1487158.8223163905 : 1526294.580798401]
	BgColor = java.awt.Color[r=255,g=255,b=255]
	Buffer = 0
	Clip = null
	CQLFilter = null
	Crs = PROJCS["WGS 84 / Pseudo-Mercator", 
  GEOGCS["WGS 84", 
    DATUM["World Geodetic System 1984", 
      SPHEROID["WGS 84", 6378137.0, 298.257223563, AUTHORITY["EPSG","7030"]], 
      AUTHORITY["EPSG","6326"]], 
    PRIMEM["Greenwich", 0.0, AUTHORITY["EPSG","8901"]], 
    UNIT["degree", 0.017453292519943295], 
    AXIS["Geodetic longitude", EAST], 
    AXIS["Geodetic latitude", NORTH], 
    AUTHORITY["EPSG","4326"]], 
  PROJECTION["Popular Visualisation Pseudo Mercator", AUTHORITY["EPSG","1024"]], 
  PARAMETER["semi_minor", 6378137.0], 
  PARAMETER["latitude_of_origin", 0.0], 
  PARAMETER["central_meridian", 0.0], 
  PARAMETER["scale_factor", 1.0], 
  PARAMETER["false_easting", 0.0], 
  PARAMETER["false_northing", 0.0], 
  UNIT["m", 1.0], 
  AXIS["Easting", EAST], 
  AXIS["Northing", NORTH], 
  AUTHORITY["EPSG","3857"]]
	Elevation = []
	Env = {}
	Exceptions = SE_XML
	FeatureId = null
	FeatureVersion = null
	Filter = null
	Format = image/png
	FormatOptions = {}
	Get = true
	Height = 256
	Interpolations = []
	Layers = [org.geoserver.wms.MapLayerInfo@a6db4f[description=<null>,label=Sentinel AOI,layerFeatureConstraints=<null>,layerGroupMetadata={},layerInfo=SecuredLayerInfo[LayerInfoImpl[vec_s2s_vec_sentinel_aoi_dd3578ab, resource:FeatureTypeInfoImpl[vec_s2s_vec_sentinel_aoi_dd3578ab]]],name=vec_s2s_vec_sentinel_aoi_dd3578ab,remoteFeatureSource=<null>,style=<null>,type=0]]
	MaxFeatures = null
	Palette = null
	RawKvp = {REQUEST=GetMap, FORMAT=image/png, _T=undefined, SRS=EPSG:3857, BBOX=11231962.684336942,1487158.8223163905,11271098.44281895,1526294.580798401, VERSION=1.1.1, STYLES=, SERVICE=WMS, WIDTH=256, HEIGHT=256, TRANSPARENT=true, LAYERS=ws_30cad3c4:vec_s2s_vec_sentinel_aoi_dd3578ab}
	RemoteOwsType = null
	RemoteOwsURL = null
	Request = GetMap
	RequestCharset = UTF-8
	ScaleMethod = null
	Sld = null
	SldBody = null
	SldVersion = null
	SortBy = null
	SortByArrays = null
	SRS = EPSG:3857
	StartIndex = null
	StyleBody = null
	StyleFormat = sld
	Styles = [StyleImpl[ name=style_vec_s2s_vec_sentinel_aoi_dd3578ab]]
	StyleUrl = null
	StyleVersion = null
	Tiled = false
	TilesOrigin = null
	Time = []
	Transparent = true
	ValidateSchema = false
	Version = 1.1.1
	ViewParams = null
	Width = 256
23 Sep 08:57:02 INFO   [geoserver.flow] - Request control-flow performed, running requests: 3, blocked requests: 2
23 Sep 08:57:02 INFO   [geoserver.flow] - Request control-flow performed, running requests: 5, blocked requests: 0
23 Sep 08:57:02 INFO   [geoserver.flow] - Request control-flow performed, running requests: 4, blocked requests: 1
23 Sep 08:57:02 INFO   [geoserver.flow] - releasing flow controllers for [WMS 1.1.1 GetMap]
23 Sep 08:57:02 INFO   [geoserver.flow] - Request completed, running requests: 4, blocked requests: 0
23 Sep 08:57:02 INFO   [geoserver.wms] - 
Request: getMap
	Angle = 0.0
	BaseUrl = http://localhost:8080/geoserver/
	Bbox = SRSEnvelope[1.099714813344488E7 : 1.1036283891926888E7, 1487158.8223163905 : 1526294.580798401]
	BgColor = java.awt.Color[r=255,g=255,b=255]
	Buffer = 0
	Clip = null
	CQLFilter = null
	Crs = PROJCS["WGS 84 / Pseudo-Mercator", 
  GEOGCS["WGS 84", 
    DATUM["World Geodetic System 1984", 
      SPHEROID["WGS 84", 6378137.0, 298.257223563, AUTHORITY["EPSG","7030"]], 
      AUTHORITY["EPSG","6326"]], 
    PRIMEM["Greenwich", 0.0, AUTHORITY["EPSG","8901"]], 
    UNIT["degree", 0.017453292519943295], 
    AXIS["Geodetic longitude", EAST], 
    AXIS["Geodetic latitude", NORTH], 
    AUTHORITY["EPSG","4326"]], 
  PROJECTION["Popular Visualisation Pseudo Mercator", AUTHORITY["EPSG","1024"]], 
  PARAMETER["semi_minor", 6378137.0], 
  PARAMETER["latitude_of_origin", 0.0], 
  PARAMETER["central_meridian", 0.0], 
  PARAMETER["scale_factor", 1.0], 
  PARAMETER["false_easting", 0.0], 
  PARAMETER["false_northing", 0.0], 
  UNIT["m", 1.0], 
  AXIS["Easting", EAST], 
  AXIS["Northing", NORTH], 
  AUTHORITY["EPSG","3857"]]
	Elevation = []
	Env = {}
	Exceptions = SE_XML
	FeatureId = null
	FeatureVersion = null
	Filter = null
	Format = image/png
	FormatOptions = {}
	Get = true
	Height = 256
	Interpolations = []
	Layers = [org.geoserver.wms.MapLayerInfo@239b71e8[description=<null>,label=Sentinel AOI,layerFeatureConstraints=<null>,layerGroupMetadata={},layerInfo=SecuredLayerInfo[LayerInfoImpl[vec_s2s_vec_sentinel_aoi_dd3578ab, resource:FeatureTypeInfoImpl[vec_s2s_vec_sentinel_aoi_dd3578ab]]],name=vec_s2s_vec_sentinel_aoi_dd3578ab,remoteFeatureSource=<null>,style=<null>,type=0]]
	MaxFeatures = null
	Palette = null
	RawKvp = {REQUEST=GetMap, FORMAT=image/png, _T=undefined, SRS=EPSG:3857, BBOX=10997148.13344488,1487158.8223163905,11036283.891926888,1526294.580798401, VERSION=1.1.1, STYLES=, SERVICE=WMS, WIDTH=256, HEIGHT=256, TRANSPARENT=true, LAYERS=ws_30cad3c4:vec_s2s_vec_sentinel_aoi_dd3578ab}
	RemoteOwsType = null
	RemoteOwsURL = null
	Request = GetMap
	RequestCharset = UTF-8
	ScaleMethod = null
	Sld = null
	SldBody = null
	SldVersion = null
	SortBy = null
	SortByArrays = null
	SRS = EPSG:3857
	StartIndex = null
	StyleBody = null
	StyleFormat = sld
	Styles = [StyleImpl[ name=style_vec_s2s_vec_sentinel_aoi_dd3578ab]]
	StyleUrl = null
	StyleVersion = null
	Tiled = false
	TilesOrigin = null
	Time = []
	Transparent = true
	ValidateSchema = false
	Version = 1.1.1
	ViewParams = null
	Width = 256
23 Sep 08:57:02 INFO   [geoserver.wms] - 
Request: getServiceInfo
23 Sep 08:57:02 INFO   [geoserver.wms] - 
Request: getMap
	Angle = 0.0
	BaseUrl = http://localhost:8080/geoserver/
	Bbox = SRSEnvelope[1.095801237496287E7 : 1.099714813344488E7, 1565430.33928041 : 1604566.0977624203]
	BgColor = java.awt.Color[r=255,g=255,b=255]
	Buffer = 0
	Clip = null
	CQLFilter = null
	Crs = PROJCS["WGS 84 / Pseudo-Mercator", 
  GEOGCS["WGS 84", 
    DATUM["World Geodetic System 1984", 
      SPHEROID["WGS 84", 6378137.0, 298.257223563, AUTHORITY["EPSG","7030"]], 
      AUTHORITY["EPSG","6326"]], 
    PRIMEM["Greenwich", 0.0, AUTHORITY["EPSG","8901"]], 
    UNIT["degree", 0.017453292519943295], 
    AXIS["Geodetic longitude", EAST], 
    AXIS["Geodetic latitude", NORTH], 
    AUTHORITY["EPSG","4326"]], 
  PROJECTION["Popular Visualisation Pseudo Mercator", AUTHORITY["EPSG","1024"]], 
  PARAMETER["semi_minor", 6378137.0], 
  PARAMETER["latitude_of_origin", 0.0], 
  PARAMETER["central_meridian", 0.0], 
  PARAMETER["scale_factor", 1.0], 
  PARAMETER["false_easting", 0.0], 
  PARAMETER["false_northing", 0.0], 
  UNIT["m", 1.0], 
  AXIS["Easting", EAST], 
  AXIS["Northing", NORTH], 
  AUTHORITY["EPSG","3857"]]
	Elevation = []
	Env = {}
	Exceptions = SE_XML
	FeatureId = null
	FeatureVersion = null
	Filter = null
	Format = image/png
	FormatOptions = {}
	Get = true
	Height = 256
	Interpolations = []
	Layers = [org.geoserver.wms.MapLayerInfo@56ad8ba0[description=<null>,label=Sentinel AOI,layerFeatureConstraints=<null>,layerGroupMetadata={},layerInfo=SecuredLayerInfo[LayerInfoImpl[vec_s2s_vec_sentinel_aoi_dd3578ab, resource:FeatureTypeInfoImpl[vec_s2s_vec_sentinel_aoi_dd3578ab]]],name=vec_s2s_vec_sentinel_aoi_dd3578ab,remoteFeatureSource=<null>,style=<null>,type=0]]
	MaxFeatures = null
	Palette = null
	RawKvp = {REQUEST=GetMap, FORMAT=image/png, _T=undefined, SRS=EPSG:3857, BBOX=10958012.37496287,1565430.33928041,10997148.13344488,1604566.0977624203, VERSION=1.1.1, STYLES=, SERVICE=WMS, WIDTH=256, HEIGHT=256, TRANSPARENT=true, LAYERS=ws_30cad3c4:vec_s2s_vec_sentinel_aoi_dd3578ab}
	RemoteOwsType = null
	RemoteOwsURL = null
	Request = GetMap
	RequestCharset = UTF-8
	ScaleMethod = null
	Sld = null
	SldBody = null
	SldVersion = null
	SortBy = null
	SortByArrays = null
	SRS = EPSG:3857
	StartIndex = null
	StyleBody = null
	StyleFormat = sld
	Styles = [StyleImpl[ name=style_vec_s2s_vec_sentinel_aoi_dd3578ab]]
	StyleUrl = null
	StyleVersion = null
	Tiled = false
	TilesOrigin = null
	Time = []
	Transparent = true
	ValidateSchema = false
	Version = 1.1.1
	ViewParams = null
	Width = 256
23 Sep 08:57:02 INFO   [geoserver.wms] - 
Request: getMap
	Angle = 0.0
	BaseUrl = http://localhost:8080/geoserver/
	Bbox = SRSEnvelope[1.127109844281895E7 : 1.131023420130096E7, 1565430.33928041 : 1604566.0977624203]
	BgColor = java.awt.Color[r=255,g=255,b=255]
	Buffer = 0
	Clip = null
	CQLFilter = null
	Crs = PROJCS["WGS 84 / Pseudo-Mercator", 
  GEOGCS["WGS 84", 
    DATUM["World Geodetic System 1984", 
      SPHEROID["WGS 84", 6378137.0, 298.257223563, AUTHORITY["EPSG","7030"]], 
      AUTHORITY["EPSG","6326"]], 
    PRIMEM["Greenwich", 0.0, AUTHORITY["EPSG","8901"]], 
    UNIT["degree", 0.017453292519943295], 
    AXIS["Geodetic longitude", EAST], 
    AXIS["Geodetic latitude", NORTH], 
    AUTHORITY["EPSG","4326"]], 
  PROJECTION["Popular Visualisation Pseudo Mercator", AUTHORITY["EPSG","1024"]], 
  PARAMETER["semi_minor", 6378137.0], 
  PARAMETER["latitude_of_origin", 0.0], 
  PARAMETER["central_meridian", 0.0], 
  PARAMETER["scale_factor", 1.0], 
  PARAMETER["false_easting", 0.0], 
  PARAMETER["false_northing", 0.0], 
  UNIT["m", 1.0], 
  AXIS["Easting", EAST], 
  AXIS["Northing", NORTH], 
  AUTHORITY["EPSG","3857"]]
	Elevation = []
	Env = {}
	Exceptions = SE_XML
	FeatureId = null
	FeatureVersion = null
	Filter = null
	Format = image/png
	FormatOptions = {}
	Get = true
	Height = 256
	Interpolations = []
	Layers = [org.geoserver.wms.MapLayerInfo@2dbbdca[description=<null>,label=Sentinel AOI,layerFeatureConstraints=<null>,layerGroupMetadata={},layerInfo=SecuredLayerInfo[LayerInfoImpl[vec_s2s_vec_sentinel_aoi_dd3578ab, resource:FeatureTypeInfoImpl[vec_s2s_vec_sentinel_aoi_dd3578ab]]],name=vec_s2s_vec_sentinel_aoi_dd3578ab,remoteFeatureSource=<null>,style=<null>,type=0]]
	MaxFeatures = null
	Palette = null
	RawKvp = {REQUEST=GetMap, FORMAT=image/png, _T=undefined, SRS=EPSG:3857, BBOX=11271098.44281895,1565430.33928041,11310234.20130096,1604566.0977624203, VERSION=1.1.1, STYLES=, SERVICE=WMS, WIDTH=256, HEIGHT=256, TRANSPARENT=true, LAYERS=ws_30cad3c4:vec_s2s_vec_sentinel_aoi_dd3578ab}
	RemoteOwsType = null
	RemoteOwsURL = null
	Request = GetMap
	RequestCharset = UTF-8
	ScaleMethod = null
	Sld = null
	SldBody = null
	SldVersion = null
	SortBy = null
	SortByArrays = null
	SRS = EPSG:3857
	StartIndex = null
	StyleBody = null
	StyleFormat = sld
	Styles = [StyleImpl[ name=style_vec_s2s_vec_sentinel_aoi_dd3578ab]]
	StyleUrl = null
	StyleVersion = null
	Tiled = false
	TilesOrigin = null
	Time = []
	Transparent = true
	ValidateSchema = false
	Version = 1.1.1
	ViewParams = null
	Width = 256
23 Sep 08:57:02 INFO   [geoserver.flow] - Request [WMS 1.1.1 GetMap] starting, processing through flow controllers
23 Sep 08:57:02 INFO   [geoserver.wms] - 
Request: getMap
	Angle = 0.0
	BaseUrl = http://localhost:8080/geoserver/
	Bbox = SRSEnvelope[1.095801237496287E7 : 1.099714813344488E7, 1526294.580798401 : 1565430.33928041]
	BgColor = java.awt.Color[r=255,g=255,b=255]
	Buffer = 0
	Clip = null
	CQLFilter = null
	Crs = PROJCS["WGS 84 / Pseudo-Mercator", 
  GEOGCS["WGS 84", 
    DATUM["World Geodetic System 1984", 
      SPHEROID["WGS 84", 6378137.0, 298.257223563, AUTHORITY["EPSG","7030"]], 
      AUTHORITY["EPSG","6326"]], 
    PRIMEM["Greenwich", 0.0, AUTHORITY["EPSG","8901"]], 
    UNIT["degree", 0.017453292519943295], 
    AXIS["Geodetic longitude", EAST], 
    AXIS["Geodetic latitude", NORTH], 
    AUTHORITY["EPSG","4326"]], 
  PROJECTION["Popular Visualisation Pseudo Mercator", AUTHORITY["EPSG","1024"]], 
  PARAMETER["semi_minor", 6378137.0], 
  PARAMETER["latitude_of_origin", 0.0], 
  PARAMETER["central_meridian", 0.0], 
  PARAMETER["scale_factor", 1.0], 
  PARAMETER["false_easting", 0.0], 
  PARAMETER["false_northing", 0.0], 
  UNIT["m", 1.0], 
  AXIS["Easting", EAST], 
  AXIS["Northing", NORTH], 
  AUTHORITY["EPSG","3857"]]
	Elevation = []
	Env = {}
	Exceptions = SE_XML
	FeatureId = null
	FeatureVersion = null
	Filter = null
	Format = image/png
	FormatOptions = {}
	Get = true
	Height = 256
	Interpolations = []
	Layers = [org.geoserver.wms.MapLayerInfo@6a4b717c[description=<null>,label=Sentinel AOI,layerFeatureConstraints=<null>,layerGroupMetadata={},layerInfo=SecuredLayerInfo[LayerInfoImpl[vec_s2s_vec_sentinel_aoi_dd3578ab, resource:FeatureTypeInfoImpl[vec_s2s_vec_sentinel_aoi_dd3578ab]]],name=vec_s2s_vec_sentinel_aoi_dd3578ab,remoteFeatureSource=<null>,style=<null>,type=0]]
	MaxFeatures = null
	Palette = null
	RawKvp = {REQUEST=GetMap, FORMAT=image/png, _T=undefined, SRS=EPSG:3857, BBOX=10958012.37496287,1526294.580798401,10997148.13344488,1565430.33928041, VERSION=1.1.1, STYLES=, SERVICE=WMS, WIDTH=256, HEIGHT=256, TRANSPARENT=true, LAYERS=ws_30cad3c4:vec_s2s_vec_sentinel_aoi_dd3578ab}
	RemoteOwsType = null
	RemoteOwsURL = null
	Request = GetMap
	RequestCharset = UTF-8
	ScaleMethod = null
	Sld = null
	SldBody = null
	SldVersion = null
	SortBy = null
	SortByArrays = null
	SRS = EPSG:3857
	StartIndex = null
	StyleBody = null
	StyleFormat = sld
	Styles = [StyleImpl[ name=style_vec_s2s_vec_sentinel_aoi_dd3578ab]]
	StyleUrl = null
	StyleVersion = null
	Tiled = false
	TilesOrigin = null
	Time = []
	Transparent = true
	ValidateSchema = false
	Version = 1.1.1
	ViewParams = null
	Width = 256
23 Sep 08:57:02 INFO   [geoserver.flow] - releasing flow controllers for [WMS 1.1.1 GetMap]
23 Sep 08:57:02 INFO   [geoserver.flow] - releasing flow controllers for [WMS 1.1.1 GetMap]
23 Sep 08:57:02 INFO   [geoserver.flow] - Request control-flow performed, running requests: 5, blocked requests: 0
23 Sep 08:57:02 INFO   [geoserver.flow] - releasing flow controllers for [WMS 1.1.1 GetMap]
23 Sep 08:57:02 INFO   [geoserver.flow] - Request completed, running requests: 2, blocked requests: 0
23 Sep 08:57:02 INFO   [geoserver.wms] - 
Request: getServiceInfo
23 Sep 08:57:02 INFO   [geoserver.flow] - Request [WMS 1.1.1 GetMap] starting, processing through flow controllers
23 Sep 08:57:02 INFO   [geoserver.flow] - releasing flow controllers for [WMS 1.1.1 GetMap]
23 Sep 08:57:02 INFO   [geoserver.wms] - 
Request: getMap
	Angle = 0.0
	BaseUrl = http://localhost:8080/geoserver/
	Bbox = SRSEnvelope[1.127109844281895E7 : 1.131023420130096E7, 1526294.580798401 : 1565430.33928041]
	BgColor = java.awt.Color[r=255,g=255,b=255]
	Buffer = 0
	Clip = null
	CQLFilter = null
	Crs = PROJCS["WGS 84 / Pseudo-Mercator", 
  GEOGCS["WGS 84", 
    DATUM["World Geodetic System 1984", 
      SPHEROID["WGS 84", 6378137.0, 298.257223563, AUTHORITY["EPSG","7030"]], 
      AUTHORITY["EPSG","6326"]], 
    PRIMEM["Greenwich", 0.0, AUTHORITY["EPSG","8901"]], 
    UNIT["degree", 0.017453292519943295], 
    AXIS["Geodetic longitude", EAST], 
    AXIS["Geodetic latitude", NORTH], 
    AUTHORITY["EPSG","4326"]], 
  PROJECTION["Popular Visualisation Pseudo Mercator", AUTHORITY["EPSG","1024"]], 
  PARAMETER["semi_minor", 6378137.0], 
  PARAMETER["latitude_of_origin", 0.0], 
  PARAMETER["central_meridian", 0.0], 
  PARAMETER["scale_factor", 1.0], 
  PARAMETER["false_easting", 0.0], 
  PARAMETER["false_northing", 0.0], 
  UNIT["m", 1.0], 
  AXIS["Easting", EAST], 
  AXIS["Northing", NORTH], 
  AUTHORITY["EPSG","3857"]]
	Elevation = []
	Env = {}
	Exceptions = SE_XML
	FeatureId = null
	FeatureVersion = null
	Filter = null
	Format = image/png
	FormatOptions = {}
	Get = true
	Height = 256
	Interpolations = []
	Layers = [org.geoserver.wms.MapLayerInfo@42505315[description=<null>,label=Sentinel AOI,layerFeatureConstraints=<null>,layerGroupMetadata={},layerInfo=SecuredLayerInfo[LayerInfoImpl[vec_s2s_vec_sentinel_aoi_dd3578ab, resource:FeatureTypeInfoImpl[vec_s2s_vec_sentinel_aoi_dd3578ab]]],name=vec_s2s_vec_sentinel_aoi_dd3578ab,remoteFeatureSource=<null>,style=<null>,type=0]]
	MaxFeatures = null
	Palette = null
	RawKvp = {REQUEST=GetMap, FORMAT=image/png, _T=undefined, SRS=EPSG:3857, BBOX=11271098.44281895,1526294.580798401,11310234.20130096,1565430.33928041, VERSION=1.1.1, STYLES=, SERVICE=WMS, WIDTH=256, HEIGHT=256, TRANSPARENT=true, LAYERS=ws_30cad3c4:vec_s2s_vec_sentinel_aoi_dd3578ab}
	RemoteOwsType = null
	RemoteOwsURL = null
	Request = GetMap
	RequestCharset = UTF-8
	ScaleMethod = null
	Sld = null
	SldBody = null
	SldVersion = null
	SortBy = null
	SortByArrays = null
	SRS = EPSG:3857
	StartIndex = null
	StyleBody = null
	StyleFormat = sld
	Styles = [StyleImpl[ name=style_vec_s2s_vec_sentinel_aoi_dd3578ab]]
	StyleUrl = null
	StyleVersion = null
	Tiled = false
	TilesOrigin = null
	Time = []
	Transparent = true
	ValidateSchema = false
	Version = 1.1.1
	ViewParams = null
	Width = 256
23 Sep 08:57:02 INFO   [geoserver.wms] - 
Request: getServiceInfo
23 Sep 08:57:02 INFO   [geoserver.flow] - Request completed, running requests: 1, blocked requests: 0
23 Sep 08:57:02 INFO   [geoserver.flow] - releasing flow controllers for [WMS 1.1.1 GetMap]
23 Sep 08:57:02 INFO   [geoserver.flow] - Request completed, running requests: 1, blocked requests: 1
23 Sep 08:57:02 INFO   [geoserver.flow] - Request completed, running requests: 2, blocked requests: 0
23 Sep 08:57:02 INFO   [geoserver.flow] - Request control-flow performed, running requests: 2, blocked requests: 0
23 Sep 08:57:02 INFO   [geoserver.flow] - Request [WMS 1.1.1 GetMap] starting, processing through flow controllers
23 Sep 08:57:02 INFO   [geoserver.flow] - Request completed, running requests: 1, blocked requests: 0
23 Sep 08:57:02 INFO   [geoserver.wms] - 
Request: getServiceInfo
23 Sep 08:57:02 INFO   [geoserver.wms] - 
Request: getServiceInfo
23 Sep 08:57:02 INFO   [geoserver.flow] - Request [WMS 1.1.1 GetMap] starting, processing through flow controllers
23 Sep 08:57:02 INFO   [geoserver.flow] - Request control-flow performed, running requests: 3, blocked requests: 1
23 Sep 08:57:02 INFO   [geoserver.wms] - 
Request: getServiceInfo
23 Sep 08:57:02 INFO   [geoserver.flow] - Request control-flow performed, running requests: 2, blocked requests: 0
23 Sep 08:57:02 INFO   [geoserver.wms] - 
Request: getServiceInfo
23 Sep 08:57:02 INFO   [geoserver.wms] - 
Request: getMap
	Angle = 0.0
	BaseUrl = http://localhost:8080/geoserver/
	Bbox = SRSEnvelope[1.095801237496287E7 : 1.099714813344488E7, 1604566.0977624203 : 1643701.8562444302]
	BgColor = java.awt.Color[r=255,g=255,b=255]
	Buffer = 0
	Clip = null
	CQLFilter = null
	Crs = PROJCS["WGS 84 / Pseudo-Mercator", 
  GEOGCS["WGS 84", 
    DATUM["World Geodetic System 1984", 
      SPHEROID["WGS 84", 6378137.0, 298.257223563, AUTHORITY["EPSG","7030"]], 
      AUTHORITY["EPSG","6326"]], 
    PRIMEM["Greenwich", 0.0, AUTHORITY["EPSG","8901"]], 
    UNIT["degree", 0.017453292519943295], 
    AXIS["Geodetic longitude", EAST], 
    AXIS["Geodetic latitude", NORTH], 
    AUTHORITY["EPSG","4326"]], 
  PROJECTION["Popular Visualisation Pseudo Mercator", AUTHORITY["EPSG","1024"]], 
  PARAMETER["semi_minor", 6378137.0], 
  PARAMETER["latitude_of_origin", 0.0], 
  PARAMETER["central_meridian", 0.0], 
  PARAMETER["scale_factor", 1.0], 
  PARAMETER["false_easting", 0.0], 
  PARAMETER["false_northing", 0.0], 
  UNIT["m", 1.0], 
  AXIS["Easting", EAST], 
  AXIS["Northing", NORTH], 
  AUTHORITY["EPSG","3857"]]
	Elevation = []
	Env = {}
	Exceptions = SE_XML
	FeatureId = null
	FeatureVersion = null
	Filter = null
	Format = image/png
	FormatOptions = {}
	Get = true
	Height = 256
	Interpolations = []
	Layers = [org.geoserver.wms.MapLayerInfo@24f14670[description=<null>,label=Sentinel AOI,layerFeatureConstraints=<null>,layerGroupMetadata={},layerInfo=SecuredLayerInfo[LayerInfoImpl[vec_s2s_vec_sentinel_aoi_dd3578ab, resource:FeatureTypeInfoImpl[vec_s2s_vec_sentinel_aoi_dd3578ab]]],name=vec_s2s_vec_sentinel_aoi_dd3578ab,remoteFeatureSource=<null>,style=<null>,type=0]]
	MaxFeatures = null
	Palette = null
	RawKvp = {REQUEST=GetMap, FORMAT=image/png, _T=undefined, SRS=EPSG:3857, BBOX=10958012.37496287,1604566.0977624203,10997148.13344488,1643701.8562444302, VERSION=1.1.1, STYLES=, SERVICE=WMS, WIDTH=256, HEIGHT=256, TRANSPARENT=true, LAYERS=ws_30cad3c4:vec_s2s_vec_sentinel_aoi_dd3578ab}
	RemoteOwsType = null
	RemoteOwsURL = null
	Request = GetMap
	RequestCharset = UTF-8
	ScaleMethod = null
	Sld = null
	SldBody = null
	SldVersion = null
	SortBy = null
	SortByArrays = null
	SRS = EPSG:3857
	StartIndex = null
	StyleBody = null
	StyleFormat = sld
	Styles = [StyleImpl[ name=style_vec_s2s_vec_sentinel_aoi_dd3578ab]]
	StyleUrl = null
	StyleVersion = null
	Tiled = false
	TilesOrigin = null
	Time = []
	Transparent = true
	ValidateSchema = false
	Version = 1.1.1
	ViewParams = null
	Width = 256
23 Sep 08:57:02 INFO   [geoserver.flow] - Request [WMS 1.1.1 GetMap] starting, processing through flow controllers
23 Sep 08:57:02 INFO   [geoserver.flow] - Request [WMS 1.1.1 GetMap] starting, processing through flow controllers
23 Sep 08:57:02 INFO   [geoserver.wms] - 
Request: getMap
	Angle = 0.0
	BaseUrl = http://localhost:8080/geoserver/
	Bbox = SRSEnvelope[1.095801237496287E7 : 1.099714813344488E7, 1487158.8223163905 : 1526294.580798401]
	BgColor = java.awt.Color[r=255,g=255,b=255]
	Buffer = 0
	Clip = null
	CQLFilter = null
	Crs = PROJCS["WGS 84 / Pseudo-Mercator", 
  GEOGCS["WGS 84", 
    DATUM["World Geodetic System 1984", 
      SPHEROID["WGS 84", 6378137.0, 298.257223563, AUTHORITY["EPSG","7030"]], 
      AUTHORITY["EPSG","6326"]], 
    PRIMEM["Greenwich", 0.0, AUTHORITY["EPSG","8901"]], 
    UNIT["degree", 0.017453292519943295], 
    AXIS["Geodetic longitude", EAST], 
    AXIS["Geodetic latitude", NORTH], 
    AUTHORITY["EPSG","4326"]], 
  PROJECTION["Popular Visualisation Pseudo Mercator", AUTHORITY["EPSG","1024"]], 
  PARAMETER["semi_minor", 6378137.0], 
  PARAMETER["latitude_of_origin", 0.0], 
  PARAMETER["central_meridian", 0.0], 
  PARAMETER["scale_factor", 1.0], 
  PARAMETER["false_easting", 0.0], 
  PARAMETER["false_northing", 0.0], 
  UNIT["m", 1.0], 
  AXIS["Easting", EAST], 
  AXIS["Northing", NORTH], 
  AUTHORITY["EPSG","3857"]]
	Elevation = []
	Env = {}
	Exceptions = SE_XML
	FeatureId = null
	FeatureVersion = null
	Filter = null
	Format = image/png
	FormatOptions = {}
	Get = true
	Height = 256
	Interpolations = []
	Layers = [org.geoserver.wms.MapLayerInfo@1dd117ff[description=<null>,label=Sentinel AOI,layerFeatureConstraints=<null>,layerGroupMetadata={},layerInfo=SecuredLayerInfo[LayerInfoImpl[vec_s2s_vec_sentinel_aoi_dd3578ab, resource:FeatureTypeInfoImpl[vec_s2s_vec_sentinel_aoi_dd3578ab]]],name=vec_s2s_vec_sentinel_aoi_dd3578ab,remoteFeatureSource=<null>,style=<null>,type=0]]
	MaxFeatures = null
	Palette = null
	RawKvp = {REQUEST=GetMap, FORMAT=image/png, _T=undefined, SRS=EPSG:3857, BBOX=10958012.37496287,1487158.8223163905,10997148.13344488,1526294.580798401, VERSION=1.1.1, STYLES=, SERVICE=WMS, WIDTH=256, HEIGHT=256, TRANSPARENT=true, LAYERS=ws_30cad3c4:vec_s2s_vec_sentinel_aoi_dd3578ab}
	RemoteOwsType = null
	RemoteOwsURL = null
	Request = GetMap
	RequestCharset = UTF-8
	ScaleMethod = null
	Sld = null
	SldBody = null
	SldVersion = null
	SortBy = null
	SortByArrays = null
	SRS = EPSG:3857
	StartIndex = null
	StyleBody = null
	StyleFormat = sld
	Styles = [StyleImpl[ name=style_vec_s2s_vec_sentinel_aoi_dd3578ab]]
	StyleUrl = null
	StyleVersion = null
	Tiled = false
	TilesOrigin = null
	Time = []
	Transparent = true
	ValidateSchema = false
	Version = 1.1.1
	ViewParams = null
	Width = 256
23 Sep 08:57:02 INFO   [geoserver.wms] - 
Request: getMap
	Angle = 0.0
	BaseUrl = http://localhost:8080/geoserver/
	Bbox = SRSEnvelope[1.127109844281895E7 : 1.131023420130096E7, 1604566.0977624203 : 1643701.8562444302]
	BgColor = java.awt.Color[r=255,g=255,b=255]
	Buffer = 0
	Clip = null
	CQLFilter = null
	Crs = PROJCS["WGS 84 / Pseudo-Mercator", 
  GEOGCS["WGS 84", 
    DATUM["World Geodetic System 1984", 
      SPHEROID["WGS 84", 6378137.0, 298.257223563, AUTHORITY["EPSG","7030"]], 
      AUTHORITY["EPSG","6326"]], 
    PRIMEM["Greenwich", 0.0, AUTHORITY["EPSG","8901"]], 
    UNIT["degree", 0.017453292519943295], 
    AXIS["Geodetic longitude", EAST], 
    AXIS["Geodetic latitude", NORTH], 
    AUTHORITY["EPSG","4326"]], 
  PROJECTION["Popular Visualisation Pseudo Mercator", AUTHORITY["EPSG","1024"]], 
  PARAMETER["semi_minor", 6378137.0], 
  PARAMETER["latitude_of_origin", 0.0], 
  PARAMETER["central_meridian", 0.0], 
  PARAMETER["scale_factor", 1.0], 
  PARAMETER["false_easting", 0.0], 
  PARAMETER["false_northing", 0.0], 
  UNIT["m", 1.0], 
  AXIS["Easting", EAST], 
  AXIS["Northing", NORTH], 
  AUTHORITY["EPSG","3857"]]
	Elevation = []
	Env = {}
	Exceptions = SE_XML
	FeatureId = null
	FeatureVersion = null
	Filter = null
	Format = image/png
	FormatOptions = {}
	Get = true
	Height = 256
	Interpolations = []
	Layers = [org.geoserver.wms.MapLayerInfo@53431bfa[description=<null>,label=Sentinel AOI,layerFeatureConstraints=<null>,layerGroupMetadata={},layerInfo=SecuredLayerInfo[LayerInfoImpl[vec_s2s_vec_sentinel_aoi_dd3578ab, resource:FeatureTypeInfoImpl[vec_s2s_vec_sentinel_aoi_dd3578ab]]],name=vec_s2s_vec_sentinel_aoi_dd3578ab,remoteFeatureSource=<null>,style=<null>,type=0]]
	MaxFeatures = null
	Palette = null
	RawKvp = {REQUEST=GetMap, FORMAT=image/png, _T=undefined, SRS=EPSG:3857, BBOX=11271098.44281895,1604566.0977624203,11310234.20130096,1643701.8562444302, VERSION=1.1.1, STYLES=, SERVICE=WMS, WIDTH=256, HEIGHT=256, TRANSPARENT=true, LAYERS=ws_30cad3c4:vec_s2s_vec_sentinel_aoi_dd3578ab}
	RemoteOwsType = null
	RemoteOwsURL = null
	Request = GetMap
	RequestCharset = UTF-8
	ScaleMethod = null
	Sld = null
	SldBody = null
	SldVersion = null
	SortBy = null
	SortByArrays = null
	SRS = EPSG:3857
	StartIndex = null
	StyleBody = null
	StyleFormat = sld
	Styles = [StyleImpl[ name=style_vec_s2s_vec_sentinel_aoi_dd3578ab]]
	StyleUrl = null
	StyleVersion = null
	Tiled = false
	TilesOrigin = null
	Time = []
	Transparent = true
	ValidateSchema = false
	Version = 1.1.1
	ViewParams = null
	Width = 256
23 Sep 08:57:03 INFO   [geoserver.flow] - Request control-flow performed, running requests: 4, blocked requests: 2
23 Sep 08:57:02 INFO   [geoserver.flow] - Request [WMS 1.1.1 GetMap] starting, processing through flow controllers
23 Sep 08:57:03 INFO   [geoserver.flow] - releasing flow controllers for [WMS 1.1.1 GetMap]
23 Sep 08:57:03 INFO   [geoserver.flow] - releasing flow controllers for [WMS 1.1.1 GetMap]
23 Sep 08:57:03 INFO   [geoserver.flow] - releasing flow controllers for [WMS 1.1.1 GetMap]
23 Sep 08:57:03 INFO   [geoserver.flow] - Request control-flow performed, running requests: 3, blocked requests: 0
23 Sep 08:57:03 INFO   [geoserver.flow] - Request control-flow performed, running requests: 5, blocked requests: 1
23 Sep 08:57:03 INFO   [geoserver.wms] - 
Request: getMap
	Angle = 0.0
	BaseUrl = http://localhost:8080/geoserver/
	Bbox = SRSEnvelope[1.127109844281895E7 : 1.131023420130096E7, 1487158.8223163905 : 1526294.580798401]
	BgColor = java.awt.Color[r=255,g=255,b=255]
	Buffer = 0
	Clip = null
	CQLFilter = null
	Crs = PROJCS["WGS 84 / Pseudo-Mercator", 
  GEOGCS["WGS 84", 
    DATUM["World Geodetic System 1984", 
      SPHEROID["WGS 84", 6378137.0, 298.257223563, AUTHORITY["EPSG","7030"]], 
      AUTHORITY["EPSG","6326"]], 
    PRIMEM["Greenwich", 0.0, AUTHORITY["EPSG","8901"]], 
    UNIT["degree", 0.017453292519943295], 
    AXIS["Geodetic longitude", EAST], 
    AXIS["Geodetic latitude", NORTH], 
    AUTHORITY["EPSG","4326"]], 
  PROJECTION["Popular Visualisation Pseudo Mercator", AUTHORITY["EPSG","1024"]], 
  PARAMETER["semi_minor", 6378137.0], 
  PARAMETER["latitude_of_origin", 0.0], 
  PARAMETER["central_meridian", 0.0], 
  PARAMETER["scale_factor", 1.0], 
  PARAMETER["false_easting", 0.0], 
  PARAMETER["false_northing", 0.0], 
  UNIT["m", 1.0], 
  AXIS["Easting", EAST], 
  AXIS["Northing", NORTH], 
  AUTHORITY["EPSG","3857"]]
	Elevation = []
	Env = {}
	Exceptions = SE_XML
	FeatureId = null
	FeatureVersion = null
	Filter = null
	Format = image/png
	FormatOptions = {}
	Get = true
	Height = 256
	Interpolations = []
	Layers = [org.geoserver.wms.MapLayerInfo@730464de[description=<null>,label=Sentinel AOI,layerFeatureConstraints=<null>,layerGroupMetadata={},layerInfo=SecuredLayerInfo[LayerInfoImpl[vec_s2s_vec_sentinel_aoi_dd3578ab, resource:FeatureTypeInfoImpl[vec_s2s_vec_sentinel_aoi_dd3578ab]]],name=vec_s2s_vec_sentinel_aoi_dd3578ab,remoteFeatureSource=<null>,style=<null>,type=0]]
	MaxFeatures = null
	Palette = null
	RawKvp = {REQUEST=GetMap, FORMAT=image/png, _T=undefined, SRS=EPSG:3857, BBOX=11271098.44281895,1487158.8223163905,11310234.20130096,1526294.580798401, VERSION=1.1.1, STYLES=, SERVICE=WMS, WIDTH=256, HEIGHT=256, TRANSPARENT=true, LAYERS=ws_30cad3c4:vec_s2s_vec_sentinel_aoi_dd3578ab}
	RemoteOwsType = null
	RemoteOwsURL = null
	Request = GetMap
	RequestCharset = UTF-8
	ScaleMethod = null
	Sld = null
	SldBody = null
	SldVersion = null
	SortBy = null
	SortByArrays = null
	SRS = EPSG:3857
	StartIndex = null
	StyleBody = null
	StyleFormat = sld
	Styles = [StyleImpl[ name=style_vec_s2s_vec_sentinel_aoi_dd3578ab]]
	StyleUrl = null
	StyleVersion = null
	Tiled = false
	TilesOrigin = null
	Time = []
	Transparent = true
	ValidateSchema = false
	Version = 1.1.1
	ViewParams = null
	Width = 256
23 Sep 08:57:03 INFO   [geoserver.flow] - Request completed, running requests: 3, blocked requests: 0
23 Sep 08:57:03 INFO   [geoserver.flow] - Request completed, running requests: 3, blocked requests: 0
23 Sep 08:57:03 INFO   [geoserver.wms] - 
Request: getMap
	Angle = 0.0
	BaseUrl = http://localhost:8080/geoserver/
	Bbox = SRSEnvelope[1.127109844281895E7 : 1.131023420130096E7, 1526294.580798401 : 1565430.33928041]
	BgColor = java.awt.Color[r=255,g=255,b=255]
	Buffer = 0
	Clip = null
	CQLFilter = null
	Crs = PROJCS["WGS 84 / Pseudo-Mercator", 
  GEOGCS["WGS 84", 
    DATUM["World Geodetic System 1984", 
      SPHEROID["WGS 84", 6378137.0, 298.257223563, AUTHORITY["EPSG","7030"]], 
      AUTHORITY["EPSG","6326"]], 
    PRIMEM["Greenwich", 0.0, AUTHORITY["EPSG","8901"]], 
    UNIT["degree", 0.017453292519943295], 
    AXIS["Geodetic longitude", EAST], 
    AXIS["Geodetic latitude", NORTH], 
    AUTHORITY["EPSG","4326"]], 
  PROJECTION["Popular Visualisation Pseudo Mercator", AUTHORITY["EPSG","1024"]], 
  PARAMETER["semi_minor", 6378137.0], 
  PARAMETER["latitude_of_origin", 0.0], 
  PARAMETER["central_meridian", 0.0], 
  PARAMETER["scale_factor", 1.0], 
  PARAMETER["false_easting", 0.0], 
  PARAMETER["false_northing", 0.0], 
  UNIT["m", 1.0], 
  AXIS["Easting", EAST], 
  AXIS["Northing", NORTH], 
  AUTHORITY["EPSG","3857"]]
	Elevation = []
	Env = {}
	Exceptions = SE_XML
	FeatureId = null
	FeatureVersion = null
	Filter = null
	Format = image/png
	FormatOptions = {}
	Get = true
	Height = 256
	Interpolations = []
	Layers = [org.geoserver.wms.MapLayerInfo@592d7cb8[description=<null>,label=Sentinel GEE,layerFeatureConstraints=<null>,layerGroupMetadata={},layerInfo=SecuredLayerInfo[LayerInfoImpl[vec_s2s_vec_sentinel_gee_5a893440, resource:FeatureTypeInfoImpl[vec_s2s_vec_sentinel_gee_5a893440]]],name=vec_s2s_vec_sentinel_gee_5a893440,remoteFeatureSource=<null>,style=<null>,type=0]]
	MaxFeatures = null
	Palette = null
	RawKvp = {REQUEST=GetMap, FORMAT=image/png, _T=undefined, SRS=EPSG:3857, BBOX=11271098.44281895,1526294.580798401,11310234.20130096,1565430.33928041, VERSION=1.1.1, STYLES=, SERVICE=WMS, WIDTH=256, HEIGHT=256, TRANSPARENT=true, LAYERS=ws_30cad3c4:vec_s2s_vec_sentinel_gee_5a893440}
	RemoteOwsType = null
	RemoteOwsURL = null
	Request = GetMap
	RequestCharset = UTF-8
	ScaleMethod = null
	Sld = null
	SldBody = null
	SldVersion = null
	SortBy = null
	SortByArrays = null
	SRS = EPSG:3857
	StartIndex = null
	StyleBody = null
	StyleFormat = sld
	Styles = [StyleImpl[ name=style_vec_s2s_vec_sentinel_gee_5a893440]]
	StyleUrl = null
	StyleVersion = null
	Tiled = false
	TilesOrigin = null
	Time = []
	Transparent = true
	ValidateSchema = false
	Version = 1.1.1
	ViewParams = null
	Width = 256
23 Sep 08:57:03 INFO   [geoserver.wms] - 
Request: getMap
	Angle = 0.0
	BaseUrl = http://localhost:8080/geoserver/
	Bbox = SRSEnvelope[1.095801237496287E7 : 1.099714813344488E7, 1526294.580798401 : 1565430.33928041]
	BgColor = java.awt.Color[r=255,g=255,b=255]
	Buffer = 0
	Clip = null
	CQLFilter = null
	Crs = PROJCS["WGS 84 / Pseudo-Mercator", 
  GEOGCS["WGS 84", 
    DATUM["World Geodetic System 1984", 
      SPHEROID["WGS 84", 6378137.0, 298.257223563, AUTHORITY["EPSG","7030"]], 
      AUTHORITY["EPSG","6326"]], 
    PRIMEM["Greenwich", 0.0, AUTHORITY["EPSG","8901"]], 
    UNIT["degree", 0.017453292519943295], 
    AXIS["Geodetic longitude", EAST], 
    AXIS["Geodetic latitude", NORTH], 
    AUTHORITY["EPSG","4326"]], 
  PROJECTION["Popular Visualisation Pseudo Mercator", AUTHORITY["EPSG","1024"]], 
  PARAMETER["semi_minor", 6378137.0], 
  PARAMETER["latitude_of_origin", 0.0], 
  PARAMETER["central_meridian", 0.0], 
  PARAMETER["scale_factor", 1.0], 
  PARAMETER["false_easting", 0.0], 
  PARAMETER["false_northing", 0.0], 
  UNIT["m", 1.0], 
  AXIS["Easting", EAST], 
  AXIS["Northing", NORTH], 
  AUTHORITY["EPSG","3857"]]
	Elevation = []
	Env = {}
	Exceptions = SE_XML
	FeatureId = null
	FeatureVersion = null
	Filter = null
	Format = image/png
	FormatOptions = {}
	Get = true
	Height = 256
	Interpolations = []
	Layers = [org.geoserver.wms.MapLayerInfo@6a067f9b[description=<null>,label=Sentinel GEE,layerFeatureConstraints=<null>,layerGroupMetadata={},layerInfo=SecuredLayerInfo[LayerInfoImpl[vec_s2s_vec_sentinel_gee_5a893440, resource:FeatureTypeInfoImpl[vec_s2s_vec_sentinel_gee_5a893440]]],name=vec_s2s_vec_sentinel_gee_5a893440,remoteFeatureSource=<null>,style=<null>,type=0]]
	MaxFeatures = null
	Palette = null
	RawKvp = {REQUEST=GetMap, FORMAT=image/png, _T=undefined, SRS=EPSG:3857, BBOX=10958012.37496287,1526294.580798401,10997148.13344488,1565430.33928041, VERSION=1.1.1, STYLES=, SERVICE=WMS, WIDTH=256, HEIGHT=256, TRANSPARENT=true, LAYERS=ws_30cad3c4:vec_s2s_vec_sentinel_gee_5a893440}
	RemoteOwsType = null
	RemoteOwsURL = null
	Request = GetMap
	RequestCharset = UTF-8
	ScaleMethod = null
	Sld = null
	SldBody = null
	SldVersion = null
	SortBy = null
	SortByArrays = null
	SRS = EPSG:3857
	StartIndex = null
	StyleBody = null
	StyleFormat = sld
	Styles = [StyleImpl[ name=style_vec_s2s_vec_sentinel_gee_5a893440]]
	StyleUrl = null
	StyleVersion = null
	Tiled = false
	TilesOrigin = null
	Time = []
	Transparent = true
	ValidateSchema = false
	Version = 1.1.1
	ViewParams = null
	Width = 256
23 Sep 08:57:03 INFO   [geoserver.flow] - Request completed, running requests: 3, blocked requests: 0
23 Sep 08:57:03 INFO   [geoserver.flow] - releasing flow controllers for [WMS 1.1.1 GetMap]
23 Sep 08:57:03 INFO   [geoserver.flow] - Request completed, running requests: 2, blocked requests: 0
23 Sep 08:57:03 INFO   [geoserver.flow] - releasing flow controllers for [WMS 1.1.1 GetMap]
23 Sep 08:57:03 INFO   [geoserver.wms] - 
Request: getServiceInfo
23 Sep 08:57:03 INFO   [geoserver.wms] - 
Request: getServiceInfo
23 Sep 08:57:03 INFO   [geoserver.flow] - releasing flow controllers for [WMS 1.1.1 GetMap]
23 Sep 08:57:03 INFO   [geoserver.flow] - Request completed, running requests: 0, blocked requests: 2
23 Sep 08:57:03 INFO   [geoserver.flow] - Request completed, running requests: 1, blocked requests: 0
23 Sep 08:57:03 INFO   [geoserver.flow] - Request [WMS 1.1.1 GetMap] starting, processing through flow controllers
23 Sep 08:57:03 INFO   [geoserver.wms] - 
Request: getServiceInfo
23 Sep 08:57:03 INFO   [geoserver.wms] - 
Request: getServiceInfo
23 Sep 08:57:03 INFO   [geoserver.flow] - Request [WMS 1.1.1 GetMap] starting, processing through flow controllers
23 Sep 08:57:03 INFO   [geoserver.flow] - Request [WMS 1.1.1 GetMap] starting, processing through flow controllers
23 Sep 08:57:03 INFO   [geoserver.flow] - Request control-flow performed, running requests: 1, blocked requests: 1
23 Sep 08:57:03 INFO   [geoserver.flow] - Request control-flow performed, running requests: 2, blocked requests: 1
23 Sep 08:57:03 INFO   [geoserver.wms] - 
Request: getServiceInfo
23 Sep 08:57:03 INFO   [geoserver.flow] - Request [WMS 1.1.1 GetMap] starting, processing through flow controllers
23 Sep 08:57:03 INFO   [geoserver.flow] - Request control-flow performed, running requests: 3, blocked requests: 1
23 Sep 08:57:03 INFO   [geoserver.flow] - Request control-flow performed, running requests: 4, blocked requests: 1
23 Sep 08:57:03 INFO   [geoserver.wms] - 
Request: getMap
	Angle = 0.0
	BaseUrl = http://localhost:8080/geoserver/
	Bbox = SRSEnvelope[1.095801237496287E7 : 1.099714813344488E7, 1604566.0977624203 : 1643701.8562444302]
	BgColor = java.awt.Color[r=255,g=255,b=255]
	Buffer = 0
	Clip = null
	CQLFilter = null
	Crs = PROJCS["WGS 84 / Pseudo-Mercator", 
  GEOGCS["WGS 84", 
    DATUM["World Geodetic System 1984", 
      SPHEROID["WGS 84", 6378137.0, 298.257223563, AUTHORITY["EPSG","7030"]], 
      AUTHORITY["EPSG","6326"]], 
    PRIMEM["Greenwich", 0.0, AUTHORITY["EPSG","8901"]], 
    UNIT["degree", 0.017453292519943295], 
    AXIS["Geodetic longitude", EAST], 
    AXIS["Geodetic latitude", NORTH], 
    AUTHORITY["EPSG","4326"]], 
  PROJECTION["Popular Visualisation Pseudo Mercator", AUTHORITY["EPSG","1024"]], 
  PARAMETER["semi_minor", 6378137.0], 
  PARAMETER["latitude_of_origin", 0.0], 
  PARAMETER["central_meridian", 0.0], 
  PARAMETER["scale_factor", 1.0], 
  PARAMETER["false_easting", 0.0], 
  PARAMETER["false_northing", 0.0], 
  UNIT["m", 1.0], 
  AXIS["Easting", EAST], 
  AXIS["Northing", NORTH], 
  AUTHORITY["EPSG","3857"]]
	Elevation = []
	Env = {}
	Exceptions = SE_XML
	FeatureId = null
	FeatureVersion = null
	Filter = null
	Format = image/png
	FormatOptions = {}
	Get = true
	Height = 256
	Interpolations = []
	Layers = [org.geoserver.wms.MapLayerInfo@2a6f251a[description=<null>,label=Sentinel GEE,layerFeatureConstraints=<null>,layerGroupMetadata={},layerInfo=SecuredLayerInfo[LayerInfoImpl[vec_s2s_vec_sentinel_gee_5a893440, resource:FeatureTypeInfoImpl[vec_s2s_vec_sentinel_gee_5a893440]]],name=vec_s2s_vec_sentinel_gee_5a893440,remoteFeatureSource=<null>,style=<null>,type=0]]
	MaxFeatures = null
	Palette = null
	RawKvp = {REQUEST=GetMap, FORMAT=image/png, _T=undefined, SRS=EPSG:3857, BBOX=10958012.37496287,1604566.0977624203,10997148.13344488,1643701.8562444302, VERSION=1.1.1, STYLES=, SERVICE=WMS, WIDTH=256, HEIGHT=256, TRANSPARENT=true, LAYERS=ws_30cad3c4:vec_s2s_vec_sentinel_gee_5a893440}
	RemoteOwsType = null
	RemoteOwsURL = null
	Request = GetMap
	RequestCharset = UTF-8
	ScaleMethod = null
	Sld = null
	SldBody = null
	SldVersion = null
	SortBy = null
	SortByArrays = null
	SRS = EPSG:3857
	StartIndex = null
	StyleBody = null
	StyleFormat = sld
	Styles = [StyleImpl[ name=style_vec_s2s_vec_sentinel_gee_5a893440]]
	StyleUrl = null
	StyleVersion = null
	Tiled = false
	TilesOrigin = null
	Time = []
	Transparent = true
	ValidateSchema = false
	Version = 1.1.1
	ViewParams = null
	Width = 256
23 Sep 08:57:03 INFO   [geoserver.flow] - Request [WMS 1.1.1 GetMap] starting, processing through flow controllers
23 Sep 08:57:03 INFO   [geoserver.wms] - 
Request: getServiceInfo
23 Sep 08:57:03 INFO   [geoserver.wms] - 
Request: getMap
	Angle = 0.0
	BaseUrl = http://localhost:8080/geoserver/
	Bbox = SRSEnvelope[1.095801237496287E7 : 1.099714813344488E7, 1487158.8223163905 : 1526294.580798401]
	BgColor = java.awt.Color[r=255,g=255,b=255]
	Buffer = 0
	Clip = null
	CQLFilter = null
	Crs = PROJCS["WGS 84 / Pseudo-Mercator", 
  GEOGCS["WGS 84", 
    DATUM["World Geodetic System 1984", 
      SPHEROID["WGS 84", 6378137.0, 298.257223563, AUTHORITY["EPSG","7030"]], 
      AUTHORITY["EPSG","6326"]], 
    PRIMEM["Greenwich", 0.0, AUTHORITY["EPSG","8901"]], 
    UNIT["degree", 0.017453292519943295], 
    AXIS["Geodetic longitude", EAST], 
    AXIS["Geodetic latitude", NORTH], 
    AUTHORITY["EPSG","4326"]], 
  PROJECTION["Popular Visualisation Pseudo Mercator", AUTHORITY["EPSG","1024"]], 
  PARAMETER["semi_minor", 6378137.0], 
  PARAMETER["latitude_of_origin", 0.0], 
  PARAMETER["central_meridian", 0.0], 
  PARAMETER["scale_factor", 1.0], 
  PARAMETER["false_easting", 0.0], 
  PARAMETER["false_northing", 0.0], 
  UNIT["m", 1.0], 
  AXIS["Easting", EAST], 
  AXIS["Northing", NORTH], 
  AUTHORITY["EPSG","3857"]]
	Elevation = []
	Env = {}
	Exceptions = SE_XML
	FeatureId = null
	FeatureVersion = null
	Filter = null
	Format = image/png
	FormatOptions = {}
	Get = true
	Height = 256
	Interpolations = []
	Layers = [org.geoserver.wms.MapLayerInfo@54896250[description=<null>,label=Sentinel GEE,layerFeatureConstraints=<null>,layerGroupMetadata={},layerInfo=SecuredLayerInfo[LayerInfoImpl[vec_s2s_vec_sentinel_gee_5a893440, resource:FeatureTypeInfoImpl[vec_s2s_vec_sentinel_gee_5a893440]]],name=vec_s2s_vec_sentinel_gee_5a893440,remoteFeatureSource=<null>,style=<null>,type=0]]
	MaxFeatures = null
	Palette = null
	RawKvp = {REQUEST=GetMap, FORMAT=image/png, _T=undefined, SRS=EPSG:3857, BBOX=10958012.37496287,1487158.8223163905,10997148.13344488,1526294.580798401, VERSION=1.1.1, STYLES=, SERVICE=WMS, WIDTH=256, HEIGHT=256, TRANSPARENT=true, LAYERS=ws_30cad3c4:vec_s2s_vec_sentinel_gee_5a893440}
	RemoteOwsType = null
	RemoteOwsURL = null
	Request = GetMap
	RequestCharset = UTF-8
	ScaleMethod = null
	Sld = null
	SldBody = null
	SldVersion = null
	SortBy = null
	SortByArrays = null
	SRS = EPSG:3857
	StartIndex = null
	StyleBody = null
	StyleFormat = sld
	Styles = [StyleImpl[ name=style_vec_s2s_vec_sentinel_gee_5a893440]]
	StyleUrl = null
	StyleVersion = null
	Tiled = false
	TilesOrigin = null
	Time = []
	Transparent = true
	ValidateSchema = false
	Version = 1.1.1
	ViewParams = null
	Width = 256
23 Sep 08:57:03 INFO   [geoserver.flow] - Request control-flow performed, running requests: 5, blocked requests: 0
23 Sep 08:57:03 INFO   [geoserver.wms] - 
Request: getMap
	Angle = 0.0
	BaseUrl = http://localhost:8080/geoserver/
	Bbox = SRSEnvelope[1.127109844281895E7 : 1.131023420130096E7, 1604566.0977624203 : 1643701.8562444302]
	BgColor = java.awt.Color[r=255,g=255,b=255]
	Buffer = 0
	Clip = null
	CQLFilter = null
	Crs = PROJCS["WGS 84 / Pseudo-Mercator", 
  GEOGCS["WGS 84", 
    DATUM["World Geodetic System 1984", 
      SPHEROID["WGS 84", 6378137.0, 298.257223563, AUTHORITY["EPSG","7030"]], 
      AUTHORITY["EPSG","6326"]], 
    PRIMEM["Greenwich", 0.0, AUTHORITY["EPSG","8901"]], 
    UNIT["degree", 0.017453292519943295], 
    AXIS["Geodetic longitude", EAST], 
    AXIS["Geodetic latitude", NORTH], 
    AUTHORITY["EPSG","4326"]], 
  PROJECTION["Popular Visualisation Pseudo Mercator", AUTHORITY["EPSG","1024"]], 
  PARAMETER["semi_minor", 6378137.0], 
  PARAMETER["latitude_of_origin", 0.0], 
  PARAMETER["central_meridian", 0.0], 
  PARAMETER["scale_factor", 1.0], 
  PARAMETER["false_easting", 0.0], 
  PARAMETER["false_northing", 0.0], 
  UNIT["m", 1.0], 
  AXIS["Easting", EAST], 
  AXIS["Northing", NORTH], 
  AUTHORITY["EPSG","3857"]]
	Elevation = []
	Env = {}
	Exceptions = SE_XML
	FeatureId = null
	FeatureVersion = null
	Filter = null
	Format = image/png
	FormatOptions = {}
	Get = true
	Height = 256
	Interpolations = []
	Layers = [org.geoserver.wms.MapLayerInfo@133edbe7[description=<null>,label=Sentinel GEE,layerFeatureConstraints=<null>,layerGroupMetadata={},layerInfo=SecuredLayerInfo[LayerInfoImpl[vec_s2s_vec_sentinel_gee_5a893440, resource:FeatureTypeInfoImpl[vec_s2s_vec_sentinel_gee_5a893440]]],name=vec_s2s_vec_sentinel_gee_5a893440,remoteFeatureSource=<null>,style=<null>,type=0]]
	MaxFeatures = null
	Palette = null
	RawKvp = {REQUEST=GetMap, FORMAT=image/png, _T=undefined, SRS=EPSG:3857, BBOX=11271098.44281895,1604566.0977624203,11310234.20130096,1643701.8562444302, VERSION=1.1.1, STYLES=, SERVICE=WMS, WIDTH=256, HEIGHT=256, TRANSPARENT=true, LAYERS=ws_30cad3c4:vec_s2s_vec_sentinel_gee_5a893440}
	RemoteOwsType = null
	RemoteOwsURL = null
	Request = GetMap
	RequestCharset = UTF-8
	ScaleMethod = null
	Sld = null
	SldBody = null
	SldVersion = null
	SortBy = null
	SortByArrays = null
	SRS = EPSG:3857
	StartIndex = null
	StyleBody = null
	StyleFormat = sld
	Styles = [StyleImpl[ name=style_vec_s2s_vec_sentinel_gee_5a893440]]
	StyleUrl = null
	StyleVersion = null
	Tiled = false
	TilesOrigin = null
	Time = []
	Transparent = true
	ValidateSchema = false
	Version = 1.1.1
	ViewParams = null
	Width = 256
23 Sep 08:57:03 INFO   [geoserver.flow] - releasing flow controllers for [WMS 1.1.1 GetMap]
23 Sep 08:57:03 INFO   [geoserver.flow] - Request completed, running requests: 4, blocked requests: 1
23 Sep 08:57:03 INFO   [geoserver.flow] - releasing flow controllers for [WMS 1.1.1 GetMap]
23 Sep 08:57:03 INFO   [geoserver.flow] - Request [WMS 1.1.1 GetMap] starting, processing through flow controllers
23 Sep 08:57:03 INFO   [geoserver.flow] - Request completed, running requests: 3, blocked requests: 1
23 Sep 08:57:03 INFO   [geoserver.wms] - 
Request: getMap
	Angle = 0.0
	BaseUrl = http://localhost:8080/geoserver/
	Bbox = SRSEnvelope[1.095801237496287E7 : 1.099714813344488E7, 1526294.580798401 : 1565430.33928041]
	BgColor = java.awt.Color[r=255,g=255,b=255]
	Buffer = 0
	Clip = null
	CQLFilter = null
	Crs = PROJCS["WGS 84 / Pseudo-Mercator", 
  GEOGCS["WGS 84", 
    DATUM["World Geodetic System 1984", 
      SPHEROID["WGS 84", 6378137.0, 298.257223563, AUTHORITY["EPSG","7030"]], 
      AUTHORITY["EPSG","6326"]], 
    PRIMEM["Greenwich", 0.0, AUTHORITY["EPSG","8901"]], 
    UNIT["degree", 0.017453292519943295], 
    AXIS["Geodetic longitude", EAST], 
    AXIS["Geodetic latitude", NORTH], 
    AUTHORITY["EPSG","4326"]], 
  PROJECTION["Popular Visualisation Pseudo Mercator", AUTHORITY["EPSG","1024"]], 
  PARAMETER["semi_minor", 6378137.0], 
  PARAMETER["latitude_of_origin", 0.0], 
  PARAMETER["central_meridian", 0.0], 
  PARAMETER["scale_factor", 1.0], 
  PARAMETER["false_easting", 0.0], 
  PARAMETER["false_northing", 0.0], 
  UNIT["m", 1.0], 
  AXIS["Easting", EAST], 
  AXIS["Northing", NORTH], 
  AUTHORITY["EPSG","3857"]]
	Elevation = []
	Env = {}
	Exceptions = SE_XML
	FeatureId = null
	FeatureVersion = null
	Filter = null
	Format = image/png
	FormatOptions = {}
	Get = true
	Height = 256
	Interpolations = []
	Layers = [org.geoserver.wms.MapLayerInfo@678d3c23[description=<null>,label=sdfgdg,layerFeatureConstraints=<null>,layerGroupMetadata={},layerInfo=SecuredLayerInfo[LayerInfoImpl[vec_s2s_vec_sdfgdg_c7de7962, resource:FeatureTypeInfoImpl[vec_s2s_vec_sdfgdg_c7de7962]]],name=vec_s2s_vec_sdfgdg_c7de7962,remoteFeatureSource=<null>,style=<null>,type=0]]
	MaxFeatures = null
	Palette = null
	RawKvp = {REQUEST=GetMap, FORMAT=image/png, _T=undefined, SRS=EPSG:3857, BBOX=10958012.37496287,1526294.580798401,10997148.13344488,1565430.33928041, VERSION=1.1.1, STYLES=, SERVICE=WMS, WIDTH=256, HEIGHT=256, TRANSPARENT=true, LAYERS=ws_30cad3c4:vec_s2s_vec_sdfgdg_c7de7962}
	RemoteOwsType = null
	RemoteOwsURL = null
	Request = GetMap
	RequestCharset = UTF-8
	ScaleMethod = null
	Sld = null
	SldBody = null
	SldVersion = null
	SortBy = null
	SortByArrays = null
	SRS = EPSG:3857
	StartIndex = null
	StyleBody = null
	StyleFormat = sld
	Styles = [StyleImpl[ name=style_vec_s2s_vec_sdfgdg_c7de7962]]
	StyleUrl = null
	StyleVersion = null
	Tiled = false
	TilesOrigin = null
	Time = []
	Transparent = true
	ValidateSchema = false
	Version = 1.1.1
	ViewParams = null
	Width = 256
23 Sep 08:57:03 INFO   [geoserver.flow] - Request control-flow performed, running requests: 3, blocked requests: 0
23 Sep 08:57:03 INFO   [geoserver.wms] - 
Request: getServiceInfo
23 Sep 08:57:03 INFO   [geoserver.wms] - 
Request: getMap
	Angle = 0.0
	BaseUrl = http://localhost:8080/geoserver/
	Bbox = SRSEnvelope[1.127109844281895E7 : 1.131023420130096E7, 1526294.580798401 : 1565430.33928041]
	BgColor = java.awt.Color[r=255,g=255,b=255]
	Buffer = 0
	Clip = null
	CQLFilter = null
	Crs = PROJCS["WGS 84 / Pseudo-Mercator", 
  GEOGCS["WGS 84", 
    DATUM["World Geodetic System 1984", 
      SPHEROID["WGS 84", 6378137.0, 298.257223563, AUTHORITY["EPSG","7030"]], 
      AUTHORITY["EPSG","6326"]], 
    PRIMEM["Greenwich", 0.0, AUTHORITY["EPSG","8901"]], 
    UNIT["degree", 0.017453292519943295], 
    AXIS["Geodetic longitude", EAST], 
    AXIS["Geodetic latitude", NORTH], 
    AUTHORITY["EPSG","4326"]], 
  PROJECTION["Popular Visualisation Pseudo Mercator", AUTHORITY["EPSG","1024"]], 
  PARAMETER["semi_minor", 6378137.0], 
  PARAMETER["latitude_of_origin", 0.0], 
  PARAMETER["central_meridian", 0.0], 
  PARAMETER["scale_factor", 1.0], 
  PARAMETER["false_easting", 0.0], 
  PARAMETER["false_northing", 0.0], 
  UNIT["m", 1.0], 
  AXIS["Easting", EAST], 
  AXIS["Northing", NORTH], 
  AUTHORITY["EPSG","3857"]]
	Elevation = []
	Env = {}
	Exceptions = SE_XML
	FeatureId = null
	FeatureVersion = null
	Filter = null
	Format = image/png
	FormatOptions = {}
	Get = true
	Height = 256
	Interpolations = []
	Layers = [org.geoserver.wms.MapLayerInfo@47078159[description=<null>,label=sdfgdg,layerFeatureConstraints=<null>,layerGroupMetadata={},layerInfo=SecuredLayerInfo[LayerInfoImpl[vec_s2s_vec_sdfgdg_c7de7962, resource:FeatureTypeInfoImpl[vec_s2s_vec_sdfgdg_c7de7962]]],name=vec_s2s_vec_sdfgdg_c7de7962,remoteFeatureSource=<null>,style=<null>,type=0]]
	MaxFeatures = null
	Palette = null
	RawKvp = {REQUEST=GetMap, FORMAT=image/png, _T=undefined, SRS=EPSG:3857, BBOX=11271098.44281895,1526294.580798401,11310234.20130096,1565430.33928041, VERSION=1.1.1, STYLES=, SERVICE=WMS, WIDTH=256, HEIGHT=256, TRANSPARENT=true, LAYERS=ws_30cad3c4:vec_s2s_vec_sdfgdg_c7de7962}
	RemoteOwsType = null
	RemoteOwsURL = null
	Request = GetMap
	RequestCharset = UTF-8
	ScaleMethod = null
	Sld = null
	SldBody = null
	SldVersion = null
	SortBy = null
	SortByArrays = null
	SRS = EPSG:3857
	StartIndex = null
	StyleBody = null
	StyleFormat = sld
	Styles = [StyleImpl[ name=style_vec_s2s_vec_sdfgdg_c7de7962]]
	StyleUrl = null
	StyleVersion = null
	Tiled = false
	TilesOrigin = null
	Time = []
	Transparent = true
	ValidateSchema = false
	Version = 1.1.1
	ViewParams = null
	Width = 256
23 Sep 08:57:03 INFO   [geoserver.flow] - releasing flow controllers for [WMS 1.1.1 GetMap]
23 Sep 08:57:03 INFO   [geoserver.flow] - Request [WMS 1.1.1 GetMap] starting, processing through flow controllers
23 Sep 08:57:03 INFO   [geoserver.flow] - Request control-flow performed, running requests: 4, blocked requests: 0
23 Sep 08:57:03 INFO   [geoserver.wms] - 
Request: getServiceInfo
23 Sep 08:57:03 INFO   [geoserver.flow] - Request [WMS 1.1.1 GetMap] starting, processing through flow controllers
23 Sep 08:57:03 INFO   [geoserver.flow] - Request control-flow performed, running requests: 5, blocked requests: 0
23 Sep 08:57:03 INFO   [geoserver.wms] - 
Request: getMap
	Angle = 0.0
	BaseUrl = http://localhost:8080/geoserver/
	Bbox = SRSEnvelope[1.127109844281895E7 : 1.131023420130096E7, 1487158.8223163905 : 1526294.580798401]
	BgColor = java.awt.Color[r=255,g=255,b=255]
	Buffer = 0
	Clip = null
	CQLFilter = null
	Crs = PROJCS["WGS 84 / Pseudo-Mercator", 
  GEOGCS["WGS 84", 
    DATUM["World Geodetic System 1984", 
      SPHEROID["WGS 84", 6378137.0, 298.257223563, AUTHORITY["EPSG","7030"]], 
      AUTHORITY["EPSG","6326"]], 
    PRIMEM["Greenwich", 0.0, AUTHORITY["EPSG","8901"]], 
    UNIT["degree", 0.017453292519943295], 
    AXIS["Geodetic longitude", EAST], 
    AXIS["Geodetic latitude", NORTH], 
    AUTHORITY["EPSG","4326"]], 
  PROJECTION["Popular Visualisation Pseudo Mercator", AUTHORITY["EPSG","1024"]], 
  PARAMETER["semi_minor", 6378137.0], 
  PARAMETER["latitude_of_origin", 0.0], 
  PARAMETER["central_meridian", 0.0], 
  PARAMETER["scale_factor", 1.0], 
  PARAMETER["false_easting", 0.0], 
  PARAMETER["false_northing", 0.0], 
  UNIT["m", 1.0], 
  AXIS["Easting", EAST], 
  AXIS["Northing", NORTH], 
  AUTHORITY["EPSG","3857"]]
	Elevation = []
	Env = {}
	Exceptions = SE_XML
	FeatureId = null
	FeatureVersion = null
	Filter = null
	Format = image/png
	FormatOptions = {}
	Get = true
	Height = 256
	Interpolations = []
	Layers = [org.geoserver.wms.MapLayerInfo@19821fe7[description=<null>,label=Sentinel GEE,layerFeatureConstraints=<null>,layerGroupMetadata={},layerInfo=SecuredLayerInfo[LayerInfoImpl[vec_s2s_vec_sentinel_gee_5a893440, resource:FeatureTypeInfoImpl[vec_s2s_vec_sentinel_gee_5a893440]]],name=vec_s2s_vec_sentinel_gee_5a893440,remoteFeatureSource=<null>,style=<null>,type=0]]
	MaxFeatures = null
	Palette = null
	RawKvp = {REQUEST=GetMap, FORMAT=image/png, _T=undefined, SRS=EPSG:3857, BBOX=11271098.44281895,1487158.8223163905,11310234.20130096,1526294.580798401, VERSION=1.1.1, STYLES=, SERVICE=WMS, WIDTH=256, HEIGHT=256, TRANSPARENT=true, LAYERS=ws_30cad3c4:vec_s2s_vec_sentinel_gee_5a893440}
	RemoteOwsType = null
	RemoteOwsURL = null
	Request = GetMap
	RequestCharset = UTF-8
	ScaleMethod = null
	Sld = null
	SldBody = null
	SldVersion = null
	SortBy = null
	SortByArrays = null
	SRS = EPSG:3857
	StartIndex = null
	StyleBody = null
	StyleFormat = sld
	Styles = [StyleImpl[ name=style_vec_s2s_vec_sentinel_gee_5a893440]]
	StyleUrl = null
	StyleVersion = null
	Tiled = false
	TilesOrigin = null
	Time = []
	Transparent = true
	ValidateSchema = false
	Version = 1.1.1
	ViewParams = null
	Width = 256
23 Sep 08:57:03 INFO   [geoserver.flow] - Request completed, running requests: 5, blocked requests: 0
23 Sep 08:57:03 INFO   [geoserver.wms] - 
Request: getMap
	Angle = 0.0
	BaseUrl = http://localhost:8080/geoserver/
	Bbox = SRSEnvelope[1.095801237496287E7 : 1.099714813344488E7, 1604566.0977624203 : 1643701.8562444302]
	BgColor = java.awt.Color[r=255,g=255,b=255]
	Buffer = 0
	Clip = null
	CQLFilter = null
	Crs = PROJCS["WGS 84 / Pseudo-Mercator", 
  GEOGCS["WGS 84", 
    DATUM["World Geodetic System 1984", 
      SPHEROID["WGS 84", 6378137.0, 298.257223563, AUTHORITY["EPSG","7030"]], 
      AUTHORITY["EPSG","6326"]], 
    PRIMEM["Greenwich", 0.0, AUTHORITY["EPSG","8901"]], 
    UNIT["degree", 0.017453292519943295], 
    AXIS["Geodetic longitude", EAST], 
    AXIS["Geodetic latitude", NORTH], 
    AUTHORITY["EPSG","4326"]], 
  PROJECTION["Popular Visualisation Pseudo Mercator", AUTHORITY["EPSG","1024"]], 
  PARAMETER["semi_minor", 6378137.0], 
  PARAMETER["latitude_of_origin", 0.0], 
  PARAMETER["central_meridian", 0.0], 
  PARAMETER["scale_factor", 1.0], 
  PARAMETER["false_easting", 0.0], 
  PARAMETER["false_northing", 0.0], 
  UNIT["m", 1.0], 
  AXIS["Easting", EAST], 
  AXIS["Northing", NORTH], 
  AUTHORITY["EPSG","3857"]]
	Elevation = []
	Env = {}
	Exceptions = SE_XML
	FeatureId = null
	FeatureVersion = null
	Filter = null
	Format = image/png
	FormatOptions = {}
	Get = true
	Height = 256
	Interpolations = []
	Layers = [org.geoserver.wms.MapLayerInfo@1b6a7af6[description=<null>,label=sdfgdg,layerFeatureConstraints=<null>,layerGroupMetadata={},layerInfo=SecuredLayerInfo[LayerInfoImpl[vec_s2s_vec_sdfgdg_c7de7962, resource:FeatureTypeInfoImpl[vec_s2s_vec_sdfgdg_c7de7962]]],name=vec_s2s_vec_sdfgdg_c7de7962,remoteFeatureSource=<null>,style=<null>,type=0]]
	MaxFeatures = null
	Palette = null
	RawKvp = {REQUEST=GetMap, FORMAT=image/png, _T=undefined, SRS=EPSG:3857, BBOX=10958012.37496287,1604566.0977624203,10997148.13344488,1643701.8562444302, VERSION=1.1.1, STYLES=, SERVICE=WMS, WIDTH=256, HEIGHT=256, TRANSPARENT=true, LAYERS=ws_30cad3c4:vec_s2s_vec_sdfgdg_c7de7962}
	RemoteOwsType = null
	RemoteOwsURL = null
	Request = GetMap
	RequestCharset = UTF-8
	ScaleMethod = null
	Sld = null
	SldBody = null
	SldVersion = null
	SortBy = null
	SortByArrays = null
	SRS = EPSG:3857
	StartIndex = null
	StyleBody = null
	StyleFormat = sld
	Styles = [StyleImpl[ name=style_vec_s2s_vec_sdfgdg_c7de7962]]
	StyleUrl = null
	StyleVersion = null
	Tiled = false
	TilesOrigin = null
	Time = []
	Transparent = true
	ValidateSchema = false
	Version = 1.1.1
	ViewParams = null
	Width = 256
23 Sep 08:57:03 INFO   [geoserver.flow] - releasing flow controllers for [WMS 1.1.1 GetMap]
23 Sep 08:57:03 INFO   [geoserver.flow] - Request completed, running requests: 4, blocked requests: 0
23 Sep 08:57:03 INFO   [geoserver.flow] - releasing flow controllers for [WMS 1.1.1 GetMap]
23 Sep 08:57:03 INFO   [geoserver.flow] - Request completed, running requests: 3, blocked requests: 0
23 Sep 08:57:03 INFO   [geoserver.wms] - 
Request: getMap
	Angle = 0.0
	BaseUrl = http://localhost:8080/geoserver/
	Bbox = SRSEnvelope[1.127109844281895E7 : 1.131023420130096E7, 1604566.0977624203 : 1643701.8562444302]
	BgColor = java.awt.Color[r=255,g=255,b=255]
	Buffer = 0
	Clip = null
	CQLFilter = null
	Crs = PROJCS["WGS 84 / Pseudo-Mercator", 
  GEOGCS["WGS 84", 
    DATUM["World Geodetic System 1984", 
      SPHEROID["WGS 84", 6378137.0, 298.257223563, AUTHORITY["EPSG","7030"]], 
      AUTHORITY["EPSG","6326"]], 
    PRIMEM["Greenwich", 0.0, AUTHORITY["EPSG","8901"]], 
    UNIT["degree", 0.017453292519943295], 
    AXIS["Geodetic longitude", EAST], 
    AXIS["Geodetic latitude", NORTH], 
    AUTHORITY["EPSG","4326"]], 
  PROJECTION["Popular Visualisation Pseudo Mercator", AUTHORITY["EPSG","1024"]], 
  PARAMETER["semi_minor", 6378137.0], 
  PARAMETER["latitude_of_origin", 0.0], 
  PARAMETER["central_meridian", 0.0], 
  PARAMETER["scale_factor", 1.0], 
  PARAMETER["false_easting", 0.0], 
  PARAMETER["false_northing", 0.0], 
  UNIT["m", 1.0], 
  AXIS["Easting", EAST], 
  AXIS["Northing", NORTH], 
  AUTHORITY["EPSG","3857"]]
	Elevation = []
	Env = {}
	Exceptions = SE_XML
	FeatureId = null
	FeatureVersion = null
	Filter = null
	Format = image/png
	FormatOptions = {}
	Get = true
	Height = 256
	Interpolations = []
	Layers = [org.geoserver.wms.MapLayerInfo@2fca54b9[description=<null>,label=sdfgdg,layerFeatureConstraints=<null>,layerGroupMetadata={},layerInfo=SecuredLayerInfo[LayerInfoImpl[vec_s2s_vec_sdfgdg_c7de7962, resource:FeatureTypeInfoImpl[vec_s2s_vec_sdfgdg_c7de7962]]],name=vec_s2s_vec_sdfgdg_c7de7962,remoteFeatureSource=<null>,style=<null>,type=0]]
	MaxFeatures = null
	Palette = null
	RawKvp = {REQUEST=GetMap, FORMAT=image/png, _T=undefined, SRS=EPSG:3857, BBOX=11271098.44281895,1604566.0977624203,11310234.20130096,1643701.8562444302, VERSION=1.1.1, STYLES=, SERVICE=WMS, WIDTH=256, HEIGHT=256, TRANSPARENT=true, LAYERS=ws_30cad3c4:vec_s2s_vec_sdfgdg_c7de7962}
	RemoteOwsType = null
	RemoteOwsURL = null
	Request = GetMap
	RequestCharset = UTF-8
	ScaleMethod = null
	Sld = null
	SldBody = null
	SldVersion = null
	SortBy = null
	SortByArrays = null
	SRS = EPSG:3857
	StartIndex = null
	StyleBody = null
	StyleFormat = sld
	Styles = [StyleImpl[ name=style_vec_s2s_vec_sdfgdg_c7de7962]]
	StyleUrl = null
	StyleVersion = null
	Tiled = false
	TilesOrigin = null
	Time = []
	Transparent = true
	ValidateSchema = false
	Version = 1.1.1
	ViewParams = null
	Width = 256
23 Sep 08:57:03 INFO   [geoserver.wms] - 
Request: getServiceInfo
23 Sep 08:57:03 INFO   [geoserver.flow] - Request [WMS 1.1.1 GetMap] starting, processing through flow controllers
23 Sep 08:57:03 INFO   [geoserver.flow] - Request control-flow performed, running requests: 4, blocked requests: 0
23 Sep 08:57:03 INFO   [geoserver.flow] - releasing flow controllers for [WMS 1.1.1 GetMap]
23 Sep 08:57:03 INFO   [geoserver.flow] - Request completed, running requests: 3, blocked requests: 0
23 Sep 08:57:03 INFO   [geoserver.wms] - 
Request: getMap
	Angle = 0.0
	BaseUrl = http://localhost:8080/geoserver/
	Bbox = SRSEnvelope[1.095801237496287E7 : 1.099714813344488E7, 1487158.8223163905 : 1526294.580798401]
	BgColor = java.awt.Color[r=255,g=255,b=255]
	Buffer = 0
	Clip = null
	CQLFilter = null
	Crs = PROJCS["WGS 84 / Pseudo-Mercator", 
  GEOGCS["WGS 84", 
    DATUM["World Geodetic System 1984", 
      SPHEROID["WGS 84", 6378137.0, 298.257223563, AUTHORITY["EPSG","7030"]], 
      AUTHORITY["EPSG","6326"]], 
    PRIMEM["Greenwich", 0.0, AUTHORITY["EPSG","8901"]], 
    UNIT["degree", 0.017453292519943295], 
    AXIS["Geodetic longitude", EAST], 
    AXIS["Geodetic latitude", NORTH], 
    AUTHORITY["EPSG","4326"]], 
  PROJECTION["Popular Visualisation Pseudo Mercator", AUTHORITY["EPSG","1024"]], 
  PARAMETER["semi_minor", 6378137.0], 
  PARAMETER["latitude_of_origin", 0.0], 
  PARAMETER["central_meridian", 0.0], 
  PARAMETER["scale_factor", 1.0], 
  PARAMETER["false_easting", 0.0], 
  PARAMETER["false_northing", 0.0], 
  UNIT["m", 1.0], 
  AXIS["Easting", EAST], 
  AXIS["Northing", NORTH], 
  AUTHORITY["EPSG","3857"]]
	Elevation = []
	Env = {}
	Exceptions = SE_XML
	FeatureId = null
	FeatureVersion = null
	Filter = null
	Format = image/png
	FormatOptions = {}
	Get = true
	Height = 256
	Interpolations = []
	Layers = [org.geoserver.wms.MapLayerInfo@7d92842d[description=<null>,label=sdfgdg,layerFeatureConstraints=<null>,layerGroupMetadata={},layerInfo=SecuredLayerInfo[LayerInfoImpl[vec_s2s_vec_sdfgdg_c7de7962, resource:FeatureTypeInfoImpl[vec_s2s_vec_sdfgdg_c7de7962]]],name=vec_s2s_vec_sdfgdg_c7de7962,remoteFeatureSource=<null>,style=<null>,type=0]]
	MaxFeatures = null
	Palette = null
	RawKvp = {REQUEST=GetMap, FORMAT=image/png, _T=undefined, SRS=EPSG:3857, BBOX=10958012.37496287,1487158.8223163905,10997148.13344488,1526294.580798401, VERSION=1.1.1, STYLES=, SERVICE=WMS, WIDTH=256, HEIGHT=256, TRANSPARENT=true, LAYERS=ws_30cad3c4:vec_s2s_vec_sdfgdg_c7de7962}
	RemoteOwsType = null
	RemoteOwsURL = null
	Request = GetMap
	RequestCharset = UTF-8
	ScaleMethod = null
	Sld = null
	SldBody = null
	SldVersion = null
	SortBy = null
	SortByArrays = null
	SRS = EPSG:3857
	StartIndex = null
	StyleBody = null
	StyleFormat = sld
	Styles = [StyleImpl[ name=style_vec_s2s_vec_sdfgdg_c7de7962]]
	StyleUrl = null
	StyleVersion = null
	Tiled = false
	TilesOrigin = null
	Time = []
	Transparent = true
	ValidateSchema = false
	Version = 1.1.1
	ViewParams = null
	Width = 256
23 Sep 08:57:03 INFO   [geoserver.flow] - releasing flow controllers for [WMS 1.1.1 GetMap]
23 Sep 08:57:03 INFO   [geoserver.flow] - releasing flow controllers for [WMS 1.1.1 GetMap]
23 Sep 08:57:03 INFO   [geoserver.wms] - 
Request: getServiceInfo
23 Sep 08:57:03 INFO   [geoserver.flow] - releasing flow controllers for [WMS 1.1.1 GetMap]
23 Sep 08:57:03 INFO   [geoserver.wms] - 
Request: getServiceInfo
23 Sep 08:57:03 INFO   [geoserver.flow] - Request completed, running requests: 0, blocked requests: 0
23 Sep 08:57:03 INFO   [geoserver.flow] - Request [WMS 1.1.1 GetMap] starting, processing through flow controllers
23 Sep 08:57:03 INFO   [geoserver.flow] - Request [WMS 1.1.1 GetMap] starting, processing through flow controllers
23 Sep 08:57:03 INFO   [geoserver.flow] - Request completed, running requests: 0, blocked requests: 0
23 Sep 08:57:03 INFO   [geoserver.flow] - Request completed, running requests: 0, blocked requests: 1
23 Sep 08:57:03 INFO   [geoserver.flow] - Request control-flow performed, running requests: 1, blocked requests: 1
23 Sep 08:57:03 INFO   [geoserver.flow] - Request control-flow performed, running requests: 2, blocked requests: 0
23 Sep 08:57:03 INFO   [geoserver.wms] - 
Request: getMap
	Angle = 0.0
	BaseUrl = http://localhost:8080/geoserver/
	Bbox = SRSEnvelope[1.127109844281895E7 : 1.131023420130096E7, 1487158.8223163905 : 1526294.580798401]
	BgColor = java.awt.Color[r=255,g=255,b=255]
	Buffer = 0
	Clip = null
	CQLFilter = null
	Crs = PROJCS["WGS 84 / Pseudo-Mercator", 
  GEOGCS["WGS 84", 
    DATUM["World Geodetic System 1984", 
      SPHEROID["WGS 84", 6378137.0, 298.257223563, AUTHORITY["EPSG","7030"]], 
      AUTHORITY["EPSG","6326"]], 
    PRIMEM["Greenwich", 0.0, AUTHORITY["EPSG","8901"]], 
    UNIT["degree", 0.017453292519943295], 
    AXIS["Geodetic longitude", EAST], 
    AXIS["Geodetic latitude", NORTH], 
    AUTHORITY["EPSG","4326"]], 
  PROJECTION["Popular Visualisation Pseudo Mercator", AUTHORITY["EPSG","1024"]], 
  PARAMETER["semi_minor", 6378137.0], 
  PARAMETER["latitude_of_origin", 0.0], 
  PARAMETER["central_meridian", 0.0], 
  PARAMETER["scale_factor", 1.0], 
  PARAMETER["false_easting", 0.0], 
  PARAMETER["false_northing", 0.0], 
  UNIT["m", 1.0], 
  AXIS["Easting", EAST], 
  AXIS["Northing", NORTH], 
  AUTHORITY["EPSG","3857"]]
	Elevation = []
	Env = {}
	Exceptions = SE_XML
	FeatureId = null
	FeatureVersion = null
	Filter = null
	Format = image/png
	FormatOptions = {}
	Get = true
	Height = 256
	Interpolations = []
	Layers = [org.geoserver.wms.MapLayerInfo@73cb039f[description=<null>,label=sdfgdg,layerFeatureConstraints=<null>,layerGroupMetadata={},layerInfo=SecuredLayerInfo[LayerInfoImpl[vec_s2s_vec_sdfgdg_c7de7962, resource:FeatureTypeInfoImpl[vec_s2s_vec_sdfgdg_c7de7962]]],name=vec_s2s_vec_sdfgdg_c7de7962,remoteFeatureSource=<null>,style=<null>,type=0]]
	MaxFeatures = null
	Palette = null
	RawKvp = {REQUEST=GetMap, FORMAT=image/png, _T=undefined, SRS=EPSG:3857, BBOX=11271098.44281895,1487158.8223163905,11310234.20130096,1526294.580798401, VERSION=1.1.1, STYLES=, SERVICE=WMS, WIDTH=256, HEIGHT=256, TRANSPARENT=true, LAYERS=ws_30cad3c4:vec_s2s_vec_sdfgdg_c7de7962}
	RemoteOwsType = null
	RemoteOwsURL = null
	Request = GetMap
	RequestCharset = UTF-8
	ScaleMethod = null
	Sld = null
	SldBody = null
	SldVersion = null
	SortBy = null
	SortByArrays = null
	SRS = EPSG:3857
	StartIndex = null
	StyleBody = null
	StyleFormat = sld
	Styles = [StyleImpl[ name=style_vec_s2s_vec_sdfgdg_c7de7962]]
	StyleUrl = null
	StyleVersion = null
	Tiled = false
	TilesOrigin = null
	Time = []
	Transparent = true
	ValidateSchema = false
	Version = 1.1.1
	ViewParams = null
	Width = 256
23 Sep 08:57:03 INFO   [geoserver.wms] - 
Request: getMap
	Angle = 0.0
	BaseUrl = http://localhost:8080/geoserver/
	Bbox = SRSEnvelope[1.095801237496287E7 : 1.099714813344488E7, 1487158.8223163905 : 1526294.580798401]
	BgColor = java.awt.Color[r=255,g=255,b=255]
	Buffer = 0
	Clip = null
	CQLFilter = null
	Crs = PROJCS["WGS 84 / Pseudo-Mercator", 
  GEOGCS["WGS 84", 
    DATUM["World Geodetic System 1984", 
      SPHEROID["WGS 84", 6378137.0, 298.257223563, AUTHORITY["EPSG","7030"]], 
      AUTHORITY["EPSG","6326"]], 
    PRIMEM["Greenwich", 0.0, AUTHORITY["EPSG","8901"]], 
    UNIT["degree", 0.017453292519943295], 
    AXIS["Geodetic longitude", EAST], 
    AXIS["Geodetic latitude", NORTH], 
    AUTHORITY["EPSG","4326"]], 
  PROJECTION["Popular Visualisation Pseudo Mercator", AUTHORITY["EPSG","1024"]], 
  PARAMETER["semi_minor", 6378137.0], 
  PARAMETER["latitude_of_origin", 0.0], 
  PARAMETER["central_meridian", 0.0], 
  PARAMETER["scale_factor", 1.0], 
  PARAMETER["false_easting", 0.0], 
  PARAMETER["false_northing", 0.0], 
  UNIT["m", 1.0], 
  AXIS["Easting", EAST], 
  AXIS["Northing", NORTH], 
  AUTHORITY["EPSG","3857"]]
	Elevation = []
	Env = {}
	Exceptions = SE_XML
	FeatureId = null
	FeatureVersion = null
	Filter = null
	Format = image/png
	FormatOptions = {}
	Get = true
	Height = 256
	Interpolations = []
	Layers = [org.geoserver.wms.MapLayerInfo@2600f1b6[description=<null>,label=Bridge point,layerFeatureConstraints=<null>,layerGroupMetadata={},layerInfo=SecuredLayerInfo[LayerInfoImpl[vec_s2s_vec_bridge_point_53bfffe8, resource:FeatureTypeInfoImpl[vec_s2s_vec_bridge_point_53bfffe8]]],name=vec_s2s_vec_bridge_point_53bfffe8,remoteFeatureSource=<null>,style=<null>,type=0]]
	MaxFeatures = null
	Palette = null
	RawKvp = {REQUEST=GetMap, FORMAT=image/png, _T=undefined, SRS=EPSG:3857, BBOX=10958012.37496287,1487158.8223163905,10997148.13344488,1526294.580798401, VERSION=1.1.1, STYLES=, SERVICE=WMS, WIDTH=256, HEIGHT=256, TRANSPARENT=true, LAYERS=ws_30cad3c4:vec_s2s_vec_bridge_point_53bfffe8}
	RemoteOwsType = null
	RemoteOwsURL = null
	Request = GetMap
	RequestCharset = UTF-8
	ScaleMethod = null
	Sld = null
	SldBody = null
	SldVersion = null
	SortBy = null
	SortByArrays = null
	SRS = EPSG:3857
	StartIndex = null
	StyleBody = null
	StyleFormat = sld
	Styles = [StyleImpl[ name=style_vec_s2s_vec_bridge_point_53bfffe8]]
	StyleUrl = null
	StyleVersion = null
	Tiled = false
	TilesOrigin = null
	Time = []
	Transparent = true
	ValidateSchema = false
	Version = 1.1.1
	ViewParams = null
	Width = 256
23 Sep 08:57:03 INFO   [geoserver.flow] - releasing flow controllers for [WMS 1.1.1 GetMap]
23 Sep 08:57:03 INFO   [geoserver.flow] - Request completed, running requests: 1, blocked requests: 0
23 Sep 08:57:03 INFO   [geoserver.flow] - releasing flow controllers for [WMS 1.1.1 GetMap]
23 Sep 08:57:03 INFO   [geoserver.flow] - Request completed, running requests: 0, blocked requests: 0
23 Sep 08:57:03 INFO   [geoserver.wms] - 
Request: getServiceInfo
23 Sep 08:57:03 INFO   [geoserver.wms] - 
Request: getServiceInfo
23 Sep 08:57:03 INFO   [geoserver.wms] - 
Request: getServiceInfo
23 Sep 08:57:03 INFO   [geoserver.wms] - 
Request: getServiceInfo
23 Sep 08:57:03 INFO   [geoserver.flow] - Request [WMS 1.1.1 GetMap] starting, processing through flow controllers
23 Sep 08:57:03 INFO   [geoserver.flow] - Request [WMS 1.1.1 GetMap] starting, processing through flow controllers
23 Sep 08:57:03 INFO   [geoserver.flow] - Request [WMS 1.1.1 GetMap] starting, processing through flow controllers
23 Sep 08:57:03 INFO   [geoserver.wms] - 
Request: getServiceInfo
23 Sep 08:57:03 INFO   [geoserver.wms] - 
Request: getServiceInfo
23 Sep 08:57:03 INFO   [geoserver.flow] - Request control-flow performed, running requests: 3, blocked requests: 1
23 Sep 08:57:03 INFO   [geoserver.flow] - Request control-flow performed, running requests: 2, blocked requests: 2
23 Sep 08:57:03 INFO   [geoserver.flow] - Request control-flow performed, running requests: 1, blocked requests: 3
23 Sep 08:57:03 INFO   [geoserver.flow] - Request [WMS 1.1.1 GetMap] starting, processing through flow controllers
23 Sep 08:57:03 INFO   [geoserver.flow] - Request [WMS 1.1.1 GetMap] starting, processing through flow controllers
23 Sep 08:57:03 INFO   [geoserver.flow] - Request [WMS 1.1.1 GetMap] starting, processing through flow controllers
23 Sep 08:57:03 INFO   [geoserver.flow] - Request control-flow performed, running requests: 4, blocked requests: 2
23 Sep 08:57:03 INFO   [geoserver.flow] - Request control-flow performed, running requests: 5, blocked requests: 1
23 Sep 08:57:03 INFO   [geoserver.flow] - Request control-flow performed, running requests: 6, blocked requests: 0
23 Sep 08:57:03 INFO   [geoserver.wms] - 
Request: getMap
	Angle = 0.0
	BaseUrl = http://localhost:8080/geoserver/
	Bbox = SRSEnvelope[1.115369116737292E7 : 1.119282692585493E7, 1448023.0638343797 : 1487158.8223163905]
	BgColor = java.awt.Color[r=255,g=255,b=255]
	Buffer = 0
	Clip = null
	CQLFilter = null
	Crs = PROJCS["WGS 84 / Pseudo-Mercator", 
  GEOGCS["WGS 84", 
    DATUM["World Geodetic System 1984", 
      SPHEROID["WGS 84", 6378137.0, 298.257223563, AUTHORITY["EPSG","7030"]], 
      AUTHORITY["EPSG","6326"]], 
    PRIMEM["Greenwich", 0.0, AUTHORITY["EPSG","8901"]], 
    UNIT["degree", 0.017453292519943295], 
    AXIS["Geodetic longitude", EAST], 
    AXIS["Geodetic latitude", NORTH], 
    AUTHORITY["EPSG","4326"]], 
  PROJECTION["Popular Visualisation Pseudo Mercator", AUTHORITY["EPSG","1024"]], 
  PARAMETER["semi_minor", 6378137.0], 
  PARAMETER["latitude_of_origin", 0.0], 
  PARAMETER["central_meridian", 0.0], 
  PARAMETER["scale_factor", 1.0], 
  PARAMETER["false_easting", 0.0], 
  PARAMETER["false_northing", 0.0], 
  UNIT["m", 1.0], 
  AXIS["Easting", EAST], 
  AXIS["Northing", NORTH], 
  AUTHORITY["EPSG","3857"]]
	Elevation = []
	Env = {}
	Exceptions = SE_XML
	FeatureId = null
	FeatureVersion = null
	Filter = null
	Format = image/png
	FormatOptions = {}
	Get = true
	Height = 256
	Interpolations = []
	Layers = [org.geoserver.wms.MapLayerInfo@3123a7b8[description=<null>,label=Sentinel AOI,layerFeatureConstraints=<null>,layerGroupMetadata={},layerInfo=SecuredLayerInfo[LayerInfoImpl[vec_s2s_vec_sentinel_aoi_dd3578ab, resource:FeatureTypeInfoImpl[vec_s2s_vec_sentinel_aoi_dd3578ab]]],name=vec_s2s_vec_sentinel_aoi_dd3578ab,remoteFeatureSource=<null>,style=<null>,type=0]]
	MaxFeatures = null
	Palette = null
	RawKvp = {REQUEST=GetMap, FORMAT=image/png, _T=undefined, SRS=EPSG:3857, BBOX=11153691.16737292,1448023.0638343797,11192826.92585493,1487158.8223163905, VERSION=1.1.1, STYLES=, SERVICE=WMS, WIDTH=256, HEIGHT=256, TRANSPARENT=true, LAYERS=ws_30cad3c4:vec_s2s_vec_sentinel_aoi_dd3578ab}
	RemoteOwsType = null
	RemoteOwsURL = null
	Request = GetMap
	RequestCharset = UTF-8
	ScaleMethod = null
	Sld = null
	SldBody = null
	SldVersion = null
	SortBy = null
	SortByArrays = null
	SRS = EPSG:3857
	StartIndex = null
	StyleBody = null
	StyleFormat = sld
	Styles = [StyleImpl[ name=style_vec_s2s_vec_sentinel_aoi_dd3578ab]]
	StyleUrl = null
	StyleVersion = null
	Tiled = false
	TilesOrigin = null
	Time = []
	Transparent = true
	ValidateSchema = false
	Version = 1.1.1
	ViewParams = null
	Width = 256
23 Sep 08:57:03 INFO   [geoserver.wms] - 
Request: getMap
	Angle = 0.0
	BaseUrl = http://localhost:8080/geoserver/
	Bbox = SRSEnvelope[1.1114555408890909E7 : 1.115369116737292E7, 1448023.0638343797 : 1487158.8223163905]
	BgColor = java.awt.Color[r=255,g=255,b=255]
	Buffer = 0
	Clip = null
	CQLFilter = null
	Crs = PROJCS["WGS 84 / Pseudo-Mercator", 
  GEOGCS["WGS 84", 
    DATUM["World Geodetic System 1984", 
      SPHEROID["WGS 84", 6378137.0, 298.257223563, AUTHORITY["EPSG","7030"]], 
      AUTHORITY["EPSG","6326"]], 
    PRIMEM["Greenwich", 0.0, AUTHORITY["EPSG","8901"]], 
    UNIT["degree", 0.017453292519943295], 
    AXIS["Geodetic longitude", EAST], 
    AXIS["Geodetic latitude", NORTH], 
    AUTHORITY["EPSG","4326"]], 
  PROJECTION["Popular Visualisation Pseudo Mercator", AUTHORITY["EPSG","1024"]], 
  PARAMETER["semi_minor", 6378137.0], 
  PARAMETER["latitude_of_origin", 0.0], 
  PARAMETER["central_meridian", 0.0], 
  PARAMETER["scale_factor", 1.0], 
  PARAMETER["false_easting", 0.0], 
  PARAMETER["false_northing", 0.0], 
  UNIT["m", 1.0], 
  AXIS["Easting", EAST], 
  AXIS["Northing", NORTH], 
  AUTHORITY["EPSG","3857"]]
	Elevation = []
	Env = {}
	Exceptions = SE_XML
	FeatureId = null
	FeatureVersion = null
	Filter = null
	Format = image/png
	FormatOptions = {}
	Get = true
	Height = 256
	Interpolations = []
	Layers = [org.geoserver.wms.MapLayerInfo@7718ee7c[description=<null>,label=Sentinel AOI,layerFeatureConstraints=<null>,layerGroupMetadata={},layerInfo=SecuredLayerInfo[LayerInfoImpl[vec_s2s_vec_sentinel_aoi_dd3578ab, resource:FeatureTypeInfoImpl[vec_s2s_vec_sentinel_aoi_dd3578ab]]],name=vec_s2s_vec_sentinel_aoi_dd3578ab,remoteFeatureSource=<null>,style=<null>,type=0]]
	MaxFeatures = null
	Palette = null
	RawKvp = {REQUEST=GetMap, FORMAT=image/png, _T=undefined, SRS=EPSG:3857, BBOX=11114555.408890909,1448023.0638343797,11153691.16737292,1487158.8223163905, VERSION=1.1.1, STYLES=, SERVICE=WMS, WIDTH=256, HEIGHT=256, TRANSPARENT=true, LAYERS=ws_30cad3c4:vec_s2s_vec_sentinel_aoi_dd3578ab}
	RemoteOwsType = null
	RemoteOwsURL = null
	Request = GetMap
	RequestCharset = UTF-8
	ScaleMethod = null
	Sld = null
	SldBody = null
	SldVersion = null
	SortBy = null
	SortByArrays = null
	SRS = EPSG:3857
	StartIndex = null
	StyleBody = null
	StyleFormat = sld
	Styles = [StyleImpl[ name=style_vec_s2s_vec_sentinel_aoi_dd3578ab]]
	StyleUrl = null
	StyleVersion = null
	Tiled = false
	TilesOrigin = null
	Time = []
	Transparent = true
	ValidateSchema = false
	Version = 1.1.1
	ViewParams = null
	Width = 256
23 Sep 08:57:03 INFO   [geoserver.wms] - 
Request: getMap
	Angle = 0.0
	BaseUrl = http://localhost:8080/geoserver/
	Bbox = SRSEnvelope[1.10754196504089E7 : 1.1114555408890909E7, 1448023.0638343797 : 1487158.8223163905]
	BgColor = java.awt.Color[r=255,g=255,b=255]
	Buffer = 0
	Clip = null
	CQLFilter = null
	Crs = PROJCS["WGS 84 / Pseudo-Mercator", 
  GEOGCS["WGS 84", 
    DATUM["World Geodetic System 1984", 
      SPHEROID["WGS 84", 6378137.0, 298.257223563, AUTHORITY["EPSG","7030"]], 
      AUTHORITY["EPSG","6326"]], 
    PRIMEM["Greenwich", 0.0, AUTHORITY["EPSG","8901"]], 
    UNIT["degree", 0.017453292519943295], 
    AXIS["Geodetic longitude", EAST], 
    AXIS["Geodetic latitude", NORTH], 
    AUTHORITY["EPSG","4326"]], 
  PROJECTION["Popular Visualisation Pseudo Mercator", AUTHORITY["EPSG","1024"]], 
  PARAMETER["semi_minor", 6378137.0], 
  PARAMETER["latitude_of_origin", 0.0], 
  PARAMETER["central_meridian", 0.0], 
  PARAMETER["scale_factor", 1.0], 
  PARAMETER["false_easting", 0.0], 
  PARAMETER["false_northing", 0.0], 
  UNIT["m", 1.0], 
  AXIS["Easting", EAST], 
  AXIS["Northing", NORTH], 
  AUTHORITY["EPSG","3857"]]
	Elevation = []
	Env = {}
	Exceptions = SE_XML
	FeatureId = null
	FeatureVersion = null
	Filter = null
	Format = image/png
	FormatOptions = {}
	Get = true
	Height = 256
	Interpolations = []
	Layers = [org.geoserver.wms.MapLayerInfo@3ff7679b[description=<null>,label=Sentinel AOI,layerFeatureConstraints=<null>,layerGroupMetadata={},layerInfo=SecuredLayerInfo[LayerInfoImpl[vec_s2s_vec_sentinel_aoi_dd3578ab, resource:FeatureTypeInfoImpl[vec_s2s_vec_sentinel_aoi_dd3578ab]]],name=vec_s2s_vec_sentinel_aoi_dd3578ab,remoteFeatureSource=<null>,style=<null>,type=0]]
	MaxFeatures = null
	Palette = null
	RawKvp = {REQUEST=GetMap, FORMAT=image/png, _T=undefined, SRS=EPSG:3857, BBOX=11075419.6504089,1448023.0638343797,11114555.408890909,1487158.8223163905, VERSION=1.1.1, STYLES=, SERVICE=WMS, WIDTH=256, HEIGHT=256, TRANSPARENT=true, LAYERS=ws_30cad3c4:vec_s2s_vec_sentinel_aoi_dd3578ab}
	RemoteOwsType = null
	RemoteOwsURL = null
	Request = GetMap
	RequestCharset = UTF-8
	ScaleMethod = null
	Sld = null
	SldBody = null
	SldVersion = null
	SortBy = null
	SortByArrays = null
	SRS = EPSG:3857
	StartIndex = null
	StyleBody = null
	StyleFormat = sld
	Styles = [StyleImpl[ name=style_vec_s2s_vec_sentinel_aoi_dd3578ab]]
	StyleUrl = null
	StyleVersion = null
	Tiled = false
	TilesOrigin = null
	Time = []
	Transparent = true
	ValidateSchema = false
	Version = 1.1.1
	ViewParams = null
	Width = 256
23 Sep 08:57:03 INFO   [geoserver.wms] - 
Request: getMap
	Angle = 0.0
	BaseUrl = http://localhost:8080/geoserver/
	Bbox = SRSEnvelope[1.099714813344488E7 : 1.1036283891926888E7, 1448023.0638343797 : 1487158.8223163905]
	BgColor = java.awt.Color[r=255,g=255,b=255]
	Buffer = 0
	Clip = null
	CQLFilter = null
	Crs = PROJCS["WGS 84 / Pseudo-Mercator", 
  GEOGCS["WGS 84", 
    DATUM["World Geodetic System 1984", 
      SPHEROID["WGS 84", 6378137.0, 298.257223563, AUTHORITY["EPSG","7030"]], 
      AUTHORITY["EPSG","6326"]], 
    PRIMEM["Greenwich", 0.0, AUTHORITY["EPSG","8901"]], 
    UNIT["degree", 0.017453292519943295], 
    AXIS["Geodetic longitude", EAST], 
    AXIS["Geodetic latitude", NORTH], 
    AUTHORITY["EPSG","4326"]], 
  PROJECTION["Popular Visualisation Pseudo Mercator", AUTHORITY["EPSG","1024"]], 
  PARAMETER["semi_minor", 6378137.0], 
  PARAMETER["latitude_of_origin", 0.0], 
  PARAMETER["central_meridian", 0.0], 
  PARAMETER["scale_factor", 1.0], 
  PARAMETER["false_easting", 0.0], 
  PARAMETER["false_northing", 0.0], 
  UNIT["m", 1.0], 
  AXIS["Easting", EAST], 
  AXIS["Northing", NORTH], 
  AUTHORITY["EPSG","3857"]]
	Elevation = []
	Env = {}
	Exceptions = SE_XML
	FeatureId = null
	FeatureVersion = null
	Filter = null
	Format = image/png
	FormatOptions = {}
	Get = true
	Height = 256
	Interpolations = []
	Layers = [org.geoserver.wms.MapLayerInfo@5d808dbc[description=<null>,label=Sentinel AOI,layerFeatureConstraints=<null>,layerGroupMetadata={},layerInfo=SecuredLayerInfo[LayerInfoImpl[vec_s2s_vec_sentinel_aoi_dd3578ab, resource:FeatureTypeInfoImpl[vec_s2s_vec_sentinel_aoi_dd3578ab]]],name=vec_s2s_vec_sentinel_aoi_dd3578ab,remoteFeatureSource=<null>,style=<null>,type=0]]
	MaxFeatures = null
	Palette = null
	RawKvp = {REQUEST=GetMap, FORMAT=image/png, _T=undefined, SRS=EPSG:3857, BBOX=10997148.13344488,1448023.0638343797,11036283.891926888,1487158.8223163905, VERSION=1.1.1, STYLES=, SERVICE=WMS, WIDTH=256, HEIGHT=256, TRANSPARENT=true, LAYERS=ws_30cad3c4:vec_s2s_vec_sentinel_aoi_dd3578ab}
	RemoteOwsType = null
	RemoteOwsURL = null
	Request = GetMap
	RequestCharset = UTF-8
	ScaleMethod = null
	Sld = null
	SldBody = null
	SldVersion = null
	SortBy = null
	SortByArrays = null
	SRS = EPSG:3857
	StartIndex = null
	StyleBody = null
	StyleFormat = sld
	Styles = [StyleImpl[ name=style_vec_s2s_vec_sentinel_aoi_dd3578ab]]
	StyleUrl = null
	StyleVersion = null
	Tiled = false
	TilesOrigin = null
	Time = []
	Transparent = true
	ValidateSchema = false
	Version = 1.1.1
	ViewParams = null
	Width = 256
23 Sep 08:57:03 INFO   [geoserver.wms] - 
Request: getMap
	Angle = 0.0
	BaseUrl = http://localhost:8080/geoserver/
	Bbox = SRSEnvelope[1.119282692585493E7 : 1.1231962684336942E7, 1448023.0638343797 : 1487158.8223163905]
	BgColor = java.awt.Color[r=255,g=255,b=255]
	Buffer = 0
	Clip = null
	CQLFilter = null
	Crs = PROJCS["WGS 84 / Pseudo-Mercator", 
  GEOGCS["WGS 84", 
    DATUM["World Geodetic System 1984", 
      SPHEROID["WGS 84", 6378137.0, 298.257223563, AUTHORITY["EPSG","7030"]], 
      AUTHORITY["EPSG","6326"]], 
    PRIMEM["Greenwich", 0.0, AUTHORITY["EPSG","8901"]], 
    UNIT["degree", 0.017453292519943295], 
    AXIS["Geodetic longitude", EAST], 
    AXIS["Geodetic latitude", NORTH], 
    AUTHORITY["EPSG","4326"]], 
  PROJECTION["Popular Visualisation Pseudo Mercator", AUTHORITY["EPSG","1024"]], 
  PARAMETER["semi_minor", 6378137.0], 
  PARAMETER["latitude_of_origin", 0.0], 
  PARAMETER["central_meridian", 0.0], 
  PARAMETER["scale_factor", 1.0], 
  PARAMETER["false_easting", 0.0], 
  PARAMETER["false_northing", 0.0], 
  UNIT["m", 1.0], 
  AXIS["Easting", EAST], 
  AXIS["Northing", NORTH], 
  AUTHORITY["EPSG","3857"]]
	Elevation = []
	Env = {}
	Exceptions = SE_XML
	FeatureId = null
	FeatureVersion = null
	Filter = null
	Format = image/png
	FormatOptions = {}
	Get = true
	Height = 256
	Interpolations = []
	Layers = [org.geoserver.wms.MapLayerInfo@12ac47ba[description=<null>,label=Sentinel AOI,layerFeatureConstraints=<null>,layerGroupMetadata={},layerInfo=SecuredLayerInfo[LayerInfoImpl[vec_s2s_vec_sentinel_aoi_dd3578ab, resource:FeatureTypeInfoImpl[vec_s2s_vec_sentinel_aoi_dd3578ab]]],name=vec_s2s_vec_sentinel_aoi_dd3578ab,remoteFeatureSource=<null>,style=<null>,type=0]]
	MaxFeatures = null
	Palette = null
	RawKvp = {REQUEST=GetMap, FORMAT=image/png, _T=undefined, SRS=EPSG:3857, BBOX=11192826.92585493,1448023.0638343797,11231962.684336942,1487158.8223163905, VERSION=1.1.1, STYLES=, SERVICE=WMS, WIDTH=256, HEIGHT=256, TRANSPARENT=true, LAYERS=ws_30cad3c4:vec_s2s_vec_sentinel_aoi_dd3578ab}
	RemoteOwsType = null
	RemoteOwsURL = null
	Request = GetMap
	RequestCharset = UTF-8
	ScaleMethod = null
	Sld = null
	SldBody = null
	SldVersion = null
	SortBy = null
	SortByArrays = null
	SRS = EPSG:3857
	StartIndex = null
	StyleBody = null
	StyleFormat = sld
	Styles = [StyleImpl[ name=style_vec_s2s_vec_sentinel_aoi_dd3578ab]]
	StyleUrl = null
	StyleVersion = null
	Tiled = false
	TilesOrigin = null
	Time = []
	Transparent = true
	ValidateSchema = false
	Version = 1.1.1
	ViewParams = null
	Width = 256
23 Sep 08:57:03 INFO   [geoserver.flow] - releasing flow controllers for [WMS 1.1.1 GetMap]
23 Sep 08:57:03 INFO   [geoserver.flow] - releasing flow controllers for [WMS 1.1.1 GetMap]
23 Sep 08:57:03 INFO   [geoserver.flow] - Request completed, running requests: 4, blocked requests: 0
23 Sep 08:57:03 INFO   [geoserver.wms] - 
Request: getMap
	Angle = 0.0
	BaseUrl = http://localhost:8080/geoserver/
	Bbox = SRSEnvelope[1.1036283891926888E7 : 1.10754196504089E7, 1448023.0638343797 : 1487158.8223163905]
	BgColor = java.awt.Color[r=255,g=255,b=255]
	Buffer = 0
	Clip = null
	CQLFilter = null
	Crs = PROJCS["WGS 84 / Pseudo-Mercator", 
  GEOGCS["WGS 84", 
    DATUM["World Geodetic System 1984", 
      SPHEROID["WGS 84", 6378137.0, 298.257223563, AUTHORITY["EPSG","7030"]], 
      AUTHORITY["EPSG","6326"]], 
    PRIMEM["Greenwich", 0.0, AUTHORITY["EPSG","8901"]], 
    UNIT["degree", 0.017453292519943295], 
    AXIS["Geodetic longitude", EAST], 
    AXIS["Geodetic latitude", NORTH], 
    AUTHORITY["EPSG","4326"]], 
  PROJECTION["Popular Visualisation Pseudo Mercator", AUTHORITY["EPSG","1024"]], 
  PARAMETER["semi_minor", 6378137.0], 
  PARAMETER["latitude_of_origin", 0.0], 
  PARAMETER["central_meridian", 0.0], 
  PARAMETER["scale_factor", 1.0], 
  PARAMETER["false_easting", 0.0], 
  PARAMETER["false_northing", 0.0], 
  UNIT["m", 1.0], 
  AXIS["Easting", EAST], 
  AXIS["Northing", NORTH], 
  AUTHORITY["EPSG","3857"]]
	Elevation = []
	Env = {}
	Exceptions = SE_XML
	FeatureId = null
	FeatureVersion = null
	Filter = null
	Format = image/png
	FormatOptions = {}
	Get = true
	Height = 256
	Interpolations = []
	Layers = [org.geoserver.wms.MapLayerInfo@57279a69[description=<null>,label=Sentinel AOI,layerFeatureConstraints=<null>,layerGroupMetadata={},layerInfo=SecuredLayerInfo[LayerInfoImpl[vec_s2s_vec_sentinel_aoi_dd3578ab, resource:FeatureTypeInfoImpl[vec_s2s_vec_sentinel_aoi_dd3578ab]]],name=vec_s2s_vec_sentinel_aoi_dd3578ab,remoteFeatureSource=<null>,style=<null>,type=0]]
	MaxFeatures = null
	Palette = null
	RawKvp = {REQUEST=GetMap, FORMAT=image/png, _T=undefined, SRS=EPSG:3857, BBOX=11036283.891926888,1448023.0638343797,11075419.6504089,1487158.8223163905, VERSION=1.1.1, STYLES=, SERVICE=WMS, WIDTH=256, HEIGHT=256, TRANSPARENT=true, LAYERS=ws_30cad3c4:vec_s2s_vec_sentinel_aoi_dd3578ab}
	RemoteOwsType = null
	RemoteOwsURL = null
	Request = GetMap
	RequestCharset = UTF-8
	ScaleMethod = null
	Sld = null
	SldBody = null
	SldVersion = null
	SortBy = null
	SortByArrays = null
	SRS = EPSG:3857
	StartIndex = null
	StyleBody = null
	StyleFormat = sld
	Styles = [StyleImpl[ name=style_vec_s2s_vec_sentinel_aoi_dd3578ab]]
	StyleUrl = null
	StyleVersion = null
	Tiled = false
	TilesOrigin = null
	Time = []
	Transparent = true
	ValidateSchema = false
	Version = 1.1.1
	ViewParams = null
	Width = 256
23 Sep 08:57:03 INFO   [geoserver.flow] - releasing flow controllers for [WMS 1.1.1 GetMap]
23 Sep 08:57:03 INFO   [geoserver.flow] - Request completed, running requests: 3, blocked requests: 0
23 Sep 08:57:03 INFO   [geoserver.flow] - Request completed, running requests: 4, blocked requests: 0
23 Sep 08:57:03 INFO   [geoserver.flow] - releasing flow controllers for [WMS 1.1.1 GetMap]
23 Sep 08:57:03 INFO   [geoserver.flow] - Request completed, running requests: 2, blocked requests: 0
23 Sep 08:57:03 INFO   [geoserver.flow] - releasing flow controllers for [WMS 1.1.1 GetMap]
23 Sep 08:57:03 INFO   [geoserver.flow] - Request completed, running requests: 1, blocked requests: 0
23 Sep 08:57:03 INFO   [geoserver.wms] - 
Request: getServiceInfo
23 Sep 08:57:03 INFO   [geoserver.flow] - Request [WMS 1.1.1 GetMap] starting, processing through flow controllers
23 Sep 08:57:03 INFO   [geoserver.flow] - Request control-flow performed, running requests: 2, blocked requests: 0
23 Sep 08:57:03 INFO   [geoserver.wms] - 
Request: getServiceInfo
23 Sep 08:57:03 INFO   [geoserver.flow] - Request [WMS 1.1.1 GetMap] starting, processing through flow controllers
23 Sep 08:57:03 INFO   [geoserver.flow] - Request control-flow performed, running requests: 2, blocked requests: 0
23 Sep 08:57:03 INFO   [geoserver.wms] - 
Request: getServiceInfo
23 Sep 08:57:03 INFO   [geoserver.wms] - 
Request: getServiceInfo
23 Sep 08:57:03 INFO   [geoserver.wms] - 
Request: getMap
	Angle = 0.0
	BaseUrl = http://localhost:8080/geoserver/
	Bbox = SRSEnvelope[1.127109844281895E7 : 1.131023420130096E7, 1448023.0638343797 : 1487158.8223163905]
	BgColor = java.awt.Color[r=255,g=255,b=255]
	Buffer = 0
	Clip = null
	CQLFilter = null
	Crs = PROJCS["WGS 84 / Pseudo-Mercator", 
  GEOGCS["WGS 84", 
    DATUM["World Geodetic System 1984", 
      SPHEROID["WGS 84", 6378137.0, 298.257223563, AUTHORITY["EPSG","7030"]], 
      AUTHORITY["EPSG","6326"]], 
    PRIMEM["Greenwich", 0.0, AUTHORITY["EPSG","8901"]], 
    UNIT["degree", 0.017453292519943295], 
    AXIS["Geodetic longitude", EAST], 
    AXIS["Geodetic latitude", NORTH], 
    AUTHORITY["EPSG","4326"]], 
  PROJECTION["Popular Visualisation Pseudo Mercator", AUTHORITY["EPSG","1024"]], 
  PARAMETER["semi_minor", 6378137.0], 
  PARAMETER["latitude_of_origin", 0.0], 
  PARAMETER["central_meridian", 0.0], 
  PARAMETER["scale_factor", 1.0], 
  PARAMETER["false_easting", 0.0], 
  PARAMETER["false_northing", 0.0], 
  UNIT["m", 1.0], 
  AXIS["Easting", EAST], 
  AXIS["Northing", NORTH], 
  AUTHORITY["EPSG","3857"]]
	Elevation = []
	Env = {}
	Exceptions = SE_XML
	FeatureId = null
	FeatureVersion = null
	Filter = null
	Format = image/png
	FormatOptions = {}
	Get = true
	Height = 256
	Interpolations = []
	Layers = [org.geoserver.wms.MapLayerInfo@1888d78d[description=<null>,label=Sentinel AOI,layerFeatureConstraints=<null>,layerGroupMetadata={},layerInfo=SecuredLayerInfo[LayerInfoImpl[vec_s2s_vec_sentinel_aoi_dd3578ab, resource:FeatureTypeInfoImpl[vec_s2s_vec_sentinel_aoi_dd3578ab]]],name=vec_s2s_vec_sentinel_aoi_dd3578ab,remoteFeatureSource=<null>,style=<null>,type=0]]
	MaxFeatures = null
	Palette = null
	RawKvp = {REQUEST=GetMap, FORMAT=image/png, _T=undefined, SRS=EPSG:3857, BBOX=11271098.44281895,1448023.0638343797,11310234.20130096,1487158.8223163905, VERSION=1.1.1, STYLES=, SERVICE=WMS, WIDTH=256, HEIGHT=256, TRANSPARENT=true, LAYERS=ws_30cad3c4:vec_s2s_vec_sentinel_aoi_dd3578ab}
	RemoteOwsType = null
	RemoteOwsURL = null
	Request = GetMap
	RequestCharset = UTF-8
	ScaleMethod = null
	Sld = null
	SldBody = null
	SldVersion = null
	SortBy = null
	SortByArrays = null
	SRS = EPSG:3857
	StartIndex = null
	StyleBody = null
	StyleFormat = sld
	Styles = [StyleImpl[ name=style_vec_s2s_vec_sentinel_aoi_dd3578ab]]
	StyleUrl = null
	StyleVersion = null
	Tiled = false
	TilesOrigin = null
	Time = []
	Transparent = true
	ValidateSchema = false
	Version = 1.1.1
	ViewParams = null
	Width = 256
23 Sep 08:57:03 INFO   [geoserver.flow] - Request [WMS 1.1.1 GetMap] starting, processing through flow controllers
23 Sep 08:57:03 INFO   [geoserver.wms] - 
Request: getServiceInfo
23 Sep 08:57:03 INFO   [geoserver.flow] - Request [WMS 1.1.1 GetMap] starting, processing through flow controllers
23 Sep 08:57:03 INFO   [geoserver.flow] - releasing flow controllers for [WMS 1.1.1 GetMap]
23 Sep 08:57:03 INFO   [geoserver.flow] - Request [WMS 1.1.1 GetMap] starting, processing through flow controllers
23 Sep 08:57:03 INFO   [geoserver.wms] - 
Request: getMap
	Angle = 0.0
	BaseUrl = http://localhost:8080/geoserver/
	Bbox = SRSEnvelope[1.10754196504089E7 : 1.1114555408890909E7, 1448023.0638343797 : 1487158.8223163905]
	BgColor = java.awt.Color[r=255,g=255,b=255]
	Buffer = 0
	Clip = null
	CQLFilter = null
	Crs = PROJCS["WGS 84 / Pseudo-Mercator", 
  GEOGCS["WGS 84", 
    DATUM["World Geodetic System 1984", 
      SPHEROID["WGS 84", 6378137.0, 298.257223563, AUTHORITY["EPSG","7030"]], 
      AUTHORITY["EPSG","6326"]], 
    PRIMEM["Greenwich", 0.0, AUTHORITY["EPSG","8901"]], 
    UNIT["degree", 0.017453292519943295], 
    AXIS["Geodetic longitude", EAST], 
    AXIS["Geodetic latitude", NORTH], 
    AUTHORITY["EPSG","4326"]], 
  PROJECTION["Popular Visualisation Pseudo Mercator", AUTHORITY["EPSG","1024"]], 
  PARAMETER["semi_minor", 6378137.0], 
  PARAMETER["latitude_of_origin", 0.0], 
  PARAMETER["central_meridian", 0.0], 
  PARAMETER["scale_factor", 1.0], 
  PARAMETER["false_easting", 0.0], 
  PARAMETER["false_northing", 0.0], 
  UNIT["m", 1.0], 
  AXIS["Easting", EAST], 
  AXIS["Northing", NORTH], 
  AUTHORITY["EPSG","3857"]]
	Elevation = []
	Env = {}
	Exceptions = SE_XML
	FeatureId = null
	FeatureVersion = null
	Filter = null
	Format = image/png
	FormatOptions = {}
	Get = true
	Height = 256
	Interpolations = []
	Layers = [org.geoserver.wms.MapLayerInfo@7ea74481[description=<null>,label=Sentinel GEE,layerFeatureConstraints=<null>,layerGroupMetadata={},layerInfo=SecuredLayerInfo[LayerInfoImpl[vec_s2s_vec_sentinel_gee_5a893440, resource:FeatureTypeInfoImpl[vec_s2s_vec_sentinel_gee_5a893440]]],name=vec_s2s_vec_sentinel_gee_5a893440,remoteFeatureSource=<null>,style=<null>,type=0]]
	MaxFeatures = null
	Palette = null
	RawKvp = {REQUEST=GetMap, FORMAT=image/png, _T=undefined, SRS=EPSG:3857, BBOX=11075419.6504089,1448023.0638343797,11114555.408890909,1487158.8223163905, VERSION=1.1.1, STYLES=, SERVICE=WMS, WIDTH=256, HEIGHT=256, TRANSPARENT=true, LAYERS=ws_30cad3c4:vec_s2s_vec_sentinel_gee_5a893440}
	RemoteOwsType = null
	RemoteOwsURL = null
	Request = GetMap
	RequestCharset = UTF-8
	ScaleMethod = null
	Sld = null
	SldBody = null
	SldVersion = null
	SortBy = null
	SortByArrays = null
	SRS = EPSG:3857
	StartIndex = null
	StyleBody = null
	StyleFormat = sld
	Styles = [StyleImpl[ name=style_vec_s2s_vec_sentinel_gee_5a893440]]
	StyleUrl = null
	StyleVersion = null
	Tiled = false
	TilesOrigin = null
	Time = []
	Transparent = true
	ValidateSchema = false
	Version = 1.1.1
	ViewParams = null
	Width = 256
23 Sep 08:57:03 INFO   [geoserver.flow] - releasing flow controllers for [WMS 1.1.1 GetMap]
23 Sep 08:57:03 INFO   [geoserver.flow] - Request control-flow performed, running requests: 4, blocked requests: 1
23 Sep 08:57:03 INFO   [geoserver.flow] - Request completed, running requests: 4, blocked requests: 0
23 Sep 08:57:03 INFO   [geoserver.flow] - Request completed, running requests: 4, blocked requests: 0
23 Sep 08:57:03 INFO   [geoserver.flow] - Request control-flow performed, running requests: 3, blocked requests: 1
23 Sep 08:57:03 INFO   [geoserver.flow] - Request control-flow performed, running requests: 4, blocked requests: 0
23 Sep 08:57:03 INFO   [geoserver.flow] - releasing flow controllers for [WMS 1.1.1 GetMap]
23 Sep 08:57:03 INFO   [geoserver.flow] - Request completed, running requests: 3, blocked requests: 0
23 Sep 08:57:03 INFO   [geoserver.wms] - 
Request: getMap
	Angle = 0.0
	BaseUrl = http://localhost:8080/geoserver/
	Bbox = SRSEnvelope[1.115369116737292E7 : 1.119282692585493E7, 1448023.0638343797 : 1487158.8223163905]
	BgColor = java.awt.Color[r=255,g=255,b=255]
	Buffer = 0
	Clip = null
	CQLFilter = null
	Crs = PROJCS["WGS 84 / Pseudo-Mercator", 
  GEOGCS["WGS 84", 
    DATUM["World Geodetic System 1984", 
      SPHEROID["WGS 84", 6378137.0, 298.257223563, AUTHORITY["EPSG","7030"]], 
      AUTHORITY["EPSG","6326"]], 
    PRIMEM["Greenwich", 0.0, AUTHORITY["EPSG","8901"]], 
    UNIT["degree", 0.017453292519943295], 
    AXIS["Geodetic longitude", EAST], 
    AXIS["Geodetic latitude", NORTH], 
    AUTHORITY["EPSG","4326"]], 
  PROJECTION["Popular Visualisation Pseudo Mercator", AUTHORITY["EPSG","1024"]], 
  PARAMETER["semi_minor", 6378137.0], 
  PARAMETER["latitude_of_origin", 0.0], 
  PARAMETER["central_meridian", 0.0], 
  PARAMETER["scale_factor", 1.0], 
  PARAMETER["false_easting", 0.0], 
  PARAMETER["false_northing", 0.0], 
  UNIT["m", 1.0], 
  AXIS["Easting", EAST], 
  AXIS["Northing", NORTH], 
  AUTHORITY["EPSG","3857"]]
	Elevation = []
	Env = {}
	Exceptions = SE_XML
	FeatureId = null
	FeatureVersion = null
	Filter = null
	Format = image/png
	FormatOptions = {}
	Get = true
	Height = 256
	Interpolations = []
	Layers = [org.geoserver.wms.MapLayerInfo@790f8114[description=<null>,label=Sentinel GEE,layerFeatureConstraints=<null>,layerGroupMetadata={},layerInfo=SecuredLayerInfo[LayerInfoImpl[vec_s2s_vec_sentinel_gee_5a893440, resource:FeatureTypeInfoImpl[vec_s2s_vec_sentinel_gee_5a893440]]],name=vec_s2s_vec_sentinel_gee_5a893440,remoteFeatureSource=<null>,style=<null>,type=0]]
	MaxFeatures = null
	Palette = null
	RawKvp = {REQUEST=GetMap, FORMAT=image/png, _T=undefined, SRS=EPSG:3857, BBOX=11153691.16737292,1448023.0638343797,11192826.92585493,1487158.8223163905, VERSION=1.1.1, STYLES=, SERVICE=WMS, WIDTH=256, HEIGHT=256, TRANSPARENT=true, LAYERS=ws_30cad3c4:vec_s2s_vec_sentinel_gee_5a893440}
	RemoteOwsType = null
	RemoteOwsURL = null
	Request = GetMap
	RequestCharset = UTF-8
	ScaleMethod = null
	Sld = null
	SldBody = null
	SldVersion = null
	SortBy = null
	SortByArrays = null
	SRS = EPSG:3857
	StartIndex = null
	StyleBody = null
	StyleFormat = sld
	Styles = [StyleImpl[ name=style_vec_s2s_vec_sentinel_gee_5a893440]]
	StyleUrl = null
	StyleVersion = null
	Tiled = false
	TilesOrigin = null
	Time = []
	Transparent = true
	ValidateSchema = false
	Version = 1.1.1
	ViewParams = null
	Width = 256
23 Sep 08:57:03 INFO   [geoserver.wms] - 
Request: getServiceInfo
23 Sep 08:57:03 INFO   [geoserver.wms] - 
Request: getMap
	Angle = 0.0
	BaseUrl = http://localhost:8080/geoserver/
	Bbox = SRSEnvelope[1.1036283891926888E7 : 1.10754196504089E7, 1448023.0638343797 : 1487158.8223163905]
	BgColor = java.awt.Color[r=255,g=255,b=255]
	Buffer = 0
	Clip = null
	CQLFilter = null
	Crs = PROJCS["WGS 84 / Pseudo-Mercator", 
  GEOGCS["WGS 84", 
    DATUM["World Geodetic System 1984", 
      SPHEROID["WGS 84", 6378137.0, 298.257223563, AUTHORITY["EPSG","7030"]], 
      AUTHORITY["EPSG","6326"]], 
    PRIMEM["Greenwich", 0.0, AUTHORITY["EPSG","8901"]], 
    UNIT["degree", 0.017453292519943295], 
    AXIS["Geodetic longitude", EAST], 
    AXIS["Geodetic latitude", NORTH], 
    AUTHORITY["EPSG","4326"]], 
  PROJECTION["Popular Visualisation Pseudo Mercator", AUTHORITY["EPSG","1024"]], 
  PARAMETER["semi_minor", 6378137.0], 
  PARAMETER["latitude_of_origin", 0.0], 
  PARAMETER["central_meridian", 0.0], 
  PARAMETER["scale_factor", 1.0], 
  PARAMETER["false_easting", 0.0], 
  PARAMETER["false_northing", 0.0], 
  UNIT["m", 1.0], 
  AXIS["Easting", EAST], 
  AXIS["Northing", NORTH], 
  AUTHORITY["EPSG","3857"]]
	Elevation = []
	Env = {}
	Exceptions = SE_XML
	FeatureId = null
	FeatureVersion = null
	Filter = null
	Format = image/png
	FormatOptions = {}
	Get = true
	Height = 256
	Interpolations = []
	Layers = [org.geoserver.wms.MapLayerInfo@239c0681[description=<null>,label=Sentinel GEE,layerFeatureConstraints=<null>,layerGroupMetadata={},layerInfo=SecuredLayerInfo[LayerInfoImpl[vec_s2s_vec_sentinel_gee_5a893440, resource:FeatureTypeInfoImpl[vec_s2s_vec_sentinel_gee_5a893440]]],name=vec_s2s_vec_sentinel_gee_5a893440,remoteFeatureSource=<null>,style=<null>,type=0]]
	MaxFeatures = null
	Palette = null
	RawKvp = {REQUEST=GetMap, FORMAT=image/png, _T=undefined, SRS=EPSG:3857, BBOX=11036283.891926888,1448023.0638343797,11075419.6504089,1487158.8223163905, VERSION=1.1.1, STYLES=, SERVICE=WMS, WIDTH=256, HEIGHT=256, TRANSPARENT=true, LAYERS=ws_30cad3c4:vec_s2s_vec_sentinel_gee_5a893440}
	RemoteOwsType = null
	RemoteOwsURL = null
	Request = GetMap
	RequestCharset = UTF-8
	ScaleMethod = null
	Sld = null
	SldBody = null
	SldVersion = null
	SortBy = null
	SortByArrays = null
	SRS = EPSG:3857
	StartIndex = null
	StyleBody = null
	StyleFormat = sld
	Styles = [StyleImpl[ name=style_vec_s2s_vec_sentinel_gee_5a893440]]
	StyleUrl = null
	StyleVersion = null
	Tiled = false
	TilesOrigin = null
	Time = []
	Transparent = true
	ValidateSchema = false
	Version = 1.1.1
	ViewParams = null
	Width = 256
23 Sep 08:57:03 INFO   [geoserver.wms] - 
Request: getServiceInfo
23 Sep 08:57:03 INFO   [geoserver.flow] - Request [WMS 1.1.1 GetMap] starting, processing through flow controllers
23 Sep 08:57:03 INFO   [geoserver.flow] - Request control-flow performed, running requests: 4, blocked requests: 1
23 Sep 08:57:03 INFO   [geoserver.flow] - Request [WMS 1.1.1 GetMap] starting, processing through flow controllers
23 Sep 08:57:03 INFO   [geoserver.wms] - 
Request: getMap
	Angle = 0.0
	BaseUrl = http://localhost:8080/geoserver/
	Bbox = SRSEnvelope[1.1231962684336942E7 : 1.127109844281895E7, 1448023.0638343797 : 1487158.8223163905]
	BgColor = java.awt.Color[r=255,g=255,b=255]
	Buffer = 0
	Clip = null
	CQLFilter = null
	Crs = PROJCS["WGS 84 / Pseudo-Mercator", 
  GEOGCS["WGS 84", 
    DATUM["World Geodetic System 1984", 
      SPHEROID["WGS 84", 6378137.0, 298.257223563, AUTHORITY["EPSG","7030"]], 
      AUTHORITY["EPSG","6326"]], 
    PRIMEM["Greenwich", 0.0, AUTHORITY["EPSG","8901"]], 
    UNIT["degree", 0.017453292519943295], 
    AXIS["Geodetic longitude", EAST], 
    AXIS["Geodetic latitude", NORTH], 
    AUTHORITY["EPSG","4326"]], 
  PROJECTION["Popular Visualisation Pseudo Mercator", AUTHORITY["EPSG","1024"]], 
  PARAMETER["semi_minor", 6378137.0], 
  PARAMETER["latitude_of_origin", 0.0], 
  PARAMETER["central_meridian", 0.0], 
  PARAMETER["scale_factor", 1.0], 
  PARAMETER["false_easting", 0.0], 
  PARAMETER["false_northing", 0.0], 
  UNIT["m", 1.0], 
  AXIS["Easting", EAST], 
  AXIS["Northing", NORTH], 
  AUTHORITY["EPSG","3857"]]
	Elevation = []
	Env = {}
	Exceptions = SE_XML
	FeatureId = null
	FeatureVersion = null
	Filter = null
	Format = image/png
	FormatOptions = {}
	Get = true
	Height = 256
	Interpolations = []
	Layers = [org.geoserver.wms.MapLayerInfo@25cbb9df[description=<null>,label=Sentinel AOI,layerFeatureConstraints=<null>,layerGroupMetadata={},layerInfo=SecuredLayerInfo[LayerInfoImpl[vec_s2s_vec_sentinel_aoi_dd3578ab, resource:FeatureTypeInfoImpl[vec_s2s_vec_sentinel_aoi_dd3578ab]]],name=vec_s2s_vec_sentinel_aoi_dd3578ab,remoteFeatureSource=<null>,style=<null>,type=0]]
	MaxFeatures = null
	Palette = null
	RawKvp = {REQUEST=GetMap, FORMAT=image/png, _T=undefined, SRS=EPSG:3857, BBOX=11231962.684336942,1448023.0638343797,11271098.44281895,1487158.8223163905, VERSION=1.1.1, STYLES=, SERVICE=WMS, WIDTH=256, HEIGHT=256, TRANSPARENT=true, LAYERS=ws_30cad3c4:vec_s2s_vec_sentinel_aoi_dd3578ab}
	RemoteOwsType = null
	RemoteOwsURL = null
	Request = GetMap
	RequestCharset = UTF-8
	ScaleMethod = null
	Sld = null
	SldBody = null
	SldVersion = null
	SortBy = null
	SortByArrays = null
	SRS = EPSG:3857
	StartIndex = null
	StyleBody = null
	StyleFormat = sld
	Styles = [StyleImpl[ name=style_vec_s2s_vec_sentinel_aoi_dd3578ab]]
	StyleUrl = null
	StyleVersion = null
	Tiled = false
	TilesOrigin = null
	Time = []
	Transparent = true
	ValidateSchema = false
	Version = 1.1.1
	ViewParams = null
	Width = 256
23 Sep 08:57:03 INFO   [geoserver.flow] - releasing flow controllers for [WMS 1.1.1 GetMap]
23 Sep 08:57:03 INFO   [geoserver.wms] - 
Request: getServiceInfo
23 Sep 08:57:03 INFO   [geoserver.flow] - Request control-flow performed, running requests: 4, blocked requests: 0
23 Sep 08:57:03 INFO   [geoserver.flow] - releasing flow controllers for [WMS 1.1.1 GetMap]
23 Sep 08:57:03 INFO   [geoserver.flow] - releasing flow controllers for [WMS 1.1.1 GetMap]
23 Sep 08:57:03 INFO   [geoserver.flow] - Request completed, running requests: 4, blocked requests: 0
23 Sep 08:57:03 INFO   [geoserver.wms] - 
Request: getMap
	Angle = 0.0
	BaseUrl = http://localhost:8080/geoserver/
	Bbox = SRSEnvelope[1.1114555408890909E7 : 1.115369116737292E7, 1448023.0638343797 : 1487158.8223163905]
	BgColor = java.awt.Color[r=255,g=255,b=255]
	Buffer = 0
	Clip = null
	CQLFilter = null
	Crs = PROJCS["WGS 84 / Pseudo-Mercator", 
  GEOGCS["WGS 84", 
    DATUM["World Geodetic System 1984", 
      SPHEROID["WGS 84", 6378137.0, 298.257223563, AUTHORITY["EPSG","7030"]], 
      AUTHORITY["EPSG","6326"]], 
    PRIMEM["Greenwich", 0.0, AUTHORITY["EPSG","8901"]], 
    UNIT["degree", 0.017453292519943295], 
    AXIS["Geodetic longitude", EAST], 
    AXIS["Geodetic latitude", NORTH], 
    AUTHORITY["EPSG","4326"]], 
  PROJECTION["Popular Visualisation Pseudo Mercator", AUTHORITY["EPSG","1024"]], 
  PARAMETER["semi_minor", 6378137.0], 
  PARAMETER["latitude_of_origin", 0.0], 
  PARAMETER["central_meridian", 0.0], 
  PARAMETER["scale_factor", 1.0], 
  PARAMETER["false_easting", 0.0], 
  PARAMETER["false_northing", 0.0], 
  UNIT["m", 1.0], 
  AXIS["Easting", EAST], 
  AXIS["Northing", NORTH], 
  AUTHORITY["EPSG","3857"]]
	Elevation = []
	Env = {}
	Exceptions = SE_XML
	FeatureId = null
	FeatureVersion = null
	Filter = null
	Format = image/png
	FormatOptions = {}
	Get = true
	Height = 256
	Interpolations = []
	Layers = [org.geoserver.wms.MapLayerInfo@67973891[description=<null>,label=Sentinel GEE,layerFeatureConstraints=<null>,layerGroupMetadata={},layerInfo=SecuredLayerInfo[LayerInfoImpl[vec_s2s_vec_sentinel_gee_5a893440, resource:FeatureTypeInfoImpl[vec_s2s_vec_sentinel_gee_5a893440]]],name=vec_s2s_vec_sentinel_gee_5a893440,remoteFeatureSource=<null>,style=<null>,type=0]]
	MaxFeatures = null
	Palette = null
	RawKvp = {REQUEST=GetMap, FORMAT=image/png, _T=undefined, SRS=EPSG:3857, BBOX=11114555.408890909,1448023.0638343797,11153691.16737292,1487158.8223163905, VERSION=1.1.1, STYLES=, SERVICE=WMS, WIDTH=256, HEIGHT=256, TRANSPARENT=true, LAYERS=ws_30cad3c4:vec_s2s_vec_sentinel_gee_5a893440}
	RemoteOwsType = null
	RemoteOwsURL = null
	Request = GetMap
	RequestCharset = UTF-8
	ScaleMethod = null
	Sld = null
	SldBody = null
	SldVersion = null
	SortBy = null
	SortByArrays = null
	SRS = EPSG:3857
	StartIndex = null
	StyleBody = null
	StyleFormat = sld
	Styles = [StyleImpl[ name=style_vec_s2s_vec_sentinel_gee_5a893440]]
	StyleUrl = null
	StyleVersion = null
	Tiled = false
	TilesOrigin = null
	Time = []
	Transparent = true
	ValidateSchema = false
	Version = 1.1.1
	ViewParams = null
	Width = 256
23 Sep 08:57:03 INFO   [geoserver.flow] - Request [WMS 1.1.1 GetMap] starting, processing through flow controllers
23 Sep 08:57:03 INFO   [geoserver.flow] - Request completed, running requests: 2, blocked requests: 1
23 Sep 08:57:03 INFO   [geoserver.flow] - Request completed, running requests: 2, blocked requests: 1
23 Sep 08:57:03 INFO   [geoserver.flow] - Request control-flow performed, running requests: 3, blocked requests: 0
23 Sep 08:57:03 INFO   [geoserver.flow] - releasing flow controllers for [WMS 1.1.1 GetMap]
23 Sep 08:57:03 INFO   [geoserver.wms] - 
Request: getMap
	Angle = 0.0
	BaseUrl = http://localhost:8080/geoserver/
	Bbox = SRSEnvelope[1.095801237496287E7 : 1.099714813344488E7, 1448023.0638343797 : 1487158.8223163905]
	BgColor = java.awt.Color[r=255,g=255,b=255]
	Buffer = 0
	Clip = null
	CQLFilter = null
	Crs = PROJCS["WGS 84 / Pseudo-Mercator", 
  GEOGCS["WGS 84", 
    DATUM["World Geodetic System 1984", 
      SPHEROID["WGS 84", 6378137.0, 298.257223563, AUTHORITY["EPSG","7030"]], 
      AUTHORITY["EPSG","6326"]], 
    PRIMEM["Greenwich", 0.0, AUTHORITY["EPSG","8901"]], 
    UNIT["degree", 0.017453292519943295], 
    AXIS["Geodetic longitude", EAST], 
    AXIS["Geodetic latitude", NORTH], 
    AUTHORITY["EPSG","4326"]], 
  PROJECTION["Popular Visualisation Pseudo Mercator", AUTHORITY["EPSG","1024"]], 
  PARAMETER["semi_minor", 6378137.0], 
  PARAMETER["latitude_of_origin", 0.0], 
  PARAMETER["central_meridian", 0.0], 
  PARAMETER["scale_factor", 1.0], 
  PARAMETER["false_easting", 0.0], 
  PARAMETER["false_northing", 0.0], 
  UNIT["m", 1.0], 
  AXIS["Easting", EAST], 
  AXIS["Northing", NORTH], 
  AUTHORITY["EPSG","3857"]]
	Elevation = []
	Env = {}
	Exceptions = SE_XML
	FeatureId = null
	FeatureVersion = null
	Filter = null
	Format = image/png
	FormatOptions = {}
	Get = true
	Height = 256
	Interpolations = []
	Layers = [org.geoserver.wms.MapLayerInfo@b5182da[description=<null>,label=Sentinel AOI,layerFeatureConstraints=<null>,layerGroupMetadata={},layerInfo=SecuredLayerInfo[LayerInfoImpl[vec_s2s_vec_sentinel_aoi_dd3578ab, resource:FeatureTypeInfoImpl[vec_s2s_vec_sentinel_aoi_dd3578ab]]],name=vec_s2s_vec_sentinel_aoi_dd3578ab,remoteFeatureSource=<null>,style=<null>,type=0]]
	MaxFeatures = null
	Palette = null
	RawKvp = {REQUEST=GetMap, FORMAT=image/png, _T=undefined, SRS=EPSG:3857, BBOX=10958012.37496287,1448023.0638343797,10997148.13344488,1487158.8223163905, VERSION=1.1.1, STYLES=, SERVICE=WMS, WIDTH=256, HEIGHT=256, TRANSPARENT=true, LAYERS=ws_30cad3c4:vec_s2s_vec_sentinel_aoi_dd3578ab}
	RemoteOwsType = null
	RemoteOwsURL = null
	Request = GetMap
	RequestCharset = UTF-8
	ScaleMethod = null
	Sld = null
	SldBody = null
	SldVersion = null
	SortBy = null
	SortByArrays = null
	SRS = EPSG:3857
	StartIndex = null
	StyleBody = null
	StyleFormat = sld
	Styles = [StyleImpl[ name=style_vec_s2s_vec_sentinel_aoi_dd3578ab]]
	StyleUrl = null
	StyleVersion = null
	Tiled = false
	TilesOrigin = null
	Time = []
	Transparent = true
	ValidateSchema = false
	Version = 1.1.1
	ViewParams = null
	Width = 256
23 Sep 08:57:03 INFO   [geoserver.flow] - Request completed, running requests: 2, blocked requests: 0
23 Sep 08:57:03 INFO   [geoserver.wms] - 
Request: getServiceInfo
23 Sep 08:57:03 INFO   [geoserver.flow] - releasing flow controllers for [WMS 1.1.1 GetMap]
23 Sep 08:57:03 INFO   [geoserver.flow] - Request [WMS 1.1.1 GetMap] starting, processing through flow controllers
23 Sep 08:57:03 INFO   [geoserver.wms] - 
Request: getServiceInfo
23 Sep 08:57:03 INFO   [geoserver.wms] - 
Request: getMap
	Angle = 0.0
	BaseUrl = http://localhost:8080/geoserver/
	Bbox = SRSEnvelope[1.119282692585493E7 : 1.1231962684336942E7, 1448023.0638343797 : 1487158.8223163905]
	BgColor = java.awt.Color[r=255,g=255,b=255]
	Buffer = 0
	Clip = null
	CQLFilter = null
	Crs = PROJCS["WGS 84 / Pseudo-Mercator", 
  GEOGCS["WGS 84", 
    DATUM["World Geodetic System 1984", 
      SPHEROID["WGS 84", 6378137.0, 298.257223563, AUTHORITY["EPSG","7030"]], 
      AUTHORITY["EPSG","6326"]], 
    PRIMEM["Greenwich", 0.0, AUTHORITY["EPSG","8901"]], 
    UNIT["degree", 0.017453292519943295], 
    AXIS["Geodetic longitude", EAST], 
    AXIS["Geodetic latitude", NORTH], 
    AUTHORITY["EPSG","4326"]], 
  PROJECTION["Popular Visualisation Pseudo Mercator", AUTHORITY["EPSG","1024"]], 
  PARAMETER["semi_minor", 6378137.0], 
  PARAMETER["latitude_of_origin", 0.0], 
  PARAMETER["central_meridian", 0.0], 
  PARAMETER["scale_factor", 1.0], 
  PARAMETER["false_easting", 0.0], 
  PARAMETER["false_northing", 0.0], 
  UNIT["m", 1.0], 
  AXIS["Easting", EAST], 
  AXIS["Northing", NORTH], 
  AUTHORITY["EPSG","3857"]]
	Elevation = []
	Env = {}
	Exceptions = SE_XML
	FeatureId = null
	FeatureVersion = null
	Filter = null
	Format = image/png
	FormatOptions = {}
	Get = true
	Height = 256
	Interpolations = []
	Layers = [org.geoserver.wms.MapLayerInfo@5dff3981[description=<null>,label=Sentinel GEE,layerFeatureConstraints=<null>,layerGroupMetadata={},layerInfo=SecuredLayerInfo[LayerInfoImpl[vec_s2s_vec_sentinel_gee_5a893440, resource:FeatureTypeInfoImpl[vec_s2s_vec_sentinel_gee_5a893440]]],name=vec_s2s_vec_sentinel_gee_5a893440,remoteFeatureSource=<null>,style=<null>,type=0]]
	MaxFeatures = null
	Palette = null
	RawKvp = {REQUEST=GetMap, FORMAT=image/png, _T=undefined, SRS=EPSG:3857, BBOX=11192826.92585493,1448023.0638343797,11231962.684336942,1487158.8223163905, VERSION=1.1.1, STYLES=, SERVICE=WMS, WIDTH=256, HEIGHT=256, TRANSPARENT=true, LAYERS=ws_30cad3c4:vec_s2s_vec_sentinel_gee_5a893440}
	RemoteOwsType = null
	RemoteOwsURL = null
	Request = GetMap
	RequestCharset = UTF-8
	ScaleMethod = null
	Sld = null
	SldBody = null
	SldVersion = null
	SortBy = null
	SortByArrays = null
	SRS = EPSG:3857
	StartIndex = null
	StyleBody = null
	StyleFormat = sld
	Styles = [StyleImpl[ name=style_vec_s2s_vec_sentinel_gee_5a893440]]
	StyleUrl = null
	StyleVersion = null
	Tiled = false
	TilesOrigin = null
	Time = []
	Transparent = true
	ValidateSchema = false
	Version = 1.1.1
	ViewParams = null
	Width = 256
23 Sep 08:57:03 INFO   [geoserver.flow] - Request completed, running requests: 1, blocked requests: 1
23 Sep 08:57:03 INFO   [geoserver.flow] - Request [WMS 1.1.1 GetMap] starting, processing through flow controllers
23 Sep 08:57:03 INFO   [geoserver.flow] - releasing flow controllers for [WMS 1.1.1 GetMap]
23 Sep 08:57:03 INFO   [geoserver.flow] - Request control-flow performed, running requests: 2, blocked requests: 0
23 Sep 08:57:03 INFO   [geoserver.wms] - 
Request: getServiceInfo
23 Sep 08:57:03 INFO   [geoserver.flow] - Request control-flow performed, running requests: 2, blocked requests: 0
23 Sep 08:57:03 INFO   [geoserver.flow] - Request completed, running requests: 2, blocked requests: 0
23 Sep 08:57:03 INFO   [geoserver.wms] - 
Request: getServiceInfo
23 Sep 08:57:03 INFO   [geoserver.wms] - 
Request: getServiceInfo
23 Sep 08:57:03 INFO   [geoserver.flow] - Request [WMS 1.1.1 GetMap] starting, processing through flow controllers
23 Sep 08:57:03 INFO   [geoserver.flow] - Request control-flow performed, running requests: 2, blocked requests: 2
23 Sep 08:57:03 INFO   [geoserver.flow] - Request [WMS 1.1.1 GetMap] starting, processing through flow controllers
23 Sep 08:57:03 INFO   [geoserver.flow] - Request [WMS 1.1.1 GetMap] starting, processing through flow controllers
23 Sep 08:57:03 INFO   [geoserver.flow] - releasing flow controllers for [WMS 1.1.1 GetMap]
23 Sep 08:57:03 INFO   [geoserver.flow] - Request completed, running requests: 2, blocked requests: 0
23 Sep 08:57:03 INFO   [geoserver.flow] - Request control-flow performed, running requests: 2, blocked requests: 0
23 Sep 08:57:03 INFO   [geoserver.flow] - Request control-flow performed, running requests: 2, blocked requests: 1
23 Sep 08:57:03 INFO   [geoserver.wms] - 
Request: getMap
	Angle = 0.0
	BaseUrl = http://localhost:8080/geoserver/
	Bbox = SRSEnvelope[1.1231962684336942E7 : 1.127109844281895E7, 1448023.0638343797 : 1487158.8223163905]
	BgColor = java.awt.Color[r=255,g=255,b=255]
	Buffer = 0
	Clip = null
	CQLFilter = null
	Crs = PROJCS["WGS 84 / Pseudo-Mercator", 
  GEOGCS["WGS 84", 
    DATUM["World Geodetic System 1984", 
      SPHEROID["WGS 84", 6378137.0, 298.257223563, AUTHORITY["EPSG","7030"]], 
      AUTHORITY["EPSG","6326"]], 
    PRIMEM["Greenwich", 0.0, AUTHORITY["EPSG","8901"]], 
    UNIT["degree", 0.017453292519943295], 
    AXIS["Geodetic longitude", EAST], 
    AXIS["Geodetic latitude", NORTH], 
    AUTHORITY["EPSG","4326"]], 
  PROJECTION["Popular Visualisation Pseudo Mercator", AUTHORITY["EPSG","1024"]], 
  PARAMETER["semi_minor", 6378137.0], 
  PARAMETER["latitude_of_origin", 0.0], 
  PARAMETER["central_meridian", 0.0], 
  PARAMETER["scale_factor", 1.0], 
  PARAMETER["false_easting", 0.0], 
  PARAMETER["false_northing", 0.0], 
  UNIT["m", 1.0], 
  AXIS["Easting", EAST], 
  AXIS["Northing", NORTH], 
  AUTHORITY["EPSG","3857"]]
	Elevation = []
	Env = {}
	Exceptions = SE_XML
	FeatureId = null
	FeatureVersion = null
	Filter = null
	Format = image/png
	FormatOptions = {}
	Get = true
	Height = 256
	Interpolations = []
	Layers = [org.geoserver.wms.MapLayerInfo@78adfa13[description=<null>,label=Sentinel GEE,layerFeatureConstraints=<null>,layerGroupMetadata={},layerInfo=SecuredLayerInfo[LayerInfoImpl[vec_s2s_vec_sentinel_gee_5a893440, resource:FeatureTypeInfoImpl[vec_s2s_vec_sentinel_gee_5a893440]]],name=vec_s2s_vec_sentinel_gee_5a893440,remoteFeatureSource=<null>,style=<null>,type=0]]
	MaxFeatures = null
	Palette = null
	RawKvp = {REQUEST=GetMap, FORMAT=image/png, _T=undefined, SRS=EPSG:3857, BBOX=11231962.684336942,1448023.0638343797,11271098.44281895,1487158.8223163905, VERSION=1.1.1, STYLES=, SERVICE=WMS, WIDTH=256, HEIGHT=256, TRANSPARENT=true, LAYERS=ws_30cad3c4:vec_s2s_vec_sentinel_gee_5a893440}
	RemoteOwsType = null
	RemoteOwsURL = null
	Request = GetMap
	RequestCharset = UTF-8
	ScaleMethod = null
	Sld = null
	SldBody = null
	SldVersion = null
	SortBy = null
	SortByArrays = null
	SRS = EPSG:3857
	StartIndex = null
	StyleBody = null
	StyleFormat = sld
	Styles = [StyleImpl[ name=style_vec_s2s_vec_sentinel_gee_5a893440]]
	StyleUrl = null
	StyleVersion = null
	Tiled = false
	TilesOrigin = null
	Time = []
	Transparent = true
	ValidateSchema = false
	Version = 1.1.1
	ViewParams = null
	Width = 256
23 Sep 08:57:03 INFO   [geoserver.wms] - 
Request: getMap
	Angle = 0.0
	BaseUrl = http://localhost:8080/geoserver/
	Bbox = SRSEnvelope[1.099714813344488E7 : 1.1036283891926888E7, 1448023.0638343797 : 1487158.8223163905]
	BgColor = java.awt.Color[r=255,g=255,b=255]
	Buffer = 0
	Clip = null
	CQLFilter = null
	Crs = PROJCS["WGS 84 / Pseudo-Mercator", 
  GEOGCS["WGS 84", 
    DATUM["World Geodetic System 1984", 
      SPHEROID["WGS 84", 6378137.0, 298.257223563, AUTHORITY["EPSG","7030"]], 
      AUTHORITY["EPSG","6326"]], 
    PRIMEM["Greenwich", 0.0, AUTHORITY["EPSG","8901"]], 
    UNIT["degree", 0.017453292519943295], 
    AXIS["Geodetic longitude", EAST], 
    AXIS["Geodetic latitude", NORTH], 
    AUTHORITY["EPSG","4326"]], 
  PROJECTION["Popular Visualisation Pseudo Mercator", AUTHORITY["EPSG","1024"]], 
  PARAMETER["semi_minor", 6378137.0], 
  PARAMETER["latitude_of_origin", 0.0], 
  PARAMETER["central_meridian", 0.0], 
  PARAMETER["scale_factor", 1.0], 
  PARAMETER["false_easting", 0.0], 
  PARAMETER["false_northing", 0.0], 
  UNIT["m", 1.0], 
  AXIS["Easting", EAST], 
  AXIS["Northing", NORTH], 
  AUTHORITY["EPSG","3857"]]
	Elevation = []
	Env = {}
	Exceptions = SE_XML
	FeatureId = null
	FeatureVersion = null
	Filter = null
	Format = image/png
	FormatOptions = {}
	Get = true
	Height = 256
	Interpolations = []
	Layers = [org.geoserver.wms.MapLayerInfo@6fdb4644[description=<null>,label=Sentinel GEE,layerFeatureConstraints=<null>,layerGroupMetadata={},layerInfo=SecuredLayerInfo[LayerInfoImpl[vec_s2s_vec_sentinel_gee_5a893440, resource:FeatureTypeInfoImpl[vec_s2s_vec_sentinel_gee_5a893440]]],name=vec_s2s_vec_sentinel_gee_5a893440,remoteFeatureSource=<null>,style=<null>,type=0]]
	MaxFeatures = null
	Palette = null
	RawKvp = {REQUEST=GetMap, FORMAT=image/png, _T=undefined, SRS=EPSG:3857, BBOX=10997148.13344488,1448023.0638343797,11036283.891926888,1487158.8223163905, VERSION=1.1.1, STYLES=, SERVICE=WMS, WIDTH=256, HEIGHT=256, TRANSPARENT=true, LAYERS=ws_30cad3c4:vec_s2s_vec_sentinel_gee_5a893440}
	RemoteOwsType = null
	RemoteOwsURL = null
	Request = GetMap
	RequestCharset = UTF-8
	ScaleMethod = null
	Sld = null
	SldBody = null
	SldVersion = null
	SortBy = null
	SortByArrays = null
	SRS = EPSG:3857
	StartIndex = null
	StyleBody = null
	StyleFormat = sld
	Styles = [StyleImpl[ name=style_vec_s2s_vec_sentinel_gee_5a893440]]
	StyleUrl = null
	StyleVersion = null
	Tiled = false
	TilesOrigin = null
	Time = []
	Transparent = true
	ValidateSchema = false
	Version = 1.1.1
	ViewParams = null
	Width = 256
23 Sep 08:57:03 INFO   [geoserver.flow] - releasing flow controllers for [WMS 1.1.1 GetMap]
23 Sep 08:57:03 INFO   [geoserver.flow] - releasing flow controllers for [WMS 1.1.1 GetMap]
23 Sep 08:57:03 INFO   [geoserver.flow] - Request completed, running requests: 1, blocked requests: 0
23 Sep 08:57:03 INFO   [geoserver.flow] - Request completed, running requests: 1, blocked requests: 0
23 Sep 08:57:03 INFO   [geoserver.flow] - releasing flow controllers for [WMS 1.1.1 GetMap]
23 Sep 08:57:03 INFO   [geoserver.flow] - releasing flow controllers for [WMS 1.1.1 GetMap]
23 Sep 08:57:03 INFO   [geoserver.flow] - Request completed, running requests: 0, blocked requests: 0
23 Sep 08:57:03 INFO   [geoserver.wms] - 
Request: getServiceInfo
23 Sep 08:57:03 INFO   [geoserver.flow] - Request completed, running requests: 0, blocked requests: 0
23 Sep 08:57:03 INFO   [geoserver.wms] - 
Request: getServiceInfo
23 Sep 08:57:03 INFO   [geoserver.flow] - Request [WMS 1.1.1 GetMap] starting, processing through flow controllers
23 Sep 08:57:03 INFO   [geoserver.flow] - Request [WMS 1.1.1 GetMap] starting, processing through flow controllers
23 Sep 08:57:03 INFO   [geoserver.flow] - Request control-flow performed, running requests: 0, blocked requests: 1
23 Sep 08:57:03 INFO   [geoserver.flow] - releasing flow controllers for [WMS 1.1.1 GetMap]
23 Sep 08:57:03 INFO   [geoserver.flow] - Request completed, running requests: 0, blocked requests: 0
23 Sep 08:57:03 INFO   [geoserver.wms] - 
Request: getServiceInfo
23 Sep 08:57:03 INFO   [geoserver.flow] - Request control-flow performed, running requests: 0, blocked requests: 0
23 Sep 08:57:03 INFO   [geoserver.flow] - releasing flow controllers for [WMS 1.1.1 GetMap]
23 Sep 08:57:03 INFO   [geoserver.wms] - 
Request: getServiceInfo
23 Sep 08:57:03 INFO   [geoserver.wms] - 
Request: getServiceInfo
23 Sep 08:57:03 INFO   [geoserver.flow] - Request completed, running requests: 0, blocked requests: 1
23 Sep 08:57:03 INFO   [geoserver.wms] - 
Request: getServiceInfo
23 Sep 08:57:03 INFO   [geoserver.flow] - Request [WMS 1.1.1 GetMap] starting, processing through flow controllers
23 Sep 08:57:03 INFO   [geoserver.wms] - 
Request: getServiceInfo
23 Sep 08:57:03 INFO   [geoserver.flow] - Request [WMS 1.1.1 GetMap] starting, processing through flow controllers
23 Sep 08:57:03 INFO   [geoserver.flow] - Request [WMS 1.1.1 GetMap] starting, processing through flow controllers
23 Sep 08:57:03 INFO   [geoserver.flow] - Request control-flow performed, running requests: 0, blocked requests: 2
23 Sep 08:57:03 INFO   [geoserver.flow] - Request control-flow performed, running requests: 0, blocked requests: 3
23 Sep 08:57:03 INFO   [geoserver.flow] - Request [WMS 1.1.1 GetMap] starting, processing through flow controllers
23 Sep 08:57:03 INFO   [geoserver.flow] - Request control-flow performed, running requests: 0, blocked requests: 3
23 Sep 08:57:03 INFO   [geoserver.flow] - Request [WMS 1.1.1 GetMap] starting, processing through flow controllers
23 Sep 08:57:03 INFO   [geoserver.flow] - Request control-flow performed, running requests: 0, blocked requests: 1
23 Sep 08:57:03 INFO   [geoserver.flow] - releasing flow controllers for [WMS 1.1.1 GetMap]
23 Sep 08:57:03 INFO   [geoserver.flow] - releasing flow controllers for [WMS 1.1.1 GetMap]
23 Sep 08:57:03 INFO   [geoserver.flow] - releasing flow controllers for [WMS 1.1.1 GetMap]
23 Sep 08:57:03 INFO   [geoserver.flow] - Request control-flow performed, running requests: 0, blocked requests: 0
23 Sep 08:57:03 INFO   [geoserver.wms] - 
Request: getServiceInfo
23 Sep 08:57:03 INFO   [geoserver.flow] - releasing flow controllers for [WMS 1.1.1 GetMap]
23 Sep 08:57:03 INFO   [geoserver.flow] - Request completed, running requests: 0, blocked requests: 0
23 Sep 08:57:03 INFO   [geoserver.flow] - Request completed, running requests: 0, blocked requests: 0
23 Sep 08:57:03 INFO   [geoserver.flow] - releasing flow controllers for [WMS 1.1.1 GetMap]
23 Sep 08:57:03 INFO   [geoserver.flow] - Request [WMS 1.1.1 GetMap] starting, processing through flow controllers
23 Sep 08:57:03 INFO   [geoserver.flow] - Request completed, running requests: 0, blocked requests: 0
23 Sep 08:57:03 INFO   [geoserver.flow] - Request completed, running requests: 0, blocked requests: 1
23 Sep 08:57:03 INFO   [geoserver.flow] - Request control-flow performed, running requests: 0, blocked requests: 0
23 Sep 08:57:03 INFO   [geoserver.flow] - Request completed, running requests: 0, blocked requests: 0
23 Sep 08:57:03 INFO   [geoserver.wms] - 
Request: getServiceInfo
23 Sep 08:57:03 INFO   [geoserver.flow] - releasing flow controllers for [WMS 1.1.1 GetMap]
23 Sep 08:57:03 INFO   [geoserver.wms] - 
Request: getServiceInfo
23 Sep 08:57:03 INFO   [geoserver.wms] - 
Request: getServiceInfo
23 Sep 08:57:03 INFO   [geoserver.flow] - Request completed, running requests: 0, blocked requests: 1
23 Sep 08:57:03 INFO   [geoserver.flow] - Request [WMS 1.1.1 GetMap] starting, processing through flow controllers
23 Sep 08:57:03 INFO   [geoserver.flow] - Request [WMS 1.1.1 GetMap] starting, processing through flow controllers
23 Sep 08:57:03 INFO   [geoserver.flow] - Request [WMS 1.1.1 GetMap] starting, processing through flow controllers
23 Sep 08:57:03 INFO   [geoserver.wms] - 
Request: getServiceInfo
23 Sep 08:57:03 INFO   [geoserver.flow] - Request control-flow performed, running requests: 0, blocked requests: 0
23 Sep 08:57:03 INFO   [geoserver.flow] - Request control-flow performed, running requests: 0, blocked requests: 2
23 Sep 08:57:03 INFO   [geoserver.flow] - Request control-flow performed, running requests: 0, blocked requests: 1
23 Sep 08:57:03 INFO   [geoserver.flow] - releasing flow controllers for [WMS 1.1.1 GetMap]
23 Sep 08:57:03 INFO   [geoserver.flow] - Request completed, running requests: 0, blocked requests: 1
23 Sep 08:57:03 INFO   [geoserver.wms] - 
Request: getServiceInfo
23 Sep 08:57:03 INFO   [geoserver.flow] - Request [WMS 1.1.1 GetMap] starting, processing through flow controllers
23 Sep 08:57:03 INFO   [geoserver.flow] - releasing flow controllers for [WMS 1.1.1 GetMap]
23 Sep 08:57:03 INFO   [geoserver.flow] - Request completed, running requests: 0, blocked requests: 0
23 Sep 08:57:03 INFO   [geoserver.wms] - 
Request: getServiceInfo
23 Sep 08:57:03 INFO   [geoserver.flow] - Request control-flow performed, running requests: 0, blocked requests: 0
23 Sep 08:57:03 INFO   [geoserver.flow] - releasing flow controllers for [WMS 1.1.1 GetMap]
23 Sep 08:57:03 INFO   [geoserver.flow] - Request [WMS 1.1.1 GetMap] starting, processing through flow controllers
23 Sep 08:57:03 INFO   [geoserver.flow] - releasing flow controllers for [WMS 1.1.1 GetMap]
23 Sep 08:57:03 INFO   [geoserver.flow] - Request [WMS 1.1.1 GetMap] starting, processing through flow controllers
23 Sep 08:57:03 INFO   [geoserver.flow] - Request completed, running requests: 0, blocked requests: 2
23 Sep 08:57:03 INFO   [geoserver.flow] - Request control-flow performed, running requests: 0, blocked requests: 1
23 Sep 08:57:03 INFO   [geoserver.flow] - Request completed, running requests: 0, blocked requests: 1
23 Sep 08:57:03 INFO   [geoserver.wms] - 
Request: getServiceInfo
23 Sep 08:57:03 INFO   [geoserver.flow] - Request control-flow performed, running requests: 0, blocked requests: 0
23 Sep 08:57:03 INFO   [geoserver.wms] - 
Request: getServiceInfo
23 Sep 08:57:03 INFO   [geoserver.flow] - releasing flow controllers for [WMS 1.1.1 GetMap]
23 Sep 08:57:03 INFO   [geoserver.flow] - Request [WMS 1.1.1 GetMap] starting, processing through flow controllers
23 Sep 08:57:03 INFO   [geoserver.flow] - releasing flow controllers for [WMS 1.1.1 GetMap]
23 Sep 08:57:03 INFO   [geoserver.flow] - Request completed, running requests: 0, blocked requests: 1
23 Sep 08:57:03 INFO   [geoserver.flow] - Request completed, running requests: 0, blocked requests: 2
23 Sep 08:57:03 INFO   [geoserver.flow] - Request [WMS 1.1.1 GetMap] starting, processing through flow controllers
23 Sep 08:57:03 INFO   [geoserver.wms] - 
Request: getServiceInfo
23 Sep 08:57:03 INFO   [geoserver.flow] - Request [WMS 1.1.1 GetMap] starting, processing through flow controllers
23 Sep 08:57:03 INFO   [geoserver.flow] - Request control-flow performed, running requests: 0, blocked requests: 1
23 Sep 08:57:03 INFO   [geoserver.flow] - releasing flow controllers for [WMS 1.1.1 GetMap]
23 Sep 08:57:03 INFO   [geoserver.flow] - Request control-flow performed, running requests: 0, blocked requests: 0
23 Sep 08:57:03 INFO   [geoserver.flow] - Request control-flow performed, running requests: 0, blocked requests: 0
23 Sep 08:57:03 INFO   [geoserver.wms] - 
Request: getServiceInfo
23 Sep 08:57:03 INFO   [geoserver.flow] - releasing flow controllers for [WMS 1.1.1 GetMap]
23 Sep 08:57:03 INFO   [geoserver.flow] - releasing flow controllers for [WMS 1.1.1 GetMap]
23 Sep 08:57:03 INFO   [geoserver.flow] - Request completed, running requests: 0, blocked requests: 0
23 Sep 08:57:04 INFO   [geoserver.flow] - Request completed, running requests: 0, blocked requests: 1
23 Sep 08:57:04 INFO   [geoserver.flow] - Request [WMS 1.1.1 GetMap] starting, processing through flow controllers
23 Sep 08:57:04 INFO   [geoserver.flow] - Request completed, running requests: 0, blocked requests: 1
23 Sep 08:57:04 INFO   [geoserver.flow] - Request control-flow performed, running requests: 1, blocked requests: 0
23 Sep 08:57:04 INFO   [geoserver.wms] - 
Request: getServiceInfo
23 Sep 08:57:04 INFO   [geoserver.flow] - Request [WMS 1.1.1 GetMap] starting, processing through flow controllers
23 Sep 08:57:04 INFO   [geoserver.flow] - Request control-flow performed, running requests: 2, blocked requests: 0
23 Sep 08:57:04 INFO   [geoserver.wms] - 
Request: getServiceInfo
23 Sep 08:57:04 INFO   [geoserver.flow] - Request [WMS 1.1.1 GetMap] starting, processing through flow controllers
23 Sep 08:57:04 INFO   [geoserver.flow] - Request control-flow performed, running requests: 3, blocked requests: 0
23 Sep 08:57:04 INFO   [geoserver.wms] - 
Request: getMap
	Angle = 0.0
	BaseUrl = http://localhost:8080/geoserver/
	Bbox = SRSEnvelope[1.1114555408890909E7 : 1.115369116737292E7, 1448023.0638343797 : 1487158.8223163905]
	BgColor = java.awt.Color[r=255,g=255,b=255]
	Buffer = 0
	Clip = null
	CQLFilter = null
	Crs = PROJCS["WGS 84 / Pseudo-Mercator", 
  GEOGCS["WGS 84", 
    DATUM["World Geodetic System 1984", 
      SPHEROID["WGS 84", 6378137.0, 298.257223563, AUTHORITY["EPSG","7030"]], 
      AUTHORITY["EPSG","6326"]], 
    PRIMEM["Greenwich", 0.0, AUTHORITY["EPSG","8901"]], 
    UNIT["degree", 0.017453292519943295], 
    AXIS["Geodetic longitude", EAST], 
    AXIS["Geodetic latitude", NORTH], 
    AUTHORITY["EPSG","4326"]], 
  PROJECTION["Popular Visualisation Pseudo Mercator", AUTHORITY["EPSG","1024"]], 
  PARAMETER["semi_minor", 6378137.0], 
  PARAMETER["latitude_of_origin", 0.0], 
  PARAMETER["central_meridian", 0.0], 
  PARAMETER["scale_factor", 1.0], 
  PARAMETER["false_easting", 0.0], 
  PARAMETER["false_northing", 0.0], 
  UNIT["m", 1.0], 
  AXIS["Easting", EAST], 
  AXIS["Northing", NORTH], 
  AUTHORITY["EPSG","3857"]]
	Elevation = []
	Env = {}
	Exceptions = SE_XML
	FeatureId = null
	FeatureVersion = null
	Filter = null
	Format = image/png
	FormatOptions = {}
	Get = true
	Height = 256
	Interpolations = []
	Layers = [org.geoserver.wms.MapLayerInfo@3ebe4473[description=<null>,label=Agriculture area poly,layerFeatureConstraints=<null>,layerGroupMetadata={},layerInfo=SecuredLayerInfo[LayerInfoImpl[vec_s2s_vec_agriculture_area_pol_e832f923, resource:FeatureTypeInfoImpl[vec_s2s_vec_agriculture_area_pol_e832f923]]],name=vec_s2s_vec_agriculture_area_pol_e832f923,remoteFeatureSource=<null>,style=<null>,type=0]]
	MaxFeatures = null
	Palette = null
	RawKvp = {REQUEST=GetMap, FORMAT=image/png, _T=undefined, SRS=EPSG:3857, BBOX=11114555.408890909,1448023.0638343797,11153691.16737292,1487158.8223163905, VERSION=1.1.1, STYLES=, SERVICE=WMS, WIDTH=256, HEIGHT=256, TRANSPARENT=true, LAYERS=ws_30cad3c4:vec_s2s_vec_agriculture_area_pol_e832f923}
	RemoteOwsType = null
	RemoteOwsURL = null
	Request = GetMap
	RequestCharset = UTF-8
	ScaleMethod = null
	Sld = null
	SldBody = null
	SldVersion = null
	SortBy = null
	SortByArrays = null
	SRS = EPSG:3857
	StartIndex = null
	StyleBody = null
	StyleFormat = sld
	Styles = [StyleImpl[ name=style_vec_s2s_vec_agriculture_area_pol_e832f923]]
	StyleUrl = null
	StyleVersion = null
	Tiled = false
	TilesOrigin = null
	Time = []
	Transparent = true
	ValidateSchema = false
	Version = 1.1.1
	ViewParams = null
	Width = 256
23 Sep 08:57:04 INFO   [geoserver.wms] - 
Request: getMap
	Angle = 0.0
	BaseUrl = http://localhost:8080/geoserver/
	Bbox = SRSEnvelope[1.10754196504089E7 : 1.1114555408890909E7, 1448023.0638343797 : 1487158.8223163905]
	BgColor = java.awt.Color[r=255,g=255,b=255]
	Buffer = 0
	Clip = null
	CQLFilter = null
	Crs = PROJCS["WGS 84 / Pseudo-Mercator", 
  GEOGCS["WGS 84", 
    DATUM["World Geodetic System 1984", 
      SPHEROID["WGS 84", 6378137.0, 298.257223563, AUTHORITY["EPSG","7030"]], 
      AUTHORITY["EPSG","6326"]], 
    PRIMEM["Greenwich", 0.0, AUTHORITY["EPSG","8901"]], 
    UNIT["degree", 0.017453292519943295], 
    AXIS["Geodetic longitude", EAST], 
    AXIS["Geodetic latitude", NORTH], 
    AUTHORITY["EPSG","4326"]], 
  PROJECTION["Popular Visualisation Pseudo Mercator", AUTHORITY["EPSG","1024"]], 
  PARAMETER["semi_minor", 6378137.0], 
  PARAMETER["latitude_of_origin", 0.0], 
  PARAMETER["central_meridian", 0.0], 
  PARAMETER["scale_factor", 1.0], 
  PARAMETER["false_easting", 0.0], 
  PARAMETER["false_northing", 0.0], 
  UNIT["m", 1.0], 
  AXIS["Easting", EAST], 
  AXIS["Northing", NORTH], 
  AUTHORITY["EPSG","3857"]]
	Elevation = []
	Env = {}
	Exceptions = SE_XML
	FeatureId = null
	FeatureVersion = null
	Filter = null
	Format = image/png
	FormatOptions = {}
	Get = true
	Height = 256
	Interpolations = []
	Layers = [org.geoserver.wms.MapLayerInfo@11987af4[description=<null>,label=Agriculture area poly,layerFeatureConstraints=<null>,layerGroupMetadata={},layerInfo=SecuredLayerInfo[LayerInfoImpl[vec_s2s_vec_agriculture_area_pol_e832f923, resource:FeatureTypeInfoImpl[vec_s2s_vec_agriculture_area_pol_e832f923]]],name=vec_s2s_vec_agriculture_area_pol_e832f923,remoteFeatureSource=<null>,style=<null>,type=0]]
	MaxFeatures = null
	Palette = null
	RawKvp = {REQUEST=GetMap, FORMAT=image/png, _T=undefined, SRS=EPSG:3857, BBOX=11075419.6504089,1448023.0638343797,11114555.408890909,1487158.8223163905, VERSION=1.1.1, STYLES=, SERVICE=WMS, WIDTH=256, HEIGHT=256, TRANSPARENT=true, LAYERS=ws_30cad3c4:vec_s2s_vec_agriculture_area_pol_e832f923}
	RemoteOwsType = null
	RemoteOwsURL = null
	Request = GetMap
	RequestCharset = UTF-8
	ScaleMethod = null
	Sld = null
	SldBody = null
	SldVersion = null
	SortBy = null
	SortByArrays = null
	SRS = EPSG:3857
	StartIndex = null
	StyleBody = null
	StyleFormat = sld
	Styles = [StyleImpl[ name=style_vec_s2s_vec_agriculture_area_pol_e832f923]]
	StyleUrl = null
	StyleVersion = null
	Tiled = false
	TilesOrigin = null
	Time = []
	Transparent = true
	ValidateSchema = false
	Version = 1.1.1
	ViewParams = null
	Width = 256
23 Sep 08:57:04 INFO   [geoserver.flow] - releasing flow controllers for [WMS 1.1.1 GetMap]
23 Sep 08:57:04 INFO   [geoserver.flow] - Request completed, running requests: 2, blocked requests: 0
23 Sep 08:57:04 INFO   [geoserver.flow] - releasing flow controllers for [WMS 1.1.1 GetMap]
23 Sep 08:57:04 INFO   [geoserver.flow] - Request completed, running requests: 1, blocked requests: 0
23 Sep 08:57:04 INFO   [geoserver.wms] - 
Request: getServiceInfo
23 Sep 08:57:04 INFO   [geoserver.wms] - 
Request: getMap
	Angle = 0.0
	BaseUrl = http://localhost:8080/geoserver/
	Bbox = SRSEnvelope[1.115369116737292E7 : 1.119282692585493E7, 1448023.0638343797 : 1487158.8223163905]
	BgColor = java.awt.Color[r=255,g=255,b=255]
	Buffer = 0
	Clip = null
	CQLFilter = null
	Crs = PROJCS["WGS 84 / Pseudo-Mercator", 
  GEOGCS["WGS 84", 
    DATUM["World Geodetic System 1984", 
      SPHEROID["WGS 84", 6378137.0, 298.257223563, AUTHORITY["EPSG","7030"]], 
      AUTHORITY["EPSG","6326"]], 
    PRIMEM["Greenwich", 0.0, AUTHORITY["EPSG","8901"]], 
    UNIT["degree", 0.017453292519943295], 
    AXIS["Geodetic longitude", EAST], 
    AXIS["Geodetic latitude", NORTH], 
    AUTHORITY["EPSG","4326"]], 
  PROJECTION["Popular Visualisation Pseudo Mercator", AUTHORITY["EPSG","1024"]], 
  PARAMETER["semi_minor", 6378137.0], 
  PARAMETER["latitude_of_origin", 0.0], 
  PARAMETER["central_meridian", 0.0], 
  PARAMETER["scale_factor", 1.0], 
  PARAMETER["false_easting", 0.0], 
  PARAMETER["false_northing", 0.0], 
  UNIT["m", 1.0], 
  AXIS["Easting", EAST], 
  AXIS["Northing", NORTH], 
  AUTHORITY["EPSG","3857"]]
	Elevation = []
	Env = {}
	Exceptions = SE_XML
	FeatureId = null
	FeatureVersion = null
	Filter = null
	Format = image/png
	FormatOptions = {}
	Get = true
	Height = 256
	Interpolations = []
	Layers = [org.geoserver.wms.MapLayerInfo@5bd1d4ae[description=<null>,label=Agriculture area poly,layerFeatureConstraints=<null>,layerGroupMetadata={},layerInfo=SecuredLayerInfo[LayerInfoImpl[vec_s2s_vec_agriculture_area_pol_e832f923, resource:FeatureTypeInfoImpl[vec_s2s_vec_agriculture_area_pol_e832f923]]],name=vec_s2s_vec_agriculture_area_pol_e832f923,remoteFeatureSource=<null>,style=<null>,type=0]]
	MaxFeatures = null
	Palette = null
	RawKvp = {REQUEST=GetMap, FORMAT=image/png, _T=undefined, SRS=EPSG:3857, BBOX=11153691.16737292,1448023.0638343797,11192826.92585493,1487158.8223163905, VERSION=1.1.1, STYLES=, SERVICE=WMS, WIDTH=256, HEIGHT=256, TRANSPARENT=true, LAYERS=ws_30cad3c4:vec_s2s_vec_agriculture_area_pol_e832f923}
	RemoteOwsType = null
	RemoteOwsURL = null
	Request = GetMap
	RequestCharset = UTF-8
	ScaleMethod = null
	Sld = null
	SldBody = null
	SldVersion = null
	SortBy = null
	SortByArrays = null
	SRS = EPSG:3857
	StartIndex = null
	StyleBody = null
	StyleFormat = sld
	Styles = [StyleImpl[ name=style_vec_s2s_vec_agriculture_area_pol_e832f923]]
	StyleUrl = null
	StyleVersion = null
	Tiled = false
	TilesOrigin = null
	Time = []
	Transparent = true
	ValidateSchema = false
	Version = 1.1.1
	ViewParams = null
	Width = 256
23 Sep 08:57:04 INFO   [geoserver.wms] - 
Request: getServiceInfo
23 Sep 08:57:04 INFO   [geoserver.wms] - 
Request: getServiceInfo
23 Sep 08:57:04 INFO   [geoserver.flow] - Request [WMS 1.1.1 GetMap] starting, processing through flow controllers
23 Sep 08:57:04 INFO   [geoserver.flow] - Request control-flow performed, running requests: 2, blocked requests: 2
23 Sep 08:57:04 INFO   [geoserver.flow] - Request [WMS 1.1.1 GetMap] starting, processing through flow controllers
23 Sep 08:57:04 INFO   [geoserver.flow] - Request [WMS 1.1.1 GetMap] starting, processing through flow controllers
23 Sep 08:57:04 INFO   [geoserver.wms] - 
Request: getServiceInfo
23 Sep 08:57:04 INFO   [geoserver.flow] - Request control-flow performed, running requests: 2, blocked requests: 1
23 Sep 08:57:04 INFO   [geoserver.flow] - Request [WMS 1.1.1 GetMap] starting, processing through flow controllers
23 Sep 08:57:04 INFO   [geoserver.flow] - Request control-flow performed, running requests: 3, blocked requests: 0
23 Sep 08:57:04 INFO   [geoserver.flow] - releasing flow controllers for [WMS 1.1.1 GetMap]
23 Sep 08:57:04 INFO   [geoserver.flow] - Request control-flow performed, running requests: 4, blocked requests: 0
23 Sep 08:57:04 INFO   [geoserver.flow] - Request completed, running requests: 4, blocked requests: 0
23 Sep 08:57:04 INFO   [geoserver.wms] - 
Request: getMap
	Angle = 0.0
	BaseUrl = http://localhost:8080/geoserver/
	Bbox = SRSEnvelope[1.119282692585493E7 : 1.1231962684336942E7, 1448023.0638343797 : 1487158.8223163905]
	BgColor = java.awt.Color[r=255,g=255,b=255]
	Buffer = 0
	Clip = null
	CQLFilter = null
	Crs = PROJCS["WGS 84 / Pseudo-Mercator", 
  GEOGCS["WGS 84", 
    DATUM["World Geodetic System 1984", 
      SPHEROID["WGS 84", 6378137.0, 298.257223563, AUTHORITY["EPSG","7030"]], 
      AUTHORITY["EPSG","6326"]], 
    PRIMEM["Greenwich", 0.0, AUTHORITY["EPSG","8901"]], 
    UNIT["degree", 0.017453292519943295], 
    AXIS["Geodetic longitude", EAST], 
    AXIS["Geodetic latitude", NORTH], 
    AUTHORITY["EPSG","4326"]], 
  PROJECTION["Popular Visualisation Pseudo Mercator", AUTHORITY["EPSG","1024"]], 
  PARAMETER["semi_minor", 6378137.0], 
  PARAMETER["latitude_of_origin", 0.0], 
  PARAMETER["central_meridian", 0.0], 
  PARAMETER["scale_factor", 1.0], 
  PARAMETER["false_easting", 0.0], 
  PARAMETER["false_northing", 0.0], 
  UNIT["m", 1.0], 
  AXIS["Easting", EAST], 
  AXIS["Northing", NORTH], 
  AUTHORITY["EPSG","3857"]]
	Elevation = []
	Env = {}
	Exceptions = SE_XML
	FeatureId = null
	FeatureVersion = null
	Filter = null
	Format = image/png
	FormatOptions = {}
	Get = true
	Height = 256
	Interpolations = []
	Layers = [org.geoserver.wms.MapLayerInfo@7690710f[description=<null>,label=Agriculture area poly,layerFeatureConstraints=<null>,layerGroupMetadata={},layerInfo=SecuredLayerInfo[LayerInfoImpl[vec_s2s_vec_agriculture_area_pol_e832f923, resource:FeatureTypeInfoImpl[vec_s2s_vec_agriculture_area_pol_e832f923]]],name=vec_s2s_vec_agriculture_area_pol_e832f923,remoteFeatureSource=<null>,style=<null>,type=0]]
	MaxFeatures = null
	Palette = null
	RawKvp = {REQUEST=GetMap, FORMAT=image/png, _T=undefined, SRS=EPSG:3857, BBOX=11192826.92585493,1448023.0638343797,11231962.684336942,1487158.8223163905, VERSION=1.1.1, STYLES=, SERVICE=WMS, WIDTH=256, HEIGHT=256, TRANSPARENT=true, LAYERS=ws_30cad3c4:vec_s2s_vec_agriculture_area_pol_e832f923}
	RemoteOwsType = null
	RemoteOwsURL = null
	Request = GetMap
	RequestCharset = UTF-8
	ScaleMethod = null
	Sld = null
	SldBody = null
	SldVersion = null
	SortBy = null
	SortByArrays = null
	SRS = EPSG:3857
	StartIndex = null
	StyleBody = null
	StyleFormat = sld
	Styles = [StyleImpl[ name=style_vec_s2s_vec_agriculture_area_pol_e832f923]]
	StyleUrl = null
	StyleVersion = null
	Tiled = false
	TilesOrigin = null
	Time = []
	Transparent = true
	ValidateSchema = false
	Version = 1.1.1
	ViewParams = null
	Width = 256
23 Sep 08:57:04 INFO   [geoserver.wms] - 
Request: getMap
	Angle = 0.0
	BaseUrl = http://localhost:8080/geoserver/
	Bbox = SRSEnvelope[1.1231962684336942E7 : 1.127109844281895E7, 1448023.0638343797 : 1487158.8223163905]
	BgColor = java.awt.Color[r=255,g=255,b=255]
	Buffer = 0
	Clip = null
	CQLFilter = null
	Crs = PROJCS["WGS 84 / Pseudo-Mercator", 
  GEOGCS["WGS 84", 
    DATUM["World Geodetic System 1984", 
      SPHEROID["WGS 84", 6378137.0, 298.257223563, AUTHORITY["EPSG","7030"]], 
      AUTHORITY["EPSG","6326"]], 
    PRIMEM["Greenwich", 0.0, AUTHORITY["EPSG","8901"]], 
    UNIT["degree", 0.017453292519943295], 
    AXIS["Geodetic longitude", EAST], 
    AXIS["Geodetic latitude", NORTH], 
    AUTHORITY["EPSG","4326"]], 
  PROJECTION["Popular Visualisation Pseudo Mercator", AUTHORITY["EPSG","1024"]], 
  PARAMETER["semi_minor", 6378137.0], 
  PARAMETER["latitude_of_origin", 0.0], 
  PARAMETER["central_meridian", 0.0], 
  PARAMETER["scale_factor", 1.0], 
  PARAMETER["false_easting", 0.0], 
  PARAMETER["false_northing", 0.0], 
  UNIT["m", 1.0], 
  AXIS["Easting", EAST], 
  AXIS["Northing", NORTH], 
  AUTHORITY["EPSG","3857"]]
	Elevation = []
	Env = {}
	Exceptions = SE_XML
	FeatureId = null
	FeatureVersion = null
	Filter = null
	Format = image/png
	FormatOptions = {}
	Get = true
	Height = 256
	Interpolations = []
	Layers = [org.geoserver.wms.MapLayerInfo@7d3653ea[description=<null>,label=Agriculture area poly,layerFeatureConstraints=<null>,layerGroupMetadata={},layerInfo=SecuredLayerInfo[LayerInfoImpl[vec_s2s_vec_agriculture_area_pol_e832f923, resource:FeatureTypeInfoImpl[vec_s2s_vec_agriculture_area_pol_e832f923]]],name=vec_s2s_vec_agriculture_area_pol_e832f923,remoteFeatureSource=<null>,style=<null>,type=0]]
	MaxFeatures = null
	Palette = null
	RawKvp = {REQUEST=GetMap, FORMAT=image/png, _T=undefined, SRS=EPSG:3857, BBOX=11231962.684336942,1448023.0638343797,11271098.44281895,1487158.8223163905, VERSION=1.1.1, STYLES=, SERVICE=WMS, WIDTH=256, HEIGHT=256, TRANSPARENT=true, LAYERS=ws_30cad3c4:vec_s2s_vec_agriculture_area_pol_e832f923}
	RemoteOwsType = null
	RemoteOwsURL = null
	Request = GetMap
	RequestCharset = UTF-8
	ScaleMethod = null
	Sld = null
	SldBody = null
	SldVersion = null
	SortBy = null
	SortByArrays = null
	SRS = EPSG:3857
	StartIndex = null
	StyleBody = null
	StyleFormat = sld
	Styles = [StyleImpl[ name=style_vec_s2s_vec_agriculture_area_pol_e832f923]]
	StyleUrl = null
	StyleVersion = null
	Tiled = false
	TilesOrigin = null
	Time = []
	Transparent = true
	ValidateSchema = false
	Version = 1.1.1
	ViewParams = null
	Width = 256
23 Sep 08:57:04 INFO   [geoserver.wms] - 
Request: getMap
	Angle = 0.0
	BaseUrl = http://localhost:8080/geoserver/
	Bbox = SRSEnvelope[1.1036283891926888E7 : 1.10754196504089E7, 1448023.0638343797 : 1487158.8223163905]
	BgColor = java.awt.Color[r=255,g=255,b=255]
	Buffer = 0
	Clip = null
	CQLFilter = null
	Crs = PROJCS["WGS 84 / Pseudo-Mercator", 
  GEOGCS["WGS 84", 
    DATUM["World Geodetic System 1984", 
      SPHEROID["WGS 84", 6378137.0, 298.257223563, AUTHORITY["EPSG","7030"]], 
      AUTHORITY["EPSG","6326"]], 
    PRIMEM["Greenwich", 0.0, AUTHORITY["EPSG","8901"]], 
    UNIT["degree", 0.017453292519943295], 
    AXIS["Geodetic longitude", EAST], 
    AXIS["Geodetic latitude", NORTH], 
    AUTHORITY["EPSG","4326"]], 
  PROJECTION["Popular Visualisation Pseudo Mercator", AUTHORITY["EPSG","1024"]], 
  PARAMETER["semi_minor", 6378137.0], 
  PARAMETER["latitude_of_origin", 0.0], 
  PARAMETER["central_meridian", 0.0], 
  PARAMETER["scale_factor", 1.0], 
  PARAMETER["false_easting", 0.0], 
  PARAMETER["false_northing", 0.0], 
  UNIT["m", 1.0], 
  AXIS["Easting", EAST], 
  AXIS["Northing", NORTH], 
  AUTHORITY["EPSG","3857"]]
	Elevation = []
	Env = {}
	Exceptions = SE_XML
	FeatureId = null
	FeatureVersion = null
	Filter = null
	Format = image/png
	FormatOptions = {}
	Get = true
	Height = 256
	Interpolations = []
	Layers = [org.geoserver.wms.MapLayerInfo@3d57c2d[description=<null>,label=Agriculture area poly,layerFeatureConstraints=<null>,layerGroupMetadata={},layerInfo=SecuredLayerInfo[LayerInfoImpl[vec_s2s_vec_agriculture_area_pol_e832f923, resource:FeatureTypeInfoImpl[vec_s2s_vec_agriculture_area_pol_e832f923]]],name=vec_s2s_vec_agriculture_area_pol_e832f923,remoteFeatureSource=<null>,style=<null>,type=0]]
	MaxFeatures = null
	Palette = null
	RawKvp = {REQUEST=GetMap, FORMAT=image/png, _T=undefined, SRS=EPSG:3857, BBOX=11036283.891926888,1448023.0638343797,11075419.6504089,1487158.8223163905, VERSION=1.1.1, STYLES=, SERVICE=WMS, WIDTH=256, HEIGHT=256, TRANSPARENT=true, LAYERS=ws_30cad3c4:vec_s2s_vec_agriculture_area_pol_e832f923}
	RemoteOwsType = null
	RemoteOwsURL = null
	Request = GetMap
	RequestCharset = UTF-8
	ScaleMethod = null
	Sld = null
	SldBody = null
	SldVersion = null
	SortBy = null
	SortByArrays = null
	SRS = EPSG:3857
	StartIndex = null
	StyleBody = null
	StyleFormat = sld
	Styles = [StyleImpl[ name=style_vec_s2s_vec_agriculture_area_pol_e832f923]]
	StyleUrl = null
	StyleVersion = null
	Tiled = false
	TilesOrigin = null
	Time = []
	Transparent = true
	ValidateSchema = false
	Version = 1.1.1
	ViewParams = null
	Width = 256
23 Sep 08:57:04 INFO   [geoserver.flow] - releasing flow controllers for [WMS 1.1.1 GetMap]
23 Sep 08:57:04 INFO   [geoserver.flow] - releasing flow controllers for [WMS 1.1.1 GetMap]
23 Sep 08:57:04 INFO   [geoserver.flow] - Request completed, running requests: 2, blocked requests: 0
23 Sep 08:57:04 INFO   [geoserver.flow] - Request completed, running requests: 2, blocked requests: 0
23 Sep 08:57:04 INFO   [geoserver.wms] - 
Request: getMap
	Angle = 0.0
	BaseUrl = http://localhost:8080/geoserver/
	Bbox = SRSEnvelope[1.099714813344488E7 : 1.1036283891926888E7, 1448023.0638343797 : 1487158.8223163905]
	BgColor = java.awt.Color[r=255,g=255,b=255]
	Buffer = 0
	Clip = null
	CQLFilter = null
	Crs = PROJCS["WGS 84 / Pseudo-Mercator", 
  GEOGCS["WGS 84", 
    DATUM["World Geodetic System 1984", 
      SPHEROID["WGS 84", 6378137.0, 298.257223563, AUTHORITY["EPSG","7030"]], 
      AUTHORITY["EPSG","6326"]], 
    PRIMEM["Greenwich", 0.0, AUTHORITY["EPSG","8901"]], 
    UNIT["degree", 0.017453292519943295], 
    AXIS["Geodetic longitude", EAST], 
    AXIS["Geodetic latitude", NORTH], 
    AUTHORITY["EPSG","4326"]], 
  PROJECTION["Popular Visualisation Pseudo Mercator", AUTHORITY["EPSG","1024"]], 
  PARAMETER["semi_minor", 6378137.0], 
  PARAMETER["latitude_of_origin", 0.0], 
  PARAMETER["central_meridian", 0.0], 
  PARAMETER["scale_factor", 1.0], 
  PARAMETER["false_easting", 0.0], 
  PARAMETER["false_northing", 0.0], 
  UNIT["m", 1.0], 
  AXIS["Easting", EAST], 
  AXIS["Northing", NORTH], 
  AUTHORITY["EPSG","3857"]]
	Elevation = []
	Env = {}
	Exceptions = SE_XML
	FeatureId = null
	FeatureVersion = null
	Filter = null
	Format = image/png
	FormatOptions = {}
	Get = true
	Height = 256
	Interpolations = []
	Layers = [org.geoserver.wms.MapLayerInfo@376734c[description=<null>,label=Agriculture area poly,layerFeatureConstraints=<null>,layerGroupMetadata={},layerInfo=SecuredLayerInfo[LayerInfoImpl[vec_s2s_vec_agriculture_area_pol_e832f923, resource:FeatureTypeInfoImpl[vec_s2s_vec_agriculture_area_pol_e832f923]]],name=vec_s2s_vec_agriculture_area_pol_e832f923,remoteFeatureSource=<null>,style=<null>,type=0]]
	MaxFeatures = null
	Palette = null
	RawKvp = {REQUEST=GetMap, FORMAT=image/png, _T=undefined, SRS=EPSG:3857, BBOX=10997148.13344488,1448023.0638343797,11036283.891926888,1487158.8223163905, VERSION=1.1.1, STYLES=, SERVICE=WMS, WIDTH=256, HEIGHT=256, TRANSPARENT=true, LAYERS=ws_30cad3c4:vec_s2s_vec_agriculture_area_pol_e832f923}
	RemoteOwsType = null
	RemoteOwsURL = null
	Request = GetMap
	RequestCharset = UTF-8
	ScaleMethod = null
	Sld = null
	SldBody = null
	SldVersion = null
	SortBy = null
	SortByArrays = null
	SRS = EPSG:3857
	StartIndex = null
	StyleBody = null
	StyleFormat = sld
	Styles = [StyleImpl[ name=style_vec_s2s_vec_agriculture_area_pol_e832f923]]
	StyleUrl = null
	StyleVersion = null
	Tiled = false
	TilesOrigin = null
	Time = []
	Transparent = true
	ValidateSchema = false
	Version = 1.1.1
	ViewParams = null
	Width = 256
23 Sep 08:57:04 INFO   [geoserver.flow] - releasing flow controllers for [WMS 1.1.1 GetMap]
23 Sep 08:57:04 INFO   [geoserver.wms] - 
Request: getServiceInfo
23 Sep 08:57:04 INFO   [geoserver.flow] - releasing flow controllers for [WMS 1.1.1 GetMap]
23 Sep 08:57:04 INFO   [geoserver.flow] - Request completed, running requests: 0, blocked requests: 1
23 Sep 08:57:04 INFO   [geoserver.flow] - Request [WMS 1.1.1 GetMap] starting, processing through flow controllers
23 Sep 08:57:04 INFO   [geoserver.flow] - Request completed, running requests: 1, blocked requests: 0
23 Sep 08:57:04 INFO   [geoserver.wms] - 
Request: getServiceInfo
23 Sep 08:57:04 INFO   [geoserver.flow] - Request control-flow performed, running requests: 1, blocked requests: 0
23 Sep 08:57:04 INFO   [geoserver.wms] - 
Request: getServiceInfo
23 Sep 08:57:04 INFO   [geoserver.flow] - Request [WMS 1.1.1 GetMap] starting, processing through flow controllers
23 Sep 08:57:04 INFO   [geoserver.flow] - Request control-flow performed, running requests: 2, blocked requests: 1
23 Sep 08:57:04 INFO   [geoserver.wms] - 
Request: getServiceInfo
23 Sep 08:57:04 INFO   [geoserver.flow] - Request [WMS 1.1.1 GetMap] starting, processing through flow controllers
23 Sep 08:57:04 INFO   [geoserver.wms] - 
Request: getServiceInfo
23 Sep 08:57:04 INFO   [geoserver.flow] - Request [WMS 1.1.1 GetMap] starting, processing through flow controllers
23 Sep 08:57:04 INFO   [geoserver.wms] - 
Request: getServiceInfo
23 Sep 08:57:04 INFO   [geoserver.flow] - Request control-flow performed, running requests: 3, blocked requests: 0
23 Sep 08:57:04 INFO   [geoserver.wms] - 
Request: getMap
	Angle = 0.0
	BaseUrl = http://localhost:8080/geoserver/
	Bbox = SRSEnvelope[1.095801237496287E7 : 1.099714813344488E7, 1448023.0638343797 : 1487158.8223163905]
	BgColor = java.awt.Color[r=255,g=255,b=255]
	Buffer = 0
	Clip = null
	CQLFilter = null
	Crs = PROJCS["WGS 84 / Pseudo-Mercator", 
  GEOGCS["WGS 84", 
    DATUM["World Geodetic System 1984", 
      SPHEROID["WGS 84", 6378137.0, 298.257223563, AUTHORITY["EPSG","7030"]], 
      AUTHORITY["EPSG","6326"]], 
    PRIMEM["Greenwich", 0.0, AUTHORITY["EPSG","8901"]], 
    UNIT["degree", 0.017453292519943295], 
    AXIS["Geodetic longitude", EAST], 
    AXIS["Geodetic latitude", NORTH], 
    AUTHORITY["EPSG","4326"]], 
  PROJECTION["Popular Visualisation Pseudo Mercator", AUTHORITY["EPSG","1024"]], 
  PARAMETER["semi_minor", 6378137.0], 
  PARAMETER["latitude_of_origin", 0.0], 
  PARAMETER["central_meridian", 0.0], 
  PARAMETER["scale_factor", 1.0], 
  PARAMETER["false_easting", 0.0], 
  PARAMETER["false_northing", 0.0], 
  UNIT["m", 1.0], 
  AXIS["Easting", EAST], 
  AXIS["Northing", NORTH], 
  AUTHORITY["EPSG","3857"]]
	Elevation = []
	Env = {}
	Exceptions = SE_XML
	FeatureId = null
	FeatureVersion = null
	Filter = null
	Format = image/png
	FormatOptions = {}
	Get = true
	Height = 256
	Interpolations = []
	Layers = [org.geoserver.wms.MapLayerInfo@7c6cc6c0[description=<null>,label=Agriculture area poly,layerFeatureConstraints=<null>,layerGroupMetadata={},layerInfo=SecuredLayerInfo[LayerInfoImpl[vec_s2s_vec_agriculture_area_pol_e832f923, resource:FeatureTypeInfoImpl[vec_s2s_vec_agriculture_area_pol_e832f923]]],name=vec_s2s_vec_agriculture_area_pol_e832f923,remoteFeatureSource=<null>,style=<null>,type=0]]
	MaxFeatures = null
	Palette = null
	RawKvp = {REQUEST=GetMap, FORMAT=image/png, _T=undefined, SRS=EPSG:3857, BBOX=10958012.37496287,1448023.0638343797,10997148.13344488,1487158.8223163905, VERSION=1.1.1, STYLES=, SERVICE=WMS, WIDTH=256, HEIGHT=256, TRANSPARENT=true, LAYERS=ws_30cad3c4:vec_s2s_vec_agriculture_area_pol_e832f923}
	RemoteOwsType = null
	RemoteOwsURL = null
	Request = GetMap
	RequestCharset = UTF-8
	ScaleMethod = null
	Sld = null
	SldBody = null
	SldVersion = null
	SortBy = null
	SortByArrays = null
	SRS = EPSG:3857
	StartIndex = null
	StyleBody = null
	StyleFormat = sld
	Styles = [StyleImpl[ name=style_vec_s2s_vec_agriculture_area_pol_e832f923]]
	StyleUrl = null
	StyleVersion = null
	Tiled = false
	TilesOrigin = null
	Time = []
	Transparent = true
	ValidateSchema = false
	Version = 1.1.1
	ViewParams = null
	Width = 256
23 Sep 08:57:04 INFO   [geoserver.flow] - Request [WMS 1.1.1 GetMap] starting, processing through flow controllers
23 Sep 08:57:04 INFO   [geoserver.flow] - Request control-flow performed, running requests: 5, blocked requests: 1
23 Sep 08:57:04 INFO   [geoserver.flow] - Request control-flow performed, running requests: 4, blocked requests: 1
23 Sep 08:57:04 INFO   [geoserver.flow] - Request [WMS 1.1.1 GetMap] starting, processing through flow controllers
23 Sep 08:57:04 INFO   [geoserver.flow] - releasing flow controllers for [WMS 1.1.1 GetMap]
23 Sep 08:57:04 INFO   [geoserver.flow] - Request control-flow performed, running requests: 5, blocked requests: 0
23 Sep 08:57:04 INFO   [geoserver.wms] - 
Request: getMap
	Angle = 0.0
	BaseUrl = http://localhost:8080/geoserver/
	Bbox = SRSEnvelope[1.127109844281895E7 : 1.131023420130096E7, 1448023.0638343797 : 1487158.8223163905]
	BgColor = java.awt.Color[r=255,g=255,b=255]
	Buffer = 0
	Clip = null
	CQLFilter = null
	Crs = PROJCS["WGS 84 / Pseudo-Mercator", 
  GEOGCS["WGS 84", 
    DATUM["World Geodetic System 1984", 
      SPHEROID["WGS 84", 6378137.0, 298.257223563, AUTHORITY["EPSG","7030"]], 
      AUTHORITY["EPSG","6326"]], 
    PRIMEM["Greenwich", 0.0, AUTHORITY["EPSG","8901"]], 
    UNIT["degree", 0.017453292519943295], 
    AXIS["Geodetic longitude", EAST], 
    AXIS["Geodetic latitude", NORTH], 
    AUTHORITY["EPSG","4326"]], 
  PROJECTION["Popular Visualisation Pseudo Mercator", AUTHORITY["EPSG","1024"]], 
  PARAMETER["semi_minor", 6378137.0], 
  PARAMETER["latitude_of_origin", 0.0], 
  PARAMETER["central_meridian", 0.0], 
  PARAMETER["scale_factor", 1.0], 
  PARAMETER["false_easting", 0.0], 
  PARAMETER["false_northing", 0.0], 
  UNIT["m", 1.0], 
  AXIS["Easting", EAST], 
  AXIS["Northing", NORTH], 
  AUTHORITY["EPSG","3857"]]
	Elevation = []
	Env = {}
	Exceptions = SE_XML
	FeatureId = null
	FeatureVersion = null
	Filter = null
	Format = image/png
	FormatOptions = {}
	Get = true
	Height = 256
	Interpolations = []
	Layers = [org.geoserver.wms.MapLayerInfo@6bc02e9d[description=<null>,label=Agriculture area poly,layerFeatureConstraints=<null>,layerGroupMetadata={},layerInfo=SecuredLayerInfo[LayerInfoImpl[vec_s2s_vec_agriculture_area_pol_e832f923, resource:FeatureTypeInfoImpl[vec_s2s_vec_agriculture_area_pol_e832f923]]],name=vec_s2s_vec_agriculture_area_pol_e832f923,remoteFeatureSource=<null>,style=<null>,type=0]]
	MaxFeatures = null
	Palette = null
	RawKvp = {REQUEST=GetMap, FORMAT=image/png, _T=undefined, SRS=EPSG:3857, BBOX=11271098.44281895,1448023.0638343797,11310234.20130096,1487158.8223163905, VERSION=1.1.1, STYLES=, SERVICE=WMS, WIDTH=256, HEIGHT=256, TRANSPARENT=true, LAYERS=ws_30cad3c4:vec_s2s_vec_agriculture_area_pol_e832f923}
	RemoteOwsType = null
	RemoteOwsURL = null
	Request = GetMap
	RequestCharset = UTF-8
	ScaleMethod = null
	Sld = null
	SldBody = null
	SldVersion = null
	SortBy = null
	SortByArrays = null
	SRS = EPSG:3857
	StartIndex = null
	StyleBody = null
	StyleFormat = sld
	Styles = [StyleImpl[ name=style_vec_s2s_vec_agriculture_area_pol_e832f923]]
	StyleUrl = null
	StyleVersion = null
	Tiled = false
	TilesOrigin = null
	Time = []
	Transparent = true
	ValidateSchema = false
	Version = 1.1.1
	ViewParams = null
	Width = 256
23 Sep 08:57:04 INFO   [geoserver.flow] - Request completed, running requests: 5, blocked requests: 0
23 Sep 08:57:04 INFO   [geoserver.flow] - releasing flow controllers for [WMS 1.1.1 GetMap]
23 Sep 08:57:04 INFO   [geoserver.flow] - Request completed, running requests: 4, blocked requests: 0
23 Sep 08:57:04 INFO   [geoserver.wms] - 
Request: getMap
	Angle = 0.0
	BaseUrl = http://localhost:8080/geoserver/
	Bbox = SRSEnvelope[1.115369116737292E7 : 1.119282692585493E7, 1448023.0638343797 : 1487158.8223163905]
	BgColor = java.awt.Color[r=255,g=255,b=255]
	Buffer = 0
	Clip = null
	CQLFilter = null
	Crs = PROJCS["WGS 84 / Pseudo-Mercator", 
  GEOGCS["WGS 84", 
    DATUM["World Geodetic System 1984", 
      SPHEROID["WGS 84", 6378137.0, 298.257223563, AUTHORITY["EPSG","7030"]], 
      AUTHORITY["EPSG","6326"]], 
    PRIMEM["Greenwich", 0.0, AUTHORITY["EPSG","8901"]], 
    UNIT["degree", 0.017453292519943295], 
    AXIS["Geodetic longitude", EAST], 
    AXIS["Geodetic latitude", NORTH], 
    AUTHORITY["EPSG","4326"]], 
  PROJECTION["Popular Visualisation Pseudo Mercator", AUTHORITY["EPSG","1024"]], 
  PARAMETER["semi_minor", 6378137.0], 
  PARAMETER["latitude_of_origin", 0.0], 
  PARAMETER["central_meridian", 0.0], 
  PARAMETER["scale_factor", 1.0], 
  PARAMETER["false_easting", 0.0], 
  PARAMETER["false_northing", 0.0], 
  UNIT["m", 1.0], 
  AXIS["Easting", EAST], 
  AXIS["Northing", NORTH], 
  AUTHORITY["EPSG","3857"]]
	Elevation = []
	Env = {}
	Exceptions = SE_XML
	FeatureId = null
	FeatureVersion = null
	Filter = null
	Format = image/png
	FormatOptions = {}
	Get = true
	Height = 256
	Interpolations = []
	Layers = [org.geoserver.wms.MapLayerInfo@308a469f[description=<null>,label=s2s_4005f011bc1e435b9e3884882eadb306,layerFeatureConstraints=<null>,layerGroupMetadata={},layerInfo=LayerInfoImpl[s2s_4005f011bc1e435b9e3884882eadb306, resource:CoverageInfoImpl[s2s_4005f011bc1e435b9e3884882eadb306]],name=ws_8df405bf:s2s_4005f011bc1e435b9e3884882eadb306,remoteFeatureSource=<null>,style=<null>,type=1]]
	MaxFeatures = null
	Palette = null
	RawKvp = {REQUEST=GetMap, FORMAT=image/png, _T=undefined, SRS=EPSG:3857, BBOX=11153691.16737292,1448023.0638343797,11192826.92585493,1487158.8223163905, VERSION=1.1.1, STYLES=, SERVICE=WMS, WIDTH=256, HEIGHT=256, TRANSPARENT=true, LAYERS=ws_8df405bf:s2s_4005f011bc1e435b9e3884882eadb306}
	RemoteOwsType = null
	RemoteOwsURL = null
	Request = GetMap
	RequestCharset = UTF-8
	ScaleMethod = null
	Sld = null
	SldBody = null
	SldVersion = null
	SortBy = null
	SortByArrays = null
	SRS = EPSG:3857
	StartIndex = null
	StyleBody = null
	StyleFormat = sld
	Styles = [StyleImpl[ name=style_s2s_4005f011bc1e435b9e3884882eadb306]]
	StyleUrl = null
	StyleVersion = null
	Tiled = false
	TilesOrigin = null
	Time = []
	Transparent = true
	ValidateSchema = false
	Version = 1.1.1
	ViewParams = null
	Width = 256
23 Sep 08:57:04 INFO   [geoserver.wms] - 
Request: getServiceInfo
23 Sep 08:57:04 INFO   [geoserver.wms] - 
Request: getMap
	Angle = 0.0
	BaseUrl = http://localhost:8080/geoserver/
	Bbox = SRSEnvelope[1.1036283891926888E7 : 1.10754196504089E7, 1448023.0638343797 : 1487158.8223163905]
	BgColor = java.awt.Color[r=255,g=255,b=255]
	Buffer = 0
	Clip = null
	CQLFilter = null
	Crs = PROJCS["WGS 84 / Pseudo-Mercator", 
  GEOGCS["WGS 84", 
    DATUM["World Geodetic System 1984", 
      SPHEROID["WGS 84", 6378137.0, 298.257223563, AUTHORITY["EPSG","7030"]], 
      AUTHORITY["EPSG","6326"]], 
    PRIMEM["Greenwich", 0.0, AUTHORITY["EPSG","8901"]], 
    UNIT["degree", 0.017453292519943295], 
    AXIS["Geodetic longitude", EAST], 
    AXIS["Geodetic latitude", NORTH], 
    AUTHORITY["EPSG","4326"]], 
  PROJECTION["Popular Visualisation Pseudo Mercator", AUTHORITY["EPSG","1024"]], 
  PARAMETER["semi_minor", 6378137.0], 
  PARAMETER["latitude_of_origin", 0.0], 
  PARAMETER["central_meridian", 0.0], 
  PARAMETER["scale_factor", 1.0], 
  PARAMETER["false_easting", 0.0], 
  PARAMETER["false_northing", 0.0], 
  UNIT["m", 1.0], 
  AXIS["Easting", EAST], 
  AXIS["Northing", NORTH], 
  AUTHORITY["EPSG","3857"]]
	Elevation = []
	Env = {}
	Exceptions = SE_XML
	FeatureId = null
	FeatureVersion = null
	Filter = null
	Format = image/png
	FormatOptions = {}
	Get = true
	Height = 256
	Interpolations = []
	Layers = [org.geoserver.wms.MapLayerInfo@74537c3[description=<null>,label=s2s_4005f011bc1e435b9e3884882eadb306,layerFeatureConstraints=<null>,layerGroupMetadata={},layerInfo=LayerInfoImpl[s2s_4005f011bc1e435b9e3884882eadb306, resource:CoverageInfoImpl[s2s_4005f011bc1e435b9e3884882eadb306]],name=ws_8df405bf:s2s_4005f011bc1e435b9e3884882eadb306,remoteFeatureSource=<null>,style=<null>,type=1]]
	MaxFeatures = null
	Palette = null
	RawKvp = {REQUEST=GetMap, FORMAT=image/png, _T=undefined, SRS=EPSG:3857, BBOX=11036283.891926888,1448023.0638343797,11075419.6504089,1487158.8223163905, VERSION=1.1.1, STYLES=, SERVICE=WMS, WIDTH=256, HEIGHT=256, TRANSPARENT=true, LAYERS=ws_8df405bf:s2s_4005f011bc1e435b9e3884882eadb306}
	RemoteOwsType = null
	RemoteOwsURL = null
	Request = GetMap
	RequestCharset = UTF-8
	ScaleMethod = null
	Sld = null
	SldBody = null
	SldVersion = null
	SortBy = null
	SortByArrays = null
	SRS = EPSG:3857
	StartIndex = null
	StyleBody = null
	StyleFormat = sld
	Styles = [StyleImpl[ name=style_s2s_4005f011bc1e435b9e3884882eadb306]]
	StyleUrl = null
	StyleVersion = null
	Tiled = false
	TilesOrigin = null
	Time = []
	Transparent = true
	ValidateSchema = false
	Version = 1.1.1
	ViewParams = null
	Width = 256
23 Sep 08:57:04 INFO   [geoserver.wms] - 
Request: getServiceInfo
23 Sep 08:57:04 INFO   [geoserver.wms] - 
Request: getMap
	Angle = 0.0
	BaseUrl = http://localhost:8080/geoserver/
	Bbox = SRSEnvelope[1.119282692585493E7 : 1.1231962684336942E7, 1448023.0638343797 : 1487158.8223163905]
	BgColor = java.awt.Color[r=255,g=255,b=255]
	Buffer = 0
	Clip = null
	CQLFilter = null
	Crs = PROJCS["WGS 84 / Pseudo-Mercator", 
  GEOGCS["WGS 84", 
    DATUM["World Geodetic System 1984", 
      SPHEROID["WGS 84", 6378137.0, 298.257223563, AUTHORITY["EPSG","7030"]], 
      AUTHORITY["EPSG","6326"]], 
    PRIMEM["Greenwich", 0.0, AUTHORITY["EPSG","8901"]], 
    UNIT["degree", 0.017453292519943295], 
    AXIS["Geodetic longitude", EAST], 
    AXIS["Geodetic latitude", NORTH], 
    AUTHORITY["EPSG","4326"]], 
  PROJECTION["Popular Visualisation Pseudo Mercator", AUTHORITY["EPSG","1024"]], 
  PARAMETER["semi_minor", 6378137.0], 
  PARAMETER["latitude_of_origin", 0.0], 
  PARAMETER["central_meridian", 0.0], 
  PARAMETER["scale_factor", 1.0], 
  PARAMETER["false_easting", 0.0], 
  PARAMETER["false_northing", 0.0], 
  UNIT["m", 1.0], 
  AXIS["Easting", EAST], 
  AXIS["Northing", NORTH], 
  AUTHORITY["EPSG","3857"]]
	Elevation = []
	Env = {}
	Exceptions = SE_XML
	FeatureId = null
	FeatureVersion = null
	Filter = null
	Format = image/png
	FormatOptions = {}
	Get = true
	Height = 256
	Interpolations = []
	Layers = [org.geoserver.wms.MapLayerInfo@31753813[description=<null>,label=s2s_4005f011bc1e435b9e3884882eadb306,layerFeatureConstraints=<null>,layerGroupMetadata={},layerInfo=LayerInfoImpl[s2s_4005f011bc1e435b9e3884882eadb306, resource:CoverageInfoImpl[s2s_4005f011bc1e435b9e3884882eadb306]],name=ws_8df405bf:s2s_4005f011bc1e435b9e3884882eadb306,remoteFeatureSource=<null>,style=<null>,type=1]]
	MaxFeatures = null
	Palette = null
	RawKvp = {REQUEST=GetMap, FORMAT=image/png, _T=undefined, SRS=EPSG:3857, BBOX=11192826.92585493,1448023.0638343797,11231962.684336942,1487158.8223163905, VERSION=1.1.1, STYLES=, SERVICE=WMS, WIDTH=256, HEIGHT=256, TRANSPARENT=true, LAYERS=ws_8df405bf:s2s_4005f011bc1e435b9e3884882eadb306}
	RemoteOwsType = null
	RemoteOwsURL = null
	Request = GetMap
	RequestCharset = UTF-8
	ScaleMethod = null
	Sld = null
	SldBody = null
	SldVersion = null
	SortBy = null
	SortByArrays = null
	SRS = EPSG:3857
	StartIndex = null
	StyleBody = null
	StyleFormat = sld
	Styles = [StyleImpl[ name=style_s2s_4005f011bc1e435b9e3884882eadb306]]
	StyleUrl = null
	StyleVersion = null
	Tiled = false
	TilesOrigin = null
	Time = []
	Transparent = true
	ValidateSchema = false
	Version = 1.1.1
	ViewParams = null
	Width = 256
23 Sep 08:57:04 INFO   [geoserver.flow] - Request [WMS 1.1.1 GetMap] starting, processing through flow controllers
23 Sep 08:57:04 INFO   [geoserver.flow] - Request [WMS 1.1.1 GetMap] starting, processing through flow controllers
23 Sep 08:57:04 INFO   [geoserver.flow] - Request control-flow performed, running requests: 5, blocked requests: 1
23 Sep 08:57:04 INFO   [geoserver.wms] - 
Request: getMap
	Angle = 0.0
	BaseUrl = http://localhost:8080/geoserver/
	Bbox = SRSEnvelope[1.10754196504089E7 : 1.1114555408890909E7, 1448023.0638343797 : 1487158.8223163905]
	BgColor = java.awt.Color[r=255,g=255,b=255]
	Buffer = 0
	Clip = null
	CQLFilter = null
	Crs = PROJCS["WGS 84 / Pseudo-Mercator", 
  GEOGCS["WGS 84", 
    DATUM["World Geodetic System 1984", 
      SPHEROID["WGS 84", 6378137.0, 298.257223563, AUTHORITY["EPSG","7030"]], 
      AUTHORITY["EPSG","6326"]], 
    PRIMEM["Greenwich", 0.0, AUTHORITY["EPSG","8901"]], 
    UNIT["degree", 0.017453292519943295], 
    AXIS["Geodetic longitude", EAST], 
    AXIS["Geodetic latitude", NORTH], 
    AUTHORITY["EPSG","4326"]], 
  PROJECTION["Popular Visualisation Pseudo Mercator", AUTHORITY["EPSG","1024"]], 
  PARAMETER["semi_minor", 6378137.0], 
  PARAMETER["latitude_of_origin", 0.0], 
  PARAMETER["central_meridian", 0.0], 
  PARAMETER["scale_factor", 1.0], 
  PARAMETER["false_easting", 0.0], 
  PARAMETER["false_northing", 0.0], 
  UNIT["m", 1.0], 
  AXIS["Easting", EAST], 
  AXIS["Northing", NORTH], 
  AUTHORITY["EPSG","3857"]]
	Elevation = []
	Env = {}
	Exceptions = SE_XML
	FeatureId = null
	FeatureVersion = null
	Filter = null
	Format = image/png
	FormatOptions = {}
	Get = true
	Height = 256
	Interpolations = []
	Layers = [org.geoserver.wms.MapLayerInfo@6924b140[description=<null>,label=s2s_4005f011bc1e435b9e3884882eadb306,layerFeatureConstraints=<null>,layerGroupMetadata={},layerInfo=LayerInfoImpl[s2s_4005f011bc1e435b9e3884882eadb306, resource:CoverageInfoImpl[s2s_4005f011bc1e435b9e3884882eadb306]],name=ws_8df405bf:s2s_4005f011bc1e435b9e3884882eadb306,remoteFeatureSource=<null>,style=<null>,type=1]]
	MaxFeatures = null
	Palette = null
	RawKvp = {REQUEST=GetMap, FORMAT=image/png, _T=undefined, SRS=EPSG:3857, BBOX=11075419.6504089,1448023.0638343797,11114555.408890909,1487158.8223163905, VERSION=1.1.1, STYLES=, SERVICE=WMS, WIDTH=256, HEIGHT=256, TRANSPARENT=true, LAYERS=ws_8df405bf:s2s_4005f011bc1e435b9e3884882eadb306}
	RemoteOwsType = null
	RemoteOwsURL = null
	Request = GetMap
	RequestCharset = UTF-8
	ScaleMethod = null
	Sld = null
	SldBody = null
	SldVersion = null
	SortBy = null
	SortByArrays = null
	SRS = EPSG:3857
	StartIndex = null
	StyleBody = null
	StyleFormat = sld
	Styles = [StyleImpl[ name=style_s2s_4005f011bc1e435b9e3884882eadb306]]
	StyleUrl = null
	StyleVersion = null
	Tiled = false
	TilesOrigin = null
	Time = []
	Transparent = true
	ValidateSchema = false
	Version = 1.1.1
	ViewParams = null
	Width = 256
23 Sep 08:57:04 INFO   [geoserver.flow] - Request control-flow performed, running requests: 6, blocked requests: 0
23 Sep 08:57:04 INFO   [geoserver.flow] - releasing flow controllers for [WMS 1.1.1 GetMap]
23 Sep 08:57:04 INFO   [geoserver.flow] - releasing flow controllers for [WMS 1.1.1 GetMap]
23 Sep 08:57:04 INFO   [geoserver.flow] - Request completed, running requests: 4, blocked requests: 0
23 Sep 08:57:04 INFO   [geoserver.flow] - Request completed, running requests: 4, blocked requests: 0
23 Sep 08:57:04 INFO   [geoserver.flow] - releasing flow controllers for [WMS 1.1.1 GetMap]
23 Sep 08:57:04 INFO   [geoserver.flow] - Request completed, running requests: 3, blocked requests: 0
23 Sep 08:57:04 INFO   [geoserver.wms] - 
Request: getMap
	Angle = 0.0
	BaseUrl = http://localhost:8080/geoserver/
	Bbox = SRSEnvelope[1.1114555408890909E7 : 1.115369116737292E7, 1448023.0638343797 : 1487158.8223163905]
	BgColor = java.awt.Color[r=255,g=255,b=255]
	Buffer = 0
	Clip = null
	CQLFilter = null
	Crs = PROJCS["WGS 84 / Pseudo-Mercator", 
  GEOGCS["WGS 84", 
    DATUM["World Geodetic System 1984", 
      SPHEROID["WGS 84", 6378137.0, 298.257223563, AUTHORITY["EPSG","7030"]], 
      AUTHORITY["EPSG","6326"]], 
    PRIMEM["Greenwich", 0.0, AUTHORITY["EPSG","8901"]], 
    UNIT["degree", 0.017453292519943295], 
    AXIS["Geodetic longitude", EAST], 
    AXIS["Geodetic latitude", NORTH], 
    AUTHORITY["EPSG","4326"]], 
  PROJECTION["Popular Visualisation Pseudo Mercator", AUTHORITY["EPSG","1024"]], 
  PARAMETER["semi_minor", 6378137.0], 
  PARAMETER["latitude_of_origin", 0.0], 
  PARAMETER["central_meridian", 0.0], 
  PARAMETER["scale_factor", 1.0], 
  PARAMETER["false_easting", 0.0], 
  PARAMETER["false_northing", 0.0], 
  UNIT["m", 1.0], 
  AXIS["Easting", EAST], 
  AXIS["Northing", NORTH], 
  AUTHORITY["EPSG","3857"]]
	Elevation = []
	Env = {}
	Exceptions = SE_XML
	FeatureId = null
	FeatureVersion = null
	Filter = null
	Format = image/png
	FormatOptions = {}
	Get = true
	Height = 256
	Interpolations = []
	Layers = [org.geoserver.wms.MapLayerInfo@9cb0601[description=<null>,label=s2s_4005f011bc1e435b9e3884882eadb306,layerFeatureConstraints=<null>,layerGroupMetadata={},layerInfo=LayerInfoImpl[s2s_4005f011bc1e435b9e3884882eadb306, resource:CoverageInfoImpl[s2s_4005f011bc1e435b9e3884882eadb306]],name=ws_8df405bf:s2s_4005f011bc1e435b9e3884882eadb306,remoteFeatureSource=<null>,style=<null>,type=1]]
	MaxFeatures = null
	Palette = null
	RawKvp = {REQUEST=GetMap, FORMAT=image/png, _T=undefined, SRS=EPSG:3857, BBOX=11114555.408890909,1448023.0638343797,11153691.16737292,1487158.8223163905, VERSION=1.1.1, STYLES=, SERVICE=WMS, WIDTH=256, HEIGHT=256, TRANSPARENT=true, LAYERS=ws_8df405bf:s2s_4005f011bc1e435b9e3884882eadb306}
	RemoteOwsType = null
	RemoteOwsURL = null
	Request = GetMap
	RequestCharset = UTF-8
	ScaleMethod = null
	Sld = null
	SldBody = null
	SldVersion = null
	SortBy = null
	SortByArrays = null
	SRS = EPSG:3857
	StartIndex = null
	StyleBody = null
	StyleFormat = sld
	Styles = [StyleImpl[ name=style_s2s_4005f011bc1e435b9e3884882eadb306]]
	StyleUrl = null
	StyleVersion = null
	Tiled = false
	TilesOrigin = null
	Time = []
	Transparent = true
	ValidateSchema = false
	Version = 1.1.1
	ViewParams = null
	Width = 256
23 Sep 08:57:04 INFO   [geoserver.wms] - 
Request: getMap
	Angle = 0.0
	BaseUrl = http://localhost:8080/geoserver/
	Bbox = SRSEnvelope[1.099714813344488E7 : 1.1036283891926888E7, 1448023.0638343797 : 1487158.8223163905]
	BgColor = java.awt.Color[r=255,g=255,b=255]
	Buffer = 0
	Clip = null
	CQLFilter = null
	Crs = PROJCS["WGS 84 / Pseudo-Mercator", 
  GEOGCS["WGS 84", 
    DATUM["World Geodetic System 1984", 
      SPHEROID["WGS 84", 6378137.0, 298.257223563, AUTHORITY["EPSG","7030"]], 
      AUTHORITY["EPSG","6326"]], 
    PRIMEM["Greenwich", 0.0, AUTHORITY["EPSG","8901"]], 
    UNIT["degree", 0.017453292519943295], 
    AXIS["Geodetic longitude", EAST], 
    AXIS["Geodetic latitude", NORTH], 
    AUTHORITY["EPSG","4326"]], 
  PROJECTION["Popular Visualisation Pseudo Mercator", AUTHORITY["EPSG","1024"]], 
  PARAMETER["semi_minor", 6378137.0], 
  PARAMETER["latitude_of_origin", 0.0], 
  PARAMETER["central_meridian", 0.0], 
  PARAMETER["scale_factor", 1.0], 
  PARAMETER["false_easting", 0.0], 
  PARAMETER["false_northing", 0.0], 
  UNIT["m", 1.0], 
  AXIS["Easting", EAST], 
  AXIS["Northing", NORTH], 
  AUTHORITY["EPSG","3857"]]
	Elevation = []
	Env = {}
	Exceptions = SE_XML
	FeatureId = null
	FeatureVersion = null
	Filter = null
	Format = image/png
	FormatOptions = {}
	Get = true
	Height = 256
	Interpolations = []
	Layers = [org.geoserver.wms.MapLayerInfo@1625ae74[description=<null>,label=s2s_4005f011bc1e435b9e3884882eadb306,layerFeatureConstraints=<null>,layerGroupMetadata={},layerInfo=LayerInfoImpl[s2s_4005f011bc1e435b9e3884882eadb306, resource:CoverageInfoImpl[s2s_4005f011bc1e435b9e3884882eadb306]],name=ws_8df405bf:s2s_4005f011bc1e435b9e3884882eadb306,remoteFeatureSource=<null>,style=<null>,type=1]]
	MaxFeatures = null
	Palette = null
	RawKvp = {REQUEST=GetMap, FORMAT=image/png, _T=undefined, SRS=EPSG:3857, BBOX=10997148.13344488,1448023.0638343797,11036283.891926888,1487158.8223163905, VERSION=1.1.1, STYLES=, SERVICE=WMS, WIDTH=256, HEIGHT=256, TRANSPARENT=true, LAYERS=ws_8df405bf:s2s_4005f011bc1e435b9e3884882eadb306}
	RemoteOwsType = null
	RemoteOwsURL = null
	Request = GetMap
	RequestCharset = UTF-8
	ScaleMethod = null
	Sld = null
	SldBody = null
	SldVersion = null
	SortBy = null
	SortByArrays = null
	SRS = EPSG:3857
	StartIndex = null
	StyleBody = null
	StyleFormat = sld
	Styles = [StyleImpl[ name=style_s2s_4005f011bc1e435b9e3884882eadb306]]
	StyleUrl = null
	StyleVersion = null
	Tiled = false
	TilesOrigin = null
	Time = []
	Transparent = true
	ValidateSchema = false
	Version = 1.1.1
	ViewParams = null
	Width = 256
23 Sep 08:57:04 INFO   [geoserver.wms] - 
Request: getServiceInfo
23 Sep 08:57:04 INFO   [geoserver.flow] - releasing flow controllers for [WMS 1.1.1 GetMap]
23 Sep 08:57:04 INFO   [geoserver.wms] - 
Request: getServiceInfo
23 Sep 08:57:04 INFO   [geoserver.flow] - Request [WMS 1.1.1 GetMap] starting, processing through flow controllers
23 Sep 08:57:04 INFO   [geoserver.flow] - Request completed, running requests: 2, blocked requests: 1
23 Sep 08:57:04 INFO   [geoserver.flow] - Request [WMS 1.1.1 GetMap] starting, processing through flow controllers
23 Sep 08:57:04 INFO   [geoserver.wms] - 
Request: getServiceInfo
23 Sep 08:57:04 INFO   [geoserver.flow] - Request control-flow performed, running requests: 3, blocked requests: 1
23 Sep 08:57:04 INFO   [geoserver.flow] - releasing flow controllers for [WMS 1.1.1 GetMap]
23 Sep 08:57:04 INFO   [geoserver.flow] - Request completed, running requests: 2, blocked requests: 1
23 Sep 08:57:04 INFO   [geoserver.flow] - Request control-flow performed, running requests: 4, blocked requests: 0
23 Sep 08:57:04 INFO   [geoserver.flow] - Request [WMS 1.1.1 GetMap] starting, processing through flow controllers
23 Sep 08:57:04 INFO   [geoserver.flow] - releasing flow controllers for [WMS 1.1.1 GetMap]
23 Sep 08:57:04 INFO   [geoserver.flow] - Request control-flow performed, running requests: 3, blocked requests: 0
23 Sep 08:57:04 INFO   [geoserver.flow] - Request completed, running requests: 3, blocked requests: 0
23 Sep 08:57:04 INFO   [geoserver.wms] - 
Request: getMap
	Angle = 0.0
	BaseUrl = http://localhost:8080/geoserver/
	Bbox = SRSEnvelope[1.1231962684336942E7 : 1.127109844281895E7, 1448023.0638343797 : 1487158.8223163905]
	BgColor = java.awt.Color[r=255,g=255,b=255]
	Buffer = 0
	Clip = null
	CQLFilter = null
	Crs = PROJCS["WGS 84 / Pseudo-Mercator", 
  GEOGCS["WGS 84", 
    DATUM["World Geodetic System 1984", 
      SPHEROID["WGS 84", 6378137.0, 298.257223563, AUTHORITY["EPSG","7030"]], 
      AUTHORITY["EPSG","6326"]], 
    PRIMEM["Greenwich", 0.0, AUTHORITY["EPSG","8901"]], 
    UNIT["degree", 0.017453292519943295], 
    AXIS["Geodetic longitude", EAST], 
    AXIS["Geodetic latitude", NORTH], 
    AUTHORITY["EPSG","4326"]], 
  PROJECTION["Popular Visualisation Pseudo Mercator", AUTHORITY["EPSG","1024"]], 
  PARAMETER["semi_minor", 6378137.0], 
  PARAMETER["latitude_of_origin", 0.0], 
  PARAMETER["central_meridian", 0.0], 
  PARAMETER["scale_factor", 1.0], 
  PARAMETER["false_easting", 0.0], 
  PARAMETER["false_northing", 0.0], 
  UNIT["m", 1.0], 
  AXIS["Easting", EAST], 
  AXIS["Northing", NORTH], 
  AUTHORITY["EPSG","3857"]]
	Elevation = []
	Env = {}
	Exceptions = SE_XML
	FeatureId = null
	FeatureVersion = null
	Filter = null
	Format = image/png
	FormatOptions = {}
	Get = true
	Height = 256
	Interpolations = []
	Layers = [org.geoserver.wms.MapLayerInfo@6b29df2c[description=<null>,label=s2s_4005f011bc1e435b9e3884882eadb306,layerFeatureConstraints=<null>,layerGroupMetadata={},layerInfo=LayerInfoImpl[s2s_4005f011bc1e435b9e3884882eadb306, resource:CoverageInfoImpl[s2s_4005f011bc1e435b9e3884882eadb306]],name=ws_8df405bf:s2s_4005f011bc1e435b9e3884882eadb306,remoteFeatureSource=<null>,style=<null>,type=1]]
	MaxFeatures = null
	Palette = null
	RawKvp = {REQUEST=GetMap, FORMAT=image/png, _T=undefined, SRS=EPSG:3857, BBOX=11231962.684336942,1448023.0638343797,11271098.44281895,1487158.8223163905, VERSION=1.1.1, STYLES=, SERVICE=WMS, WIDTH=256, HEIGHT=256, TRANSPARENT=true, LAYERS=ws_8df405bf:s2s_4005f011bc1e435b9e3884882eadb306}
	RemoteOwsType = null
	RemoteOwsURL = null
	Request = GetMap
	RequestCharset = UTF-8
	ScaleMethod = null
	Sld = null
	SldBody = null
	SldVersion = null
	SortBy = null
	SortByArrays = null
	SRS = EPSG:3857
	StartIndex = null
	StyleBody = null
	StyleFormat = sld
	Styles = [StyleImpl[ name=style_s2s_4005f011bc1e435b9e3884882eadb306]]
	StyleUrl = null
	StyleVersion = null
	Tiled = false
	TilesOrigin = null
	Time = []
	Transparent = true
	ValidateSchema = false
	Version = 1.1.1
	ViewParams = null
	Width = 256
23 Sep 08:57:04 INFO   [geoserver.wms] - 
Request: getMap
	Angle = 0.0
	BaseUrl = http://localhost:8080/geoserver/
	Bbox = SRSEnvelope[1.127109844281895E7 : 1.131023420130096E7, 1448023.0638343797 : 1487158.8223163905]
	BgColor = java.awt.Color[r=255,g=255,b=255]
	Buffer = 0
	Clip = null
	CQLFilter = null
	Crs = PROJCS["WGS 84 / Pseudo-Mercator", 
  GEOGCS["WGS 84", 
    DATUM["World Geodetic System 1984", 
      SPHEROID["WGS 84", 6378137.0, 298.257223563, AUTHORITY["EPSG","7030"]], 
      AUTHORITY["EPSG","6326"]], 
    PRIMEM["Greenwich", 0.0, AUTHORITY["EPSG","8901"]], 
    UNIT["degree", 0.017453292519943295], 
    AXIS["Geodetic longitude", EAST], 
    AXIS["Geodetic latitude", NORTH], 
    AUTHORITY["EPSG","4326"]], 
  PROJECTION["Popular Visualisation Pseudo Mercator", AUTHORITY["EPSG","1024"]], 
  PARAMETER["semi_minor", 6378137.0], 
  PARAMETER["latitude_of_origin", 0.0], 
  PARAMETER["central_meridian", 0.0], 
  PARAMETER["scale_factor", 1.0], 
  PARAMETER["false_easting", 0.0], 
  PARAMETER["false_northing", 0.0], 
  UNIT["m", 1.0], 
  AXIS["Easting", EAST], 
  AXIS["Northing", NORTH], 
  AUTHORITY["EPSG","3857"]]
	Elevation = []
	Env = {}
	Exceptions = SE_XML
	FeatureId = null
	FeatureVersion = null
	Filter = null
	Format = image/png
	FormatOptions = {}
	Get = true
	Height = 256
	Interpolations = []
	Layers = [org.geoserver.wms.MapLayerInfo@7a8b20a9[description=<null>,label=s2s_4005f011bc1e435b9e3884882eadb306,layerFeatureConstraints=<null>,layerGroupMetadata={},layerInfo=LayerInfoImpl[s2s_4005f011bc1e435b9e3884882eadb306, resource:CoverageInfoImpl[s2s_4005f011bc1e435b9e3884882eadb306]],name=ws_8df405bf:s2s_4005f011bc1e435b9e3884882eadb306,remoteFeatureSource=<null>,style=<null>,type=1]]
	MaxFeatures = null
	Palette = null
	RawKvp = {REQUEST=GetMap, FORMAT=image/png, _T=undefined, SRS=EPSG:3857, BBOX=11271098.44281895,1448023.0638343797,11310234.20130096,1487158.8223163905, VERSION=1.1.1, STYLES=, SERVICE=WMS, WIDTH=256, HEIGHT=256, TRANSPARENT=true, LAYERS=ws_8df405bf:s2s_4005f011bc1e435b9e3884882eadb306}
	RemoteOwsType = null
	RemoteOwsURL = null
	Request = GetMap
	RequestCharset = UTF-8
	ScaleMethod = null
	Sld = null
	SldBody = null
	SldVersion = null
	SortBy = null
	SortByArrays = null
	SRS = EPSG:3857
	StartIndex = null
	StyleBody = null
	StyleFormat = sld
	Styles = [StyleImpl[ name=style_s2s_4005f011bc1e435b9e3884882eadb306]]
	StyleUrl = null
	StyleVersion = null
	Tiled = false
	TilesOrigin = null
	Time = []
	Transparent = true
	ValidateSchema = false
	Version = 1.1.1
	ViewParams = null
	Width = 256
23 Sep 08:57:04 INFO   [geoserver.wms] - 
Request: getMap
	Angle = 0.0
	BaseUrl = http://localhost:8080/geoserver/
	Bbox = SRSEnvelope[1.095801237496287E7 : 1.099714813344488E7, 1448023.0638343797 : 1487158.8223163905]
	BgColor = java.awt.Color[r=255,g=255,b=255]
	Buffer = 0
	Clip = null
	CQLFilter = null
	Crs = PROJCS["WGS 84 / Pseudo-Mercator", 
  GEOGCS["WGS 84", 
    DATUM["World Geodetic System 1984", 
      SPHEROID["WGS 84", 6378137.0, 298.257223563, AUTHORITY["EPSG","7030"]], 
      AUTHORITY["EPSG","6326"]], 
    PRIMEM["Greenwich", 0.0, AUTHORITY["EPSG","8901"]], 
    UNIT["degree", 0.017453292519943295], 
    AXIS["Geodetic longitude", EAST], 
    AXIS["Geodetic latitude", NORTH], 
    AUTHORITY["EPSG","4326"]], 
  PROJECTION["Popular Visualisation Pseudo Mercator", AUTHORITY["EPSG","1024"]], 
  PARAMETER["semi_minor", 6378137.0], 
  PARAMETER["latitude_of_origin", 0.0], 
  PARAMETER["central_meridian", 0.0], 
  PARAMETER["scale_factor", 1.0], 
  PARAMETER["false_easting", 0.0], 
  PARAMETER["false_northing", 0.0], 
  UNIT["m", 1.0], 
  AXIS["Easting", EAST], 
  AXIS["Northing", NORTH], 
  AUTHORITY["EPSG","3857"]]
	Elevation = []
	Env = {}
	Exceptions = SE_XML
	FeatureId = null
	FeatureVersion = null
	Filter = null
	Format = image/png
	FormatOptions = {}
	Get = true
	Height = 256
	Interpolations = []
	Layers = [org.geoserver.wms.MapLayerInfo@5c61eb5e[description=<null>,label=s2s_4005f011bc1e435b9e3884882eadb306,layerFeatureConstraints=<null>,layerGroupMetadata={},layerInfo=LayerInfoImpl[s2s_4005f011bc1e435b9e3884882eadb306, resource:CoverageInfoImpl[s2s_4005f011bc1e435b9e3884882eadb306]],name=ws_8df405bf:s2s_4005f011bc1e435b9e3884882eadb306,remoteFeatureSource=<null>,style=<null>,type=1]]
	MaxFeatures = null
	Palette = null
	RawKvp = {REQUEST=GetMap, FORMAT=image/png, _T=undefined, SRS=EPSG:3857, BBOX=10958012.37496287,1448023.0638343797,10997148.13344488,1487158.8223163905, VERSION=1.1.1, STYLES=, SERVICE=WMS, WIDTH=256, HEIGHT=256, TRANSPARENT=true, LAYERS=ws_8df405bf:s2s_4005f011bc1e435b9e3884882eadb306}
	RemoteOwsType = null
	RemoteOwsURL = null
	Request = GetMap
	RequestCharset = UTF-8
	ScaleMethod = null
	Sld = null
	SldBody = null
	SldVersion = null
	SortBy = null
	SortByArrays = null
	SRS = EPSG:3857
	StartIndex = null
	StyleBody = null
	StyleFormat = sld
	Styles = [StyleImpl[ name=style_s2s_4005f011bc1e435b9e3884882eadb306]]
	StyleUrl = null
	StyleVersion = null
	Tiled = false
	TilesOrigin = null
	Time = []
	Transparent = true
	ValidateSchema = false
	Version = 1.1.1
	ViewParams = null
	Width = 256
23 Sep 08:57:04 INFO   [geoserver.flow] - releasing flow controllers for [WMS 1.1.1 GetMap]
23 Sep 08:57:04 INFO   [geoserver.flow] - Request completed, running requests: 2, blocked requests: 0
23 Sep 08:57:04 INFO   [geoserver.flow] - releasing flow controllers for [WMS 1.1.1 GetMap]
23 Sep 08:57:04 INFO   [geoserver.flow] - Request completed, running requests: 1, blocked requests: 0
23 Sep 08:57:04 INFO   [geoserver.flow] - releasing flow controllers for [WMS 1.1.1 GetMap]
23 Sep 08:57:04 INFO   [geoserver.flow] - Request completed, running requests: 0, blocked requests: 0
23 Sep 08:57:12 INFO   [geoserver.wms] - 
Request: getServiceInfo
23 Sep 08:57:12 INFO   [geoserver.wms] - 
Request: getServiceInfo
23 Sep 08:57:12 INFO   [geoserver.wms] - 
Request: getServiceInfo
23 Sep 08:57:12 INFO   [geoserver.wms] - 
Request: getServiceInfo
23 Sep 08:57:12 INFO   [geoserver.flow] - Request [WMS 1.1.1 GetMap] starting, processing through flow controllers
23 Sep 08:57:12 INFO   [geoserver.flow] - Request [WMS 1.1.1 GetMap] starting, processing through flow controllers
23 Sep 08:57:12 INFO   [geoserver.wms] - 
Request: getServiceInfo
23 Sep 08:57:12 INFO   [geoserver.flow] - Request control-flow performed, running requests: 1, blocked requests: 3
23 Sep 08:57:12 INFO   [geoserver.flow] - Request [WMS 1.1.1 GetMap] starting, processing through flow controllers
23 Sep 08:57:12 INFO   [geoserver.wms] - 
Request: getServiceInfo
23 Sep 08:57:12 INFO   [geoserver.flow] - Request [WMS 1.1.1 GetMap] starting, processing through flow controllers
23 Sep 08:57:12 INFO   [geoserver.flow] - Request [WMS 1.1.1 GetMap] starting, processing through flow controllers
23 Sep 08:57:12 INFO   [geoserver.flow] - Request control-flow performed, running requests: 5, blocked requests: 0
23 Sep 08:57:12 INFO   [geoserver.flow] - Request control-flow performed, running requests: 4, blocked requests: 1
23 Sep 08:57:12 INFO   [geoserver.flow] - Request control-flow performed, running requests: 2, blocked requests: 2
23 Sep 08:57:12 INFO   [geoserver.flow] - Request control-flow performed, running requests: 3, blocked requests: 2
23 Sep 08:57:12 INFO   [geoserver.flow] - Request [WMS 1.1.1 GetMap] starting, processing through flow controllers
23 Sep 08:57:12 INFO   [geoserver.flow] - Request control-flow performed, running requests: 6, blocked requests: 0
23 Sep 08:57:12 INFO   [geoserver.wms] - 
Request: getMap
	Angle = 0.0
	BaseUrl = http://localhost:8080/geoserver/
	Bbox = SRSEnvelope[1.0879740857998848E7 : 1.0918876616480859E7, 1526294.580798401 : 1565430.33928041]
	BgColor = java.awt.Color[r=255,g=255,b=255]
	Buffer = 0
	Clip = null
	CQLFilter = null
	Crs = PROJCS["WGS 84 / Pseudo-Mercator", 
  GEOGCS["WGS 84", 
    DATUM["World Geodetic System 1984", 
      SPHEROID["WGS 84", 6378137.0, 298.257223563, AUTHORITY["EPSG","7030"]], 
      AUTHORITY["EPSG","6326"]], 
    PRIMEM["Greenwich", 0.0, AUTHORITY["EPSG","8901"]], 
    UNIT["degree", 0.017453292519943295], 
    AXIS["Geodetic longitude", EAST], 
    AXIS["Geodetic latitude", NORTH], 
    AUTHORITY["EPSG","4326"]], 
  PROJECTION["Popular Visualisation Pseudo Mercator", AUTHORITY["EPSG","1024"]], 
  PARAMETER["semi_minor", 6378137.0], 
  PARAMETER["latitude_of_origin", 0.0], 
  PARAMETER["central_meridian", 0.0], 
  PARAMETER["scale_factor", 1.0], 
  PARAMETER["false_easting", 0.0], 
  PARAMETER["false_northing", 0.0], 
  UNIT["m", 1.0], 
  AXIS["Easting", EAST], 
  AXIS["Northing", NORTH], 
  AUTHORITY["EPSG","3857"]]
	Elevation = []
	Env = {}
	Exceptions = SE_XML
	FeatureId = null
	FeatureVersion = null
	Filter = null
	Format = image/png
	FormatOptions = {}
	Get = true
	Height = 256
	Interpolations = []
	Layers = [org.geoserver.wms.MapLayerInfo@67ed8956[description=<null>,label=Sentinel AOI,layerFeatureConstraints=<null>,layerGroupMetadata={},layerInfo=SecuredLayerInfo[LayerInfoImpl[vec_s2s_vec_sentinel_aoi_dd3578ab, resource:FeatureTypeInfoImpl[vec_s2s_vec_sentinel_aoi_dd3578ab]]],name=vec_s2s_vec_sentinel_aoi_dd3578ab,remoteFeatureSource=<null>,style=<null>,type=0]]
	MaxFeatures = null
	Palette = null
	RawKvp = {REQUEST=GetMap, FORMAT=image/png, _T=undefined, SRS=EPSG:3857, BBOX=10879740.857998848,1526294.580798401,10918876.616480859,1565430.33928041, VERSION=1.1.1, STYLES=, SERVICE=WMS, WIDTH=256, HEIGHT=256, TRANSPARENT=true, LAYERS=ws_30cad3c4:vec_s2s_vec_sentinel_aoi_dd3578ab}
	RemoteOwsType = null
	RemoteOwsURL = null
	Request = GetMap
	RequestCharset = UTF-8
	ScaleMethod = null
	Sld = null
	SldBody = null
	SldVersion = null
	SortBy = null
	SortByArrays = null
	SRS = EPSG:3857
	StartIndex = null
	StyleBody = null
	StyleFormat = sld
	Styles = [StyleImpl[ name=style_vec_s2s_vec_sentinel_aoi_dd3578ab]]
	StyleUrl = null
	StyleVersion = null
	Tiled = false
	TilesOrigin = null
	Time = []
	Transparent = true
	ValidateSchema = false
	Version = 1.1.1
	ViewParams = null
	Width = 256
23 Sep 08:57:12 INFO   [geoserver.wms] - 
Request: getMap
	Angle = 0.0
	BaseUrl = http://localhost:8080/geoserver/
	Bbox = SRSEnvelope[1.0918876616480859E7 : 1.095801237496287E7, 1448023.0638343797 : 1487158.8223163905]
	BgColor = java.awt.Color[r=255,g=255,b=255]
	Buffer = 0
	Clip = null
	CQLFilter = null
	Crs = PROJCS["WGS 84 / Pseudo-Mercator", 
  GEOGCS["WGS 84", 
    DATUM["World Geodetic System 1984", 
      SPHEROID["WGS 84", 6378137.0, 298.257223563, AUTHORITY["EPSG","7030"]], 
      AUTHORITY["EPSG","6326"]], 
    PRIMEM["Greenwich", 0.0, AUTHORITY["EPSG","8901"]], 
    UNIT["degree", 0.017453292519943295], 
    AXIS["Geodetic longitude", EAST], 
    AXIS["Geodetic latitude", NORTH], 
    AUTHORITY["EPSG","4326"]], 
  PROJECTION["Popular Visualisation Pseudo Mercator", AUTHORITY["EPSG","1024"]], 
  PARAMETER["semi_minor", 6378137.0], 
  PARAMETER["latitude_of_origin", 0.0], 
  PARAMETER["central_meridian", 0.0], 
  PARAMETER["scale_factor", 1.0], 
  PARAMETER["false_easting", 0.0], 
  PARAMETER["false_northing", 0.0], 
  UNIT["m", 1.0], 
  AXIS["Easting", EAST], 
  AXIS["Northing", NORTH], 
  AUTHORITY["EPSG","3857"]]
	Elevation = []
	Env = {}
	Exceptions = SE_XML
	FeatureId = null
	FeatureVersion = null
	Filter = null
	Format = image/png
	FormatOptions = {}
	Get = true
	Height = 256
	Interpolations = []
	Layers = [org.geoserver.wms.MapLayerInfo@161edb9[description=<null>,label=Sentinel AOI,layerFeatureConstraints=<null>,layerGroupMetadata={},layerInfo=SecuredLayerInfo[LayerInfoImpl[vec_s2s_vec_sentinel_aoi_dd3578ab, resource:FeatureTypeInfoImpl[vec_s2s_vec_sentinel_aoi_dd3578ab]]],name=vec_s2s_vec_sentinel_aoi_dd3578ab,remoteFeatureSource=<null>,style=<null>,type=0]]
	MaxFeatures = null
	Palette = null
	RawKvp = {REQUEST=GetMap, FORMAT=image/png, _T=undefined, SRS=EPSG:3857, BBOX=10918876.616480859,1448023.0638343797,10958012.37496287,1487158.8223163905, VERSION=1.1.1, STYLES=, SERVICE=WMS, WIDTH=256, HEIGHT=256, TRANSPARENT=true, LAYERS=ws_30cad3c4:vec_s2s_vec_sentinel_aoi_dd3578ab}
	RemoteOwsType = null
	RemoteOwsURL = null
	Request = GetMap
	RequestCharset = UTF-8
	ScaleMethod = null
	Sld = null
	SldBody = null
	SldVersion = null
	SortBy = null
	SortByArrays = null
	SRS = EPSG:3857
	StartIndex = null
	StyleBody = null
	StyleFormat = sld
	Styles = [StyleImpl[ name=style_vec_s2s_vec_sentinel_aoi_dd3578ab]]
	StyleUrl = null
	StyleVersion = null
	Tiled = false
	TilesOrigin = null
	Time = []
	Transparent = true
	ValidateSchema = false
	Version = 1.1.1
	ViewParams = null
	Width = 256
23 Sep 08:57:12 INFO   [geoserver.flow] - releasing flow controllers for [WMS 1.1.1 GetMap]
23 Sep 08:57:12 INFO   [geoserver.wms] - 
Request: getMap
	Angle = 0.0
	BaseUrl = http://localhost:8080/geoserver/
	Bbox = SRSEnvelope[1.0918876616480859E7 : 1.095801237496287E7, 1487158.8223163905 : 1526294.580798401]
	BgColor = java.awt.Color[r=255,g=255,b=255]
	Buffer = 0
	Clip = null
	CQLFilter = null
	Crs = PROJCS["WGS 84 / Pseudo-Mercator", 
  GEOGCS["WGS 84", 
    DATUM["World Geodetic System 1984", 
      SPHEROID["WGS 84", 6378137.0, 298.257223563, AUTHORITY["EPSG","7030"]], 
      AUTHORITY["EPSG","6326"]], 
    PRIMEM["Greenwich", 0.0, AUTHORITY["EPSG","8901"]], 
    UNIT["degree", 0.017453292519943295], 
    AXIS["Geodetic longitude", EAST], 
    AXIS["Geodetic latitude", NORTH], 
    AUTHORITY["EPSG","4326"]], 
  PROJECTION["Popular Visualisation Pseudo Mercator", AUTHORITY["EPSG","1024"]], 
  PARAMETER["semi_minor", 6378137.0], 
  PARAMETER["latitude_of_origin", 0.0], 
  PARAMETER["central_meridian", 0.0], 
  PARAMETER["scale_factor", 1.0], 
  PARAMETER["false_easting", 0.0], 
  PARAMETER["false_northing", 0.0], 
  UNIT["m", 1.0], 
  AXIS["Easting", EAST], 
  AXIS["Northing", NORTH], 
  AUTHORITY["EPSG","3857"]]
	Elevation = []
	Env = {}
	Exceptions = SE_XML
	FeatureId = null
	FeatureVersion = null
	Filter = null
	Format = image/png
	FormatOptions = {}
	Get = true
	Height = 256
	Interpolations = []
	Layers = [org.geoserver.wms.MapLayerInfo@283096dd[description=<null>,label=Sentinel AOI,layerFeatureConstraints=<null>,layerGroupMetadata={},layerInfo=SecuredLayerInfo[LayerInfoImpl[vec_s2s_vec_sentinel_aoi_dd3578ab, resource:FeatureTypeInfoImpl[vec_s2s_vec_sentinel_aoi_dd3578ab]]],name=vec_s2s_vec_sentinel_aoi_dd3578ab,remoteFeatureSource=<null>,style=<null>,type=0]]
	MaxFeatures = null
	Palette = null
	RawKvp = {REQUEST=GetMap, FORMAT=image/png, _T=undefined, SRS=EPSG:3857, BBOX=10918876.616480859,1487158.8223163905,10958012.37496287,1526294.580798401, VERSION=1.1.1, STYLES=, SERVICE=WMS, WIDTH=256, HEIGHT=256, TRANSPARENT=true, LAYERS=ws_30cad3c4:vec_s2s_vec_sentinel_aoi_dd3578ab}
	RemoteOwsType = null
	RemoteOwsURL = null
	Request = GetMap
	RequestCharset = UTF-8
	ScaleMethod = null
	Sld = null
	SldBody = null
	SldVersion = null
	SortBy = null
	SortByArrays = null
	SRS = EPSG:3857
	StartIndex = null
	StyleBody = null
	StyleFormat = sld
	Styles = [StyleImpl[ name=style_vec_s2s_vec_sentinel_aoi_dd3578ab]]
	StyleUrl = null
	StyleVersion = null
	Tiled = false
	TilesOrigin = null
	Time = []
	Transparent = true
	ValidateSchema = false
	Version = 1.1.1
	ViewParams = null
	Width = 256
23 Sep 08:57:12 INFO   [geoserver.wms] - 
Request: getMap
	Angle = 0.0
	BaseUrl = http://localhost:8080/geoserver/
	Bbox = SRSEnvelope[1.0918876616480859E7 : 1.095801237496287E7, 1526294.580798401 : 1565430.33928041]
	BgColor = java.awt.Color[r=255,g=255,b=255]
	Buffer = 0
	Clip = null
	CQLFilter = null
	Crs = PROJCS["WGS 84 / Pseudo-Mercator", 
  GEOGCS["WGS 84", 
    DATUM["World Geodetic System 1984", 
      SPHEROID["WGS 84", 6378137.0, 298.257223563, AUTHORITY["EPSG","7030"]], 
      AUTHORITY["EPSG","6326"]], 
    PRIMEM["Greenwich", 0.0, AUTHORITY["EPSG","8901"]], 
    UNIT["degree", 0.017453292519943295], 
    AXIS["Geodetic longitude", EAST], 
    AXIS["Geodetic latitude", NORTH], 
    AUTHORITY["EPSG","4326"]], 
  PROJECTION["Popular Visualisation Pseudo Mercator", AUTHORITY["EPSG","1024"]], 
  PARAMETER["semi_minor", 6378137.0], 
  PARAMETER["latitude_of_origin", 0.0], 
  PARAMETER["central_meridian", 0.0], 
  PARAMETER["scale_factor", 1.0], 
  PARAMETER["false_easting", 0.0], 
  PARAMETER["false_northing", 0.0], 
  UNIT["m", 1.0], 
  AXIS["Easting", EAST], 
  AXIS["Northing", NORTH], 
  AUTHORITY["EPSG","3857"]]
	Elevation = []
	Env = {}
	Exceptions = SE_XML
	FeatureId = null
	FeatureVersion = null
	Filter = null
	Format = image/png
	FormatOptions = {}
	Get = true
	Height = 256
	Interpolations = []
	Layers = [org.geoserver.wms.MapLayerInfo@2966c57a[description=<null>,label=Sentinel AOI,layerFeatureConstraints=<null>,layerGroupMetadata={},layerInfo=SecuredLayerInfo[LayerInfoImpl[vec_s2s_vec_sentinel_aoi_dd3578ab, resource:FeatureTypeInfoImpl[vec_s2s_vec_sentinel_aoi_dd3578ab]]],name=vec_s2s_vec_sentinel_aoi_dd3578ab,remoteFeatureSource=<null>,style=<null>,type=0]]
	MaxFeatures = null
	Palette = null
	RawKvp = {REQUEST=GetMap, FORMAT=image/png, _T=undefined, SRS=EPSG:3857, BBOX=10918876.616480859,1526294.580798401,10958012.37496287,1565430.33928041, VERSION=1.1.1, STYLES=, SERVICE=WMS, WIDTH=256, HEIGHT=256, TRANSPARENT=true, LAYERS=ws_30cad3c4:vec_s2s_vec_sentinel_aoi_dd3578ab}
	RemoteOwsType = null
	RemoteOwsURL = null
	Request = GetMap
	RequestCharset = UTF-8
	ScaleMethod = null
	Sld = null
	SldBody = null
	SldVersion = null
	SortBy = null
	SortByArrays = null
	SRS = EPSG:3857
	StartIndex = null
	StyleBody = null
	StyleFormat = sld
	Styles = [StyleImpl[ name=style_vec_s2s_vec_sentinel_aoi_dd3578ab]]
	StyleUrl = null
	StyleVersion = null
	Tiled = false
	TilesOrigin = null
	Time = []
	Transparent = true
	ValidateSchema = false
	Version = 1.1.1
	ViewParams = null
	Width = 256
23 Sep 08:57:12 INFO   [geoserver.flow] - Request completed, running requests: 5, blocked requests: 0
23 Sep 08:57:12 INFO   [geoserver.flow] - releasing flow controllers for [WMS 1.1.1 GetMap]
23 Sep 08:57:12 INFO   [geoserver.flow] - Request completed, running requests: 4, blocked requests: 0
23 Sep 08:57:12 INFO   [geoserver.flow] - releasing flow controllers for [WMS 1.1.1 GetMap]
23 Sep 08:57:12 INFO   [geoserver.flow] - releasing flow controllers for [WMS 1.1.1 GetMap]
23 Sep 08:57:12 INFO   [geoserver.wms] - 
Request: getMap
	Angle = 0.0
	BaseUrl = http://localhost:8080/geoserver/
	Bbox = SRSEnvelope[1.0918876616480859E7 : 1.095801237496287E7, 1604566.0977624203 : 1643701.8562444302]
	BgColor = java.awt.Color[r=255,g=255,b=255]
	Buffer = 0
	Clip = null
	CQLFilter = null
	Crs = PROJCS["WGS 84 / Pseudo-Mercator", 
  GEOGCS["WGS 84", 
    DATUM["World Geodetic System 1984", 
      SPHEROID["WGS 84", 6378137.0, 298.257223563, AUTHORITY["EPSG","7030"]], 
      AUTHORITY["EPSG","6326"]], 
    PRIMEM["Greenwich", 0.0, AUTHORITY["EPSG","8901"]], 
    UNIT["degree", 0.017453292519943295], 
    AXIS["Geodetic longitude", EAST], 
    AXIS["Geodetic latitude", NORTH], 
    AUTHORITY["EPSG","4326"]], 
  PROJECTION["Popular Visualisation Pseudo Mercator", AUTHORITY["EPSG","1024"]], 
  PARAMETER["semi_minor", 6378137.0], 
  PARAMETER["latitude_of_origin", 0.0], 
  PARAMETER["central_meridian", 0.0], 
  PARAMETER["scale_factor", 1.0], 
  PARAMETER["false_easting", 0.0], 
  PARAMETER["false_northing", 0.0], 
  UNIT["m", 1.0], 
  AXIS["Easting", EAST], 
  AXIS["Northing", NORTH], 
  AUTHORITY["EPSG","3857"]]
	Elevation = []
	Env = {}
	Exceptions = SE_XML
	FeatureId = null
	FeatureVersion = null
	Filter = null
	Format = image/png
	FormatOptions = {}
	Get = true
	Height = 256
	Interpolations = []
	Layers = [org.geoserver.wms.MapLayerInfo@18d09e33[description=<null>,label=Sentinel AOI,layerFeatureConstraints=<null>,layerGroupMetadata={},layerInfo=SecuredLayerInfo[LayerInfoImpl[vec_s2s_vec_sentinel_aoi_dd3578ab, resource:FeatureTypeInfoImpl[vec_s2s_vec_sentinel_aoi_dd3578ab]]],name=vec_s2s_vec_sentinel_aoi_dd3578ab,remoteFeatureSource=<null>,style=<null>,type=0]]
	MaxFeatures = null
	Palette = null
	RawKvp = {REQUEST=GetMap, FORMAT=image/png, _T=undefined, SRS=EPSG:3857, BBOX=10918876.616480859,1604566.0977624203,10958012.37496287,1643701.8562444302, VERSION=1.1.1, STYLES=, SERVICE=WMS, WIDTH=256, HEIGHT=256, TRANSPARENT=true, LAYERS=ws_30cad3c4:vec_s2s_vec_sentinel_aoi_dd3578ab}
	RemoteOwsType = null
	RemoteOwsURL = null
	Request = GetMap
	RequestCharset = UTF-8
	ScaleMethod = null
	Sld = null
	SldBody = null
	SldVersion = null
	SortBy = null
	SortByArrays = null
	SRS = EPSG:3857
	StartIndex = null
	StyleBody = null
	StyleFormat = sld
	Styles = [StyleImpl[ name=style_vec_s2s_vec_sentinel_aoi_dd3578ab]]
	StyleUrl = null
	StyleVersion = null
	Tiled = false
	TilesOrigin = null
	Time = []
	Transparent = true
	ValidateSchema = false
	Version = 1.1.1
	ViewParams = null
	Width = 256
23 Sep 08:57:12 INFO   [geoserver.wms] - 
Request: getMap
	Angle = 0.0
	BaseUrl = http://localhost:8080/geoserver/
	Bbox = SRSEnvelope[1.0918876616480859E7 : 1.095801237496287E7, 1565430.33928041 : 1604566.0977624203]
	BgColor = java.awt.Color[r=255,g=255,b=255]
	Buffer = 0
	Clip = null
	CQLFilter = null
	Crs = PROJCS["WGS 84 / Pseudo-Mercator", 
  GEOGCS["WGS 84", 
    DATUM["World Geodetic System 1984", 
      SPHEROID["WGS 84", 6378137.0, 298.257223563, AUTHORITY["EPSG","7030"]], 
      AUTHORITY["EPSG","6326"]], 
    PRIMEM["Greenwich", 0.0, AUTHORITY["EPSG","8901"]], 
    UNIT["degree", 0.017453292519943295], 
    AXIS["Geodetic longitude", EAST], 
    AXIS["Geodetic latitude", NORTH], 
    AUTHORITY["EPSG","4326"]], 
  PROJECTION["Popular Visualisation Pseudo Mercator", AUTHORITY["EPSG","1024"]], 
  PARAMETER["semi_minor", 6378137.0], 
  PARAMETER["latitude_of_origin", 0.0], 
  PARAMETER["central_meridian", 0.0], 
  PARAMETER["scale_factor", 1.0], 
  PARAMETER["false_easting", 0.0], 
  PARAMETER["false_northing", 0.0], 
  UNIT["m", 1.0], 
  AXIS["Easting", EAST], 
  AXIS["Northing", NORTH], 
  AUTHORITY["EPSG","3857"]]
	Elevation = []
	Env = {}
	Exceptions = SE_XML
	FeatureId = null
	FeatureVersion = null
	Filter = null
	Format = image/png
	FormatOptions = {}
	Get = true
	Height = 256
	Interpolations = []
	Layers = [org.geoserver.wms.MapLayerInfo@7a544124[description=<null>,label=Sentinel AOI,layerFeatureConstraints=<null>,layerGroupMetadata={},layerInfo=SecuredLayerInfo[LayerInfoImpl[vec_s2s_vec_sentinel_aoi_dd3578ab, resource:FeatureTypeInfoImpl[vec_s2s_vec_sentinel_aoi_dd3578ab]]],name=vec_s2s_vec_sentinel_aoi_dd3578ab,remoteFeatureSource=<null>,style=<null>,type=0]]
	MaxFeatures = null
	Palette = null
	RawKvp = {REQUEST=GetMap, FORMAT=image/png, _T=undefined, SRS=EPSG:3857, BBOX=10918876.616480859,1565430.33928041,10958012.37496287,1604566.0977624203, VERSION=1.1.1, STYLES=, SERVICE=WMS, WIDTH=256, HEIGHT=256, TRANSPARENT=true, LAYERS=ws_30cad3c4:vec_s2s_vec_sentinel_aoi_dd3578ab}
	RemoteOwsType = null
	RemoteOwsURL = null
	Request = GetMap
	RequestCharset = UTF-8
	ScaleMethod = null
	Sld = null
	SldBody = null
	SldVersion = null
	SortBy = null
	SortByArrays = null
	SRS = EPSG:3857
	StartIndex = null
	StyleBody = null
	StyleFormat = sld
	Styles = [StyleImpl[ name=style_vec_s2s_vec_sentinel_aoi_dd3578ab]]
	StyleUrl = null
	StyleVersion = null
	Tiled = false
	TilesOrigin = null
	Time = []
	Transparent = true
	ValidateSchema = false
	Version = 1.1.1
	ViewParams = null
	Width = 256
23 Sep 08:57:12 INFO   [geoserver.flow] - Request completed, running requests: 2, blocked requests: 0
23 Sep 08:57:12 INFO   [geoserver.wms] - 
Request: getServiceInfo
23 Sep 08:57:12 INFO   [geoserver.flow] - releasing flow controllers for [WMS 1.1.1 GetMap]
23 Sep 08:57:12 INFO   [geoserver.flow] - Request completed, running requests: 0, blocked requests: 1
23 Sep 08:57:12 INFO   [geoserver.flow] - releasing flow controllers for [WMS 1.1.1 GetMap]
23 Sep 08:57:12 INFO   [geoserver.flow] - Request completed, running requests: 0, blocked requests: 1
23 Sep 08:57:12 INFO   [geoserver.flow] - Request completed, running requests: 2, blocked requests: 0
23 Sep 08:57:12 INFO   [geoserver.flow] - Request [WMS 1.1.1 GetMap] starting, processing through flow controllers
23 Sep 08:57:12 INFO   [geoserver.wms] - 
Request: getServiceInfo
23 Sep 08:57:12 INFO   [geoserver.flow] - Request control-flow performed, running requests: 1, blocked requests: 0
23 Sep 08:57:12 INFO   [geoserver.flow] - Request [WMS 1.1.1 GetMap] starting, processing through flow controllers
23 Sep 08:57:12 INFO   [geoserver.flow] - Request control-flow performed, running requests: 2, blocked requests: 0
23 Sep 08:57:12 INFO   [geoserver.wms] - 
Request: getServiceInfo
23 Sep 08:57:12 INFO   [geoserver.flow] - Request [WMS 1.1.1 GetMap] starting, processing through flow controllers
23 Sep 08:57:12 INFO   [geoserver.wms] - 
Request: getServiceInfo
23 Sep 08:57:12 INFO   [geoserver.wms] - 
Request: getServiceInfo
23 Sep 08:57:12 INFO   [geoserver.flow] - Request control-flow performed, running requests: 3, blocked requests: 0
23 Sep 08:57:12 INFO   [geoserver.wms] - 
Request: getMap
	Angle = 0.0
	BaseUrl = http://localhost:8080/geoserver/
	Bbox = SRSEnvelope[1.0879740857998848E7 : 1.0918876616480859E7, 1448023.0638343797 : 1487158.8223163905]
	BgColor = java.awt.Color[r=255,g=255,b=255]
	Buffer = 0
	Clip = null
	CQLFilter = null
	Crs = PROJCS["WGS 84 / Pseudo-Mercator", 
  GEOGCS["WGS 84", 
    DATUM["World Geodetic System 1984", 
      SPHEROID["WGS 84", 6378137.0, 298.257223563, AUTHORITY["EPSG","7030"]], 
      AUTHORITY["EPSG","6326"]], 
    PRIMEM["Greenwich", 0.0, AUTHORITY["EPSG","8901"]], 
    UNIT["degree", 0.017453292519943295], 
    AXIS["Geodetic longitude", EAST], 
    AXIS["Geodetic latitude", NORTH], 
    AUTHORITY["EPSG","4326"]], 
  PROJECTION["Popular Visualisation Pseudo Mercator", AUTHORITY["EPSG","1024"]], 
  PARAMETER["semi_minor", 6378137.0], 
  PARAMETER["latitude_of_origin", 0.0], 
  PARAMETER["central_meridian", 0.0], 
  PARAMETER["scale_factor", 1.0], 
  PARAMETER["false_easting", 0.0], 
  PARAMETER["false_northing", 0.0], 
  UNIT["m", 1.0], 
  AXIS["Easting", EAST], 
  AXIS["Northing", NORTH], 
  AUTHORITY["EPSG","3857"]]
	Elevation = []
	Env = {}
	Exceptions = SE_XML
	FeatureId = null
	FeatureVersion = null
	Filter = null
	Format = image/png
	FormatOptions = {}
	Get = true
	Height = 256
	Interpolations = []
	Layers = [org.geoserver.wms.MapLayerInfo@12405477[description=<null>,label=Sentinel AOI,layerFeatureConstraints=<null>,layerGroupMetadata={},layerInfo=SecuredLayerInfo[LayerInfoImpl[vec_s2s_vec_sentinel_aoi_dd3578ab, resource:FeatureTypeInfoImpl[vec_s2s_vec_sentinel_aoi_dd3578ab]]],name=vec_s2s_vec_sentinel_aoi_dd3578ab,remoteFeatureSource=<null>,style=<null>,type=0]]
	MaxFeatures = null
	Palette = null
	RawKvp = {REQUEST=GetMap, FORMAT=image/png, _T=undefined, SRS=EPSG:3857, BBOX=10879740.857998848,1448023.0638343797,10918876.616480859,1487158.8223163905, VERSION=1.1.1, STYLES=, SERVICE=WMS, WIDTH=256, HEIGHT=256, TRANSPARENT=true, LAYERS=ws_30cad3c4:vec_s2s_vec_sentinel_aoi_dd3578ab}
	RemoteOwsType = null
	RemoteOwsURL = null
	Request = GetMap
	RequestCharset = UTF-8
	ScaleMethod = null
	Sld = null
	SldBody = null
	SldVersion = null
	SortBy = null
	SortByArrays = null
	SRS = EPSG:3857
	StartIndex = null
	StyleBody = null
	StyleFormat = sld
	Styles = [StyleImpl[ name=style_vec_s2s_vec_sentinel_aoi_dd3578ab]]
	StyleUrl = null
	StyleVersion = null
	Tiled = false
	TilesOrigin = null
	Time = []
	Transparent = true
	ValidateSchema = false
	Version = 1.1.1
	ViewParams = null
	Width = 256
23 Sep 08:57:12 INFO   [geoserver.flow] - Request [WMS 1.1.1 GetMap] starting, processing through flow controllers
23 Sep 08:57:12 INFO   [geoserver.wms] - 
Request: getServiceInfo
23 Sep 08:57:12 INFO   [geoserver.flow] - Request [WMS 1.1.1 GetMap] starting, processing through flow controllers
23 Sep 08:57:12 INFO   [geoserver.wms] - 
Request: getMap
	Angle = 0.0
	BaseUrl = http://localhost:8080/geoserver/
	Bbox = SRSEnvelope[1.0918876616480859E7 : 1.095801237496287E7, 1604566.0977624203 : 1643701.8562444302]
	BgColor = java.awt.Color[r=255,g=255,b=255]
	Buffer = 0
	Clip = null
	CQLFilter = null
	Crs = PROJCS["WGS 84 / Pseudo-Mercator", 
  GEOGCS["WGS 84", 
    DATUM["World Geodetic System 1984", 
      SPHEROID["WGS 84", 6378137.0, 298.257223563, AUTHORITY["EPSG","7030"]], 
      AUTHORITY["EPSG","6326"]], 
    PRIMEM["Greenwich", 0.0, AUTHORITY["EPSG","8901"]], 
    UNIT["degree", 0.017453292519943295], 
    AXIS["Geodetic longitude", EAST], 
    AXIS["Geodetic latitude", NORTH], 
    AUTHORITY["EPSG","4326"]], 
  PROJECTION["Popular Visualisation Pseudo Mercator", AUTHORITY["EPSG","1024"]], 
  PARAMETER["semi_minor", 6378137.0], 
  PARAMETER["latitude_of_origin", 0.0], 
  PARAMETER["central_meridian", 0.0], 
  PARAMETER["scale_factor", 1.0], 
  PARAMETER["false_easting", 0.0], 
  PARAMETER["false_northing", 0.0], 
  UNIT["m", 1.0], 
  AXIS["Easting", EAST], 
  AXIS["Northing", NORTH], 
  AUTHORITY["EPSG","3857"]]
	Elevation = []
	Env = {}
	Exceptions = SE_XML
	FeatureId = null
	FeatureVersion = null
	Filter = null
	Format = image/png
	FormatOptions = {}
	Get = true
	Height = 256
	Interpolations = []
	Layers = [org.geoserver.wms.MapLayerInfo@35c3bd2[description=<null>,label=Sentinel GEE,layerFeatureConstraints=<null>,layerGroupMetadata={},layerInfo=SecuredLayerInfo[LayerInfoImpl[vec_s2s_vec_sentinel_gee_5a893440, resource:FeatureTypeInfoImpl[vec_s2s_vec_sentinel_gee_5a893440]]],name=vec_s2s_vec_sentinel_gee_5a893440,remoteFeatureSource=<null>,style=<null>,type=0]]
	MaxFeatures = null
	Palette = null
	RawKvp = {REQUEST=GetMap, FORMAT=image/png, _T=undefined, SRS=EPSG:3857, BBOX=10918876.616480859,1604566.0977624203,10958012.37496287,1643701.8562444302, VERSION=1.1.1, STYLES=, SERVICE=WMS, WIDTH=256, HEIGHT=256, TRANSPARENT=true, LAYERS=ws_30cad3c4:vec_s2s_vec_sentinel_gee_5a893440}
	RemoteOwsType = null
	RemoteOwsURL = null
	Request = GetMap
	RequestCharset = UTF-8
	ScaleMethod = null
	Sld = null
	SldBody = null
	SldVersion = null
	SortBy = null
	SortByArrays = null
	SRS = EPSG:3857
	StartIndex = null
	StyleBody = null
	StyleFormat = sld
	Styles = [StyleImpl[ name=style_vec_s2s_vec_sentinel_gee_5a893440]]
	StyleUrl = null
	StyleVersion = null
	Tiled = false
	TilesOrigin = null
	Time = []
	Transparent = true
	ValidateSchema = false
	Version = 1.1.1
	ViewParams = null
	Width = 256
23 Sep 08:57:12 INFO   [geoserver.flow] - releasing flow controllers for [WMS 1.1.1 GetMap]
23 Sep 08:57:12 INFO   [geoserver.flow] - Request completed, running requests: 3, blocked requests: 0
23 Sep 08:57:12 INFO   [geoserver.flow] - releasing flow controllers for [WMS 1.1.1 GetMap]
23 Sep 08:57:12 INFO   [geoserver.flow] - Request completed, running requests: 3, blocked requests: 1
23 Sep 08:57:12 INFO   [geoserver.flow] - Request control-flow performed, running requests: 4, blocked requests: 1
23 Sep 08:57:12 INFO   [geoserver.flow] - Request control-flow performed, running requests: 4, blocked requests: 0
23 Sep 08:57:12 INFO   [geoserver.flow] - Request [WMS 1.1.1 GetMap] starting, processing through flow controllers
23 Sep 08:57:12 INFO   [geoserver.flow] - Request control-flow performed, running requests: 4, blocked requests: 0
23 Sep 08:57:12 INFO   [geoserver.wms] - 
Request: getMap
	Angle = 0.0
	BaseUrl = http://localhost:8080/geoserver/
	Bbox = SRSEnvelope[1.0879740857998848E7 : 1.0918876616480859E7, 1487158.8223163905 : 1526294.580798401]
	BgColor = java.awt.Color[r=255,g=255,b=255]
	Buffer = 0
	Clip = null
	CQLFilter = null
	Crs = PROJCS["WGS 84 / Pseudo-Mercator", 
  GEOGCS["WGS 84", 
    DATUM["World Geodetic System 1984", 
      SPHEROID["WGS 84", 6378137.0, 298.257223563, AUTHORITY["EPSG","7030"]], 
      AUTHORITY["EPSG","6326"]], 
    PRIMEM["Greenwich", 0.0, AUTHORITY["EPSG","8901"]], 
    UNIT["degree", 0.017453292519943295], 
    AXIS["Geodetic longitude", EAST], 
    AXIS["Geodetic latitude", NORTH], 
    AUTHORITY["EPSG","4326"]], 
  PROJECTION["Popular Visualisation Pseudo Mercator", AUTHORITY["EPSG","1024"]], 
  PARAMETER["semi_minor", 6378137.0], 
  PARAMETER["latitude_of_origin", 0.0], 
  PARAMETER["central_meridian", 0.0], 
  PARAMETER["scale_factor", 1.0], 
  PARAMETER["false_easting", 0.0], 
  PARAMETER["false_northing", 0.0], 
  UNIT["m", 1.0], 
  AXIS["Easting", EAST], 
  AXIS["Northing", NORTH], 
  AUTHORITY["EPSG","3857"]]
	Elevation = []
	Env = {}
	Exceptions = SE_XML
	FeatureId = null
	FeatureVersion = null
	Filter = null
	Format = image/png
	FormatOptions = {}
	Get = true
	Height = 256
	Interpolations = []
	Layers = [org.geoserver.wms.MapLayerInfo@225aa444[description=<null>,label=Sentinel AOI,layerFeatureConstraints=<null>,layerGroupMetadata={},layerInfo=SecuredLayerInfo[LayerInfoImpl[vec_s2s_vec_sentinel_aoi_dd3578ab, resource:FeatureTypeInfoImpl[vec_s2s_vec_sentinel_aoi_dd3578ab]]],name=vec_s2s_vec_sentinel_aoi_dd3578ab,remoteFeatureSource=<null>,style=<null>,type=0]]
	MaxFeatures = null
	Palette = null
	RawKvp = {REQUEST=GetMap, FORMAT=image/png, _T=undefined, SRS=EPSG:3857, BBOX=10879740.857998848,1487158.8223163905,10918876.616480859,1526294.580798401, VERSION=1.1.1, STYLES=, SERVICE=WMS, WIDTH=256, HEIGHT=256, TRANSPARENT=true, LAYERS=ws_30cad3c4:vec_s2s_vec_sentinel_aoi_dd3578ab}
	RemoteOwsType = null
	RemoteOwsURL = null
	Request = GetMap
	RequestCharset = UTF-8
	ScaleMethod = null
	Sld = null
	SldBody = null
	SldVersion = null
	SortBy = null
	SortByArrays = null
	SRS = EPSG:3857
	StartIndex = null
	StyleBody = null
	StyleFormat = sld
	Styles = [StyleImpl[ name=style_vec_s2s_vec_sentinel_aoi_dd3578ab]]
	StyleUrl = null
	StyleVersion = null
	Tiled = false
	TilesOrigin = null
	Time = []
	Transparent = true
	ValidateSchema = false
	Version = 1.1.1
	ViewParams = null
	Width = 256
23 Sep 08:57:13 INFO   [geoserver.wms] - 
Request: getMap
	Angle = 0.0
	BaseUrl = http://localhost:8080/geoserver/
	Bbox = SRSEnvelope[1.0918876616480859E7 : 1.095801237496287E7, 1448023.0638343797 : 1487158.8223163905]
	BgColor = java.awt.Color[r=255,g=255,b=255]
	Buffer = 0
	Clip = null
	CQLFilter = null
	Crs = PROJCS["WGS 84 / Pseudo-Mercator", 
  GEOGCS["WGS 84", 
    DATUM["World Geodetic System 1984", 
      SPHEROID["WGS 84", 6378137.0, 298.257223563, AUTHORITY["EPSG","7030"]], 
      AUTHORITY["EPSG","6326"]], 
    PRIMEM["Greenwich", 0.0, AUTHORITY["EPSG","8901"]], 
    UNIT["degree", 0.017453292519943295], 
    AXIS["Geodetic longitude", EAST], 
    AXIS["Geodetic latitude", NORTH], 
    AUTHORITY["EPSG","4326"]], 
  PROJECTION["Popular Visualisation Pseudo Mercator", AUTHORITY["EPSG","1024"]], 
  PARAMETER["semi_minor", 6378137.0], 
  PARAMETER["latitude_of_origin", 0.0], 
  PARAMETER["central_meridian", 0.0], 
  PARAMETER["scale_factor", 1.0], 
  PARAMETER["false_easting", 0.0], 
  PARAMETER["false_northing", 0.0], 
  UNIT["m", 1.0], 
  AXIS["Easting", EAST], 
  AXIS["Northing", NORTH], 
  AUTHORITY["EPSG","3857"]]
	Elevation = []
	Env = {}
	Exceptions = SE_XML
	FeatureId = null
	FeatureVersion = null
	Filter = null
	Format = image/png
	FormatOptions = {}
	Get = true
	Height = 256
	Interpolations = []
	Layers = [org.geoserver.wms.MapLayerInfo@55da3ca8[description=<null>,label=Sentinel GEE,layerFeatureConstraints=<null>,layerGroupMetadata={},layerInfo=SecuredLayerInfo[LayerInfoImpl[vec_s2s_vec_sentinel_gee_5a893440, resource:FeatureTypeInfoImpl[vec_s2s_vec_sentinel_gee_5a893440]]],name=vec_s2s_vec_sentinel_gee_5a893440,remoteFeatureSource=<null>,style=<null>,type=0]]
	MaxFeatures = null
	Palette = null
	RawKvp = {REQUEST=GetMap, FORMAT=image/png, _T=undefined, SRS=EPSG:3857, BBOX=10918876.616480859,1448023.0638343797,10958012.37496287,1487158.8223163905, VERSION=1.1.1, STYLES=, SERVICE=WMS, WIDTH=256, HEIGHT=256, TRANSPARENT=true, LAYERS=ws_30cad3c4:vec_s2s_vec_sentinel_gee_5a893440}
	RemoteOwsType = null
	RemoteOwsURL = null
	Request = GetMap
	RequestCharset = UTF-8
	ScaleMethod = null
	Sld = null
	SldBody = null
	SldVersion = null
	SortBy = null
	SortByArrays = null
	SRS = EPSG:3857
	StartIndex = null
	StyleBody = null
	StyleFormat = sld
	Styles = [StyleImpl[ name=style_vec_s2s_vec_sentinel_gee_5a893440]]
	StyleUrl = null
	StyleVersion = null
	Tiled = false
	TilesOrigin = null
	Time = []
	Transparent = true
	ValidateSchema = false
	Version = 1.1.1
	ViewParams = null
	Width = 256
23 Sep 08:57:13 INFO   [geoserver.wms] - 
Request: getServiceInfo
23 Sep 08:57:13 INFO   [geoserver.flow] - releasing flow controllers for [WMS 1.1.1 GetMap]
23 Sep 08:57:13 INFO   [geoserver.flow] - releasing flow controllers for [WMS 1.1.1 GetMap]
23 Sep 08:57:13 INFO   [geoserver.wms] - 
Request: getMap
	Angle = 0.0
	BaseUrl = http://localhost:8080/geoserver/
	Bbox = SRSEnvelope[1.0879740857998848E7 : 1.0918876616480859E7, 1526294.580798401 : 1565430.33928041]
	BgColor = java.awt.Color[r=255,g=255,b=255]
	Buffer = 0
	Clip = null
	CQLFilter = null
	Crs = PROJCS["WGS 84 / Pseudo-Mercator", 
  GEOGCS["WGS 84", 
    DATUM["World Geodetic System 1984", 
      SPHEROID["WGS 84", 6378137.0, 298.257223563, AUTHORITY["EPSG","7030"]], 
      AUTHORITY["EPSG","6326"]], 
    PRIMEM["Greenwich", 0.0, AUTHORITY["EPSG","8901"]], 
    UNIT["degree", 0.017453292519943295], 
    AXIS["Geodetic longitude", EAST], 
    AXIS["Geodetic latitude", NORTH], 
    AUTHORITY["EPSG","4326"]], 
  PROJECTION["Popular Visualisation Pseudo Mercator", AUTHORITY["EPSG","1024"]], 
  PARAMETER["semi_minor", 6378137.0], 
  PARAMETER["latitude_of_origin", 0.0], 
  PARAMETER["central_meridian", 0.0], 
  PARAMETER["scale_factor", 1.0], 
  PARAMETER["false_easting", 0.0], 
  PARAMETER["false_northing", 0.0], 
  UNIT["m", 1.0], 
  AXIS["Easting", EAST], 
  AXIS["Northing", NORTH], 
  AUTHORITY["EPSG","3857"]]
	Elevation = []
	Env = {}
	Exceptions = SE_XML
	FeatureId = null
	FeatureVersion = null
	Filter = null
	Format = image/png
	FormatOptions = {}
	Get = true
	Height = 256
	Interpolations = []
	Layers = [org.geoserver.wms.MapLayerInfo@4883b004[description=<null>,label=Sentinel GEE,layerFeatureConstraints=<null>,layerGroupMetadata={},layerInfo=SecuredLayerInfo[LayerInfoImpl[vec_s2s_vec_sentinel_gee_5a893440, resource:FeatureTypeInfoImpl[vec_s2s_vec_sentinel_gee_5a893440]]],name=vec_s2s_vec_sentinel_gee_5a893440,remoteFeatureSource=<null>,style=<null>,type=0]]
	MaxFeatures = null
	Palette = null
	RawKvp = {REQUEST=GetMap, FORMAT=image/png, _T=undefined, SRS=EPSG:3857, BBOX=10879740.857998848,1526294.580798401,10918876.616480859,1565430.33928041, VERSION=1.1.1, STYLES=, SERVICE=WMS, WIDTH=256, HEIGHT=256, TRANSPARENT=true, LAYERS=ws_30cad3c4:vec_s2s_vec_sentinel_gee_5a893440}
	RemoteOwsType = null
	RemoteOwsURL = null
	Request = GetMap
	RequestCharset = UTF-8
	ScaleMethod = null
	Sld = null
	SldBody = null
	SldVersion = null
	SortBy = null
	SortByArrays = null
	SRS = EPSG:3857
	StartIndex = null
	StyleBody = null
	StyleFormat = sld
	Styles = [StyleImpl[ name=style_vec_s2s_vec_sentinel_gee_5a893440]]
	StyleUrl = null
	StyleVersion = null
	Tiled = false
	TilesOrigin = null
	Time = []
	Transparent = true
	ValidateSchema = false
	Version = 1.1.1
	ViewParams = null
	Width = 256
23 Sep 08:57:13 INFO   [geoserver.flow] - Request [WMS 1.1.1 GetMap] starting, processing through flow controllers
23 Sep 08:57:13 INFO   [geoserver.flow] - Request completed, running requests: 2, blocked requests: 1
23 Sep 08:57:13 INFO   [geoserver.flow] - Request completed, running requests: 2, blocked requests: 1
23 Sep 08:57:13 INFO   [geoserver.wms] - 
Request: getServiceInfo
23 Sep 08:57:13 INFO   [geoserver.flow] - Request control-flow performed, running requests: 3, blocked requests: 0
23 Sep 08:57:13 INFO   [geoserver.flow] - Request [WMS 1.1.1 GetMap] starting, processing through flow controllers
23 Sep 08:57:13 INFO   [geoserver.flow] - releasing flow controllers for [WMS 1.1.1 GetMap]
23 Sep 08:57:13 INFO   [geoserver.flow] - Request completed, running requests: 3, blocked requests: 0
23 Sep 08:57:13 INFO   [geoserver.flow] - Request control-flow performed, running requests: 3, blocked requests: 0
23 Sep 08:57:13 INFO   [geoserver.wms] - 
Request: getServiceInfo
23 Sep 08:57:13 INFO   [geoserver.flow] - Request [WMS 1.1.1 GetMap] starting, processing through flow controllers
23 Sep 08:57:13 INFO   [geoserver.flow] - Request control-flow performed, running requests: 4, blocked requests: 0
23 Sep 08:57:13 INFO   [geoserver.wms] - 
Request: getServiceInfo
23 Sep 08:57:13 INFO   [geoserver.wms] - 
Request: getMap
	Angle = 0.0
	BaseUrl = http://localhost:8080/geoserver/
	Bbox = SRSEnvelope[1.0879740857998848E7 : 1.0918876616480859E7, 1565430.33928041 : 1604566.0977624203]
	BgColor = java.awt.Color[r=255,g=255,b=255]
	Buffer = 0
	Clip = null
	CQLFilter = null
	Crs = PROJCS["WGS 84 / Pseudo-Mercator", 
  GEOGCS["WGS 84", 
    DATUM["World Geodetic System 1984", 
      SPHEROID["WGS 84", 6378137.0, 298.257223563, AUTHORITY["EPSG","7030"]], 
      AUTHORITY["EPSG","6326"]], 
    PRIMEM["Greenwich", 0.0, AUTHORITY["EPSG","8901"]], 
    UNIT["degree", 0.017453292519943295], 
    AXIS["Geodetic longitude", EAST], 
    AXIS["Geodetic latitude", NORTH], 
    AUTHORITY["EPSG","4326"]], 
  PROJECTION["Popular Visualisation Pseudo Mercator", AUTHORITY["EPSG","1024"]], 
  PARAMETER["semi_minor", 6378137.0], 
  PARAMETER["latitude_of_origin", 0.0], 
  PARAMETER["central_meridian", 0.0], 
  PARAMETER["scale_factor", 1.0], 
  PARAMETER["false_easting", 0.0], 
  PARAMETER["false_northing", 0.0], 
  UNIT["m", 1.0], 
  AXIS["Easting", EAST], 
  AXIS["Northing", NORTH], 
  AUTHORITY["EPSG","3857"]]
	Elevation = []
	Env = {}
	Exceptions = SE_XML
	FeatureId = null
	FeatureVersion = null
	Filter = null
	Format = image/png
	FormatOptions = {}
	Get = true
	Height = 256
	Interpolations = []
	Layers = [org.geoserver.wms.MapLayerInfo@2cb9d170[description=<null>,label=Sentinel AOI,layerFeatureConstraints=<null>,layerGroupMetadata={},layerInfo=SecuredLayerInfo[LayerInfoImpl[vec_s2s_vec_sentinel_aoi_dd3578ab, resource:FeatureTypeInfoImpl[vec_s2s_vec_sentinel_aoi_dd3578ab]]],name=vec_s2s_vec_sentinel_aoi_dd3578ab,remoteFeatureSource=<null>,style=<null>,type=0]]
	MaxFeatures = null
	Palette = null
	RawKvp = {REQUEST=GetMap, FORMAT=image/png, _T=undefined, SRS=EPSG:3857, BBOX=10879740.857998848,1565430.33928041,10918876.616480859,1604566.0977624203, VERSION=1.1.1, STYLES=, SERVICE=WMS, WIDTH=256, HEIGHT=256, TRANSPARENT=true, LAYERS=ws_30cad3c4:vec_s2s_vec_sentinel_aoi_dd3578ab}
	RemoteOwsType = null
	RemoteOwsURL = null
	Request = GetMap
	RequestCharset = UTF-8
	ScaleMethod = null
	Sld = null
	SldBody = null
	SldVersion = null
	SortBy = null
	SortByArrays = null
	SRS = EPSG:3857
	StartIndex = null
	StyleBody = null
	StyleFormat = sld
	Styles = [StyleImpl[ name=style_vec_s2s_vec_sentinel_aoi_dd3578ab]]
	StyleUrl = null
	StyleVersion = null
	Tiled = false
	TilesOrigin = null
	Time = []
	Transparent = true
	ValidateSchema = false
	Version = 1.1.1
	ViewParams = null
	Width = 256
23 Sep 08:57:13 INFO   [geoserver.wms] - 
Request: getMap
	Angle = 0.0
	BaseUrl = http://localhost:8080/geoserver/
	Bbox = SRSEnvelope[1.0918876616480859E7 : 1.095801237496287E7, 1565430.33928041 : 1604566.0977624203]
	BgColor = java.awt.Color[r=255,g=255,b=255]
	Buffer = 0
	Clip = null
	CQLFilter = null
	Crs = PROJCS["WGS 84 / Pseudo-Mercator", 
  GEOGCS["WGS 84", 
    DATUM["World Geodetic System 1984", 
      SPHEROID["WGS 84", 6378137.0, 298.257223563, AUTHORITY["EPSG","7030"]], 
      AUTHORITY["EPSG","6326"]], 
    PRIMEM["Greenwich", 0.0, AUTHORITY["EPSG","8901"]], 
    UNIT["degree", 0.017453292519943295], 
    AXIS["Geodetic longitude", EAST], 
    AXIS["Geodetic latitude", NORTH], 
    AUTHORITY["EPSG","4326"]], 
  PROJECTION["Popular Visualisation Pseudo Mercator", AUTHORITY["EPSG","1024"]], 
  PARAMETER["semi_minor", 6378137.0], 
  PARAMETER["latitude_of_origin", 0.0], 
  PARAMETER["central_meridian", 0.0], 
  PARAMETER["scale_factor", 1.0], 
  PARAMETER["false_easting", 0.0], 
  PARAMETER["false_northing", 0.0], 
  UNIT["m", 1.0], 
  AXIS["Easting", EAST], 
  AXIS["Northing", NORTH], 
  AUTHORITY["EPSG","3857"]]
	Elevation = []
	Env = {}
	Exceptions = SE_XML
	FeatureId = null
	FeatureVersion = null
	Filter = null
	Format = image/png
	FormatOptions = {}
	Get = true
	Height = 256
	Interpolations = []
	Layers = [org.geoserver.wms.MapLayerInfo@7f817d1c[description=<null>,label=Sentinel GEE,layerFeatureConstraints=<null>,layerGroupMetadata={},layerInfo=SecuredLayerInfo[LayerInfoImpl[vec_s2s_vec_sentinel_gee_5a893440, resource:FeatureTypeInfoImpl[vec_s2s_vec_sentinel_gee_5a893440]]],name=vec_s2s_vec_sentinel_gee_5a893440,remoteFeatureSource=<null>,style=<null>,type=0]]
	MaxFeatures = null
	Palette = null
	RawKvp = {REQUEST=GetMap, FORMAT=image/png, _T=undefined, SRS=EPSG:3857, BBOX=10918876.616480859,1565430.33928041,10958012.37496287,1604566.0977624203, VERSION=1.1.1, STYLES=, SERVICE=WMS, WIDTH=256, HEIGHT=256, TRANSPARENT=true, LAYERS=ws_30cad3c4:vec_s2s_vec_sentinel_gee_5a893440}
	RemoteOwsType = null
	RemoteOwsURL = null
	Request = GetMap
	RequestCharset = UTF-8
	ScaleMethod = null
	Sld = null
	SldBody = null
	SldVersion = null
	SortBy = null
	SortByArrays = null
	SRS = EPSG:3857
	StartIndex = null
	StyleBody = null
	StyleFormat = sld
	Styles = [StyleImpl[ name=style_vec_s2s_vec_sentinel_gee_5a893440]]
	StyleUrl = null
	StyleVersion = null
	Tiled = false
	TilesOrigin = null
	Time = []
	Transparent = true
	ValidateSchema = false
	Version = 1.1.1
	ViewParams = null
	Width = 256
23 Sep 08:57:13 INFO   [geoserver.flow] - Request [WMS 1.1.1 GetMap] starting, processing through flow controllers
23 Sep 08:57:13 INFO   [geoserver.flow] - Request control-flow performed, running requests: 5, blocked requests: 0
23 Sep 08:57:13 INFO   [geoserver.wms] - 
Request: getServiceInfo
23 Sep 08:57:13 INFO   [geoserver.flow] - releasing flow controllers for [WMS 1.1.1 GetMap]
23 Sep 08:57:13 INFO   [geoserver.flow] - Request [WMS 1.1.1 GetMap] starting, processing through flow controllers
23 Sep 08:57:13 INFO   [geoserver.wms] - 
Request: getMap
	Angle = 0.0
	BaseUrl = http://localhost:8080/geoserver/
	Bbox = SRSEnvelope[1.0918876616480859E7 : 1.095801237496287E7, 1526294.580798401 : 1565430.33928041]
	BgColor = java.awt.Color[r=255,g=255,b=255]
	Buffer = 0
	Clip = null
	CQLFilter = null
	Crs = PROJCS["WGS 84 / Pseudo-Mercator", 
  GEOGCS["WGS 84", 
    DATUM["World Geodetic System 1984", 
      SPHEROID["WGS 84", 6378137.0, 298.257223563, AUTHORITY["EPSG","7030"]], 
      AUTHORITY["EPSG","6326"]], 
    PRIMEM["Greenwich", 0.0, AUTHORITY["EPSG","8901"]], 
    UNIT["degree", 0.017453292519943295], 
    AXIS["Geodetic longitude", EAST], 
    AXIS["Geodetic latitude", NORTH], 
    AUTHORITY["EPSG","4326"]], 
  PROJECTION["Popular Visualisation Pseudo Mercator", AUTHORITY["EPSG","1024"]], 
  PARAMETER["semi_minor", 6378137.0], 
  PARAMETER["latitude_of_origin", 0.0], 
  PARAMETER["central_meridian", 0.0], 
  PARAMETER["scale_factor", 1.0], 
  PARAMETER["false_easting", 0.0], 
  PARAMETER["false_northing", 0.0], 
  UNIT["m", 1.0], 
  AXIS["Easting", EAST], 
  AXIS["Northing", NORTH], 
  AUTHORITY["EPSG","3857"]]
	Elevation = []
	Env = {}
	Exceptions = SE_XML
	FeatureId = null
	FeatureVersion = null
	Filter = null
	Format = image/png
	FormatOptions = {}
	Get = true
	Height = 256
	Interpolations = []
	Layers = [org.geoserver.wms.MapLayerInfo@5481fe0c[description=<null>,label=Sentinel GEE,layerFeatureConstraints=<null>,layerGroupMetadata={},layerInfo=SecuredLayerInfo[LayerInfoImpl[vec_s2s_vec_sentinel_gee_5a893440, resource:FeatureTypeInfoImpl[vec_s2s_vec_sentinel_gee_5a893440]]],name=vec_s2s_vec_sentinel_gee_5a893440,remoteFeatureSource=<null>,style=<null>,type=0]]
	MaxFeatures = null
	Palette = null
	RawKvp = {REQUEST=GetMap, FORMAT=image/png, _T=undefined, SRS=EPSG:3857, BBOX=10918876.616480859,1526294.580798401,10958012.37496287,1565430.33928041, VERSION=1.1.1, STYLES=, SERVICE=WMS, WIDTH=256, HEIGHT=256, TRANSPARENT=true, LAYERS=ws_30cad3c4:vec_s2s_vec_sentinel_gee_5a893440}
	RemoteOwsType = null
	RemoteOwsURL = null
	Request = GetMap
	RequestCharset = UTF-8
	ScaleMethod = null
	Sld = null
	SldBody = null
	SldVersion = null
	SortBy = null
	SortByArrays = null
	SRS = EPSG:3857
	StartIndex = null
	StyleBody = null
	StyleFormat = sld
	Styles = [StyleImpl[ name=style_vec_s2s_vec_sentinel_gee_5a893440]]
	StyleUrl = null
	StyleVersion = null
	Tiled = false
	TilesOrigin = null
	Time = []
	Transparent = true
	ValidateSchema = false
	Version = 1.1.1
	ViewParams = null
	Width = 256
23 Sep 08:57:13 INFO   [geoserver.flow] - Request completed, running requests: 4, blocked requests: 1
23 Sep 08:57:13 INFO   [geoserver.flow] - Request control-flow performed, running requests: 5, blocked requests: 0
23 Sep 08:57:13 INFO   [geoserver.wms] - 
Request: getMap
	Angle = 0.0
	BaseUrl = http://localhost:8080/geoserver/
	Bbox = SRSEnvelope[1.0879740857998848E7 : 1.0918876616480859E7, 1604566.0977624203 : 1643701.8562444302]
	BgColor = java.awt.Color[r=255,g=255,b=255]
	Buffer = 0
	Clip = null
	CQLFilter = null
	Crs = PROJCS["WGS 84 / Pseudo-Mercator", 
  GEOGCS["WGS 84", 
    DATUM["World Geodetic System 1984", 
      SPHEROID["WGS 84", 6378137.0, 298.257223563, AUTHORITY["EPSG","7030"]], 
      AUTHORITY["EPSG","6326"]], 
    PRIMEM["Greenwich", 0.0, AUTHORITY["EPSG","8901"]], 
    UNIT["degree", 0.017453292519943295], 
    AXIS["Geodetic longitude", EAST], 
    AXIS["Geodetic latitude", NORTH], 
    AUTHORITY["EPSG","4326"]], 
  PROJECTION["Popular Visualisation Pseudo Mercator", AUTHORITY["EPSG","1024"]], 
  PARAMETER["semi_minor", 6378137.0], 
  PARAMETER["latitude_of_origin", 0.0], 
  PARAMETER["central_meridian", 0.0], 
  PARAMETER["scale_factor", 1.0], 
  PARAMETER["false_easting", 0.0], 
  PARAMETER["false_northing", 0.0], 
  UNIT["m", 1.0], 
  AXIS["Easting", EAST], 
  AXIS["Northing", NORTH], 
  AUTHORITY["EPSG","3857"]]
	Elevation = []
	Env = {}
	Exceptions = SE_XML
	FeatureId = null
	FeatureVersion = null
	Filter = null
	Format = image/png
	FormatOptions = {}
	Get = true
	Height = 256
	Interpolations = []
	Layers = [org.geoserver.wms.MapLayerInfo@5d774c1d[description=<null>,label=Sentinel AOI,layerFeatureConstraints=<null>,layerGroupMetadata={},layerInfo=SecuredLayerInfo[LayerInfoImpl[vec_s2s_vec_sentinel_aoi_dd3578ab, resource:FeatureTypeInfoImpl[vec_s2s_vec_sentinel_aoi_dd3578ab]]],name=vec_s2s_vec_sentinel_aoi_dd3578ab,remoteFeatureSource=<null>,style=<null>,type=0]]
	MaxFeatures = null
	Palette = null
	RawKvp = {REQUEST=GetMap, FORMAT=image/png, _T=undefined, SRS=EPSG:3857, BBOX=10879740.857998848,1604566.0977624203,10918876.616480859,1643701.8562444302, VERSION=1.1.1, STYLES=, SERVICE=WMS, WIDTH=256, HEIGHT=256, TRANSPARENT=true, LAYERS=ws_30cad3c4:vec_s2s_vec_sentinel_aoi_dd3578ab}
	RemoteOwsType = null
	RemoteOwsURL = null
	Request = GetMap
	RequestCharset = UTF-8
	ScaleMethod = null
	Sld = null
	SldBody = null
	SldVersion = null
	SortBy = null
	SortByArrays = null
	SRS = EPSG:3857
	StartIndex = null
	StyleBody = null
	StyleFormat = sld
	Styles = [StyleImpl[ name=style_vec_s2s_vec_sentinel_aoi_dd3578ab]]
	StyleUrl = null
	StyleVersion = null
	Tiled = false
	TilesOrigin = null
	Time = []
	Transparent = true
	ValidateSchema = false
	Version = 1.1.1
	ViewParams = null
	Width = 256
23 Sep 08:57:13 INFO   [geoserver.flow] - releasing flow controllers for [WMS 1.1.1 GetMap]
23 Sep 08:57:13 INFO   [geoserver.flow] - releasing flow controllers for [WMS 1.1.1 GetMap]
23 Sep 08:57:13 INFO   [geoserver.flow] - Request completed, running requests: 3, blocked requests: 0
23 Sep 08:57:13 INFO   [geoserver.flow] - Request completed, running requests: 3, blocked requests: 0
23 Sep 08:57:13 INFO   [geoserver.flow] - releasing flow controllers for [WMS 1.1.1 GetMap]
23 Sep 08:57:13 INFO   [geoserver.flow] - Request completed, running requests: 2, blocked requests: 0
23 Sep 08:57:13 INFO   [geoserver.wms] - 
Request: getMap
	Angle = 0.0
	BaseUrl = http://localhost:8080/geoserver/
	Bbox = SRSEnvelope[1.0879740857998848E7 : 1.0918876616480859E7, 1565430.33928041 : 1604566.0977624203]
	BgColor = java.awt.Color[r=255,g=255,b=255]
	Buffer = 0
	Clip = null
	CQLFilter = null
	Crs = PROJCS["WGS 84 / Pseudo-Mercator", 
  GEOGCS["WGS 84", 
    DATUM["World Geodetic System 1984", 
      SPHEROID["WGS 84", 6378137.0, 298.257223563, AUTHORITY["EPSG","7030"]], 
      AUTHORITY["EPSG","6326"]], 
    PRIMEM["Greenwich", 0.0, AUTHORITY["EPSG","8901"]], 
    UNIT["degree", 0.017453292519943295], 
    AXIS["Geodetic longitude", EAST], 
    AXIS["Geodetic latitude", NORTH], 
    AUTHORITY["EPSG","4326"]], 
  PROJECTION["Popular Visualisation Pseudo Mercator", AUTHORITY["EPSG","1024"]], 
  PARAMETER["semi_minor", 6378137.0], 
  PARAMETER["latitude_of_origin", 0.0], 
  PARAMETER["central_meridian", 0.0], 
  PARAMETER["scale_factor", 1.0], 
  PARAMETER["false_easting", 0.0], 
  PARAMETER["false_northing", 0.0], 
  UNIT["m", 1.0], 
  AXIS["Easting", EAST], 
  AXIS["Northing", NORTH], 
  AUTHORITY["EPSG","3857"]]
	Elevation = []
	Env = {}
	Exceptions = SE_XML
	FeatureId = null
	FeatureVersion = null
	Filter = null
	Format = image/png
	FormatOptions = {}
	Get = true
	Height = 256
	Interpolations = []
	Layers = [org.geoserver.wms.MapLayerInfo@2f86b843[description=<null>,label=Sentinel GEE,layerFeatureConstraints=<null>,layerGroupMetadata={},layerInfo=SecuredLayerInfo[LayerInfoImpl[vec_s2s_vec_sentinel_gee_5a893440, resource:FeatureTypeInfoImpl[vec_s2s_vec_sentinel_gee_5a893440]]],name=vec_s2s_vec_sentinel_gee_5a893440,remoteFeatureSource=<null>,style=<null>,type=0]]
	MaxFeatures = null
	Palette = null
	RawKvp = {REQUEST=GetMap, FORMAT=image/png, _T=undefined, SRS=EPSG:3857, BBOX=10879740.857998848,1565430.33928041,10918876.616480859,1604566.0977624203, VERSION=1.1.1, STYLES=, SERVICE=WMS, WIDTH=256, HEIGHT=256, TRANSPARENT=true, LAYERS=ws_30cad3c4:vec_s2s_vec_sentinel_gee_5a893440}
	RemoteOwsType = null
	RemoteOwsURL = null
	Request = GetMap
	RequestCharset = UTF-8
	ScaleMethod = null
	Sld = null
	SldBody = null
	SldVersion = null
	SortBy = null
	SortByArrays = null
	SRS = EPSG:3857
	StartIndex = null
	StyleBody = null
	StyleFormat = sld
	Styles = [StyleImpl[ name=style_vec_s2s_vec_sentinel_gee_5a893440]]
	StyleUrl = null
	StyleVersion = null
	Tiled = false
	TilesOrigin = null
	Time = []
	Transparent = true
	ValidateSchema = false
	Version = 1.1.1
	ViewParams = null
	Width = 256
23 Sep 08:57:13 INFO   [geoserver.wms] - 
Request: getServiceInfo
23 Sep 08:57:13 INFO   [geoserver.flow] - Request [WMS 1.1.1 GetMap] starting, processing through flow controllers
23 Sep 08:57:13 INFO   [geoserver.flow] - Request control-flow performed, running requests: 3, blocked requests: 0
23 Sep 08:57:13 INFO   [geoserver.flow] - releasing flow controllers for [WMS 1.1.1 GetMap]
23 Sep 08:57:13 INFO   [geoserver.wms] - 
Request: getMap
	Angle = 0.0
	BaseUrl = http://localhost:8080/geoserver/
	Bbox = SRSEnvelope[1.0918876616480859E7 : 1.095801237496287E7, 1487158.8223163905 : 1526294.580798401]
	BgColor = java.awt.Color[r=255,g=255,b=255]
	Buffer = 0
	Clip = null
	CQLFilter = null
	Crs = PROJCS["WGS 84 / Pseudo-Mercator", 
  GEOGCS["WGS 84", 
    DATUM["World Geodetic System 1984", 
      SPHEROID["WGS 84", 6378137.0, 298.257223563, AUTHORITY["EPSG","7030"]], 
      AUTHORITY["EPSG","6326"]], 
    PRIMEM["Greenwich", 0.0, AUTHORITY["EPSG","8901"]], 
    UNIT["degree", 0.017453292519943295], 
    AXIS["Geodetic longitude", EAST], 
    AXIS["Geodetic latitude", NORTH], 
    AUTHORITY["EPSG","4326"]], 
  PROJECTION["Popular Visualisation Pseudo Mercator", AUTHORITY["EPSG","1024"]], 
  PARAMETER["semi_minor", 6378137.0], 
  PARAMETER["latitude_of_origin", 0.0], 
  PARAMETER["central_meridian", 0.0], 
  PARAMETER["scale_factor", 1.0], 
  PARAMETER["false_easting", 0.0], 
  PARAMETER["false_northing", 0.0], 
  UNIT["m", 1.0], 
  AXIS["Easting", EAST], 
  AXIS["Northing", NORTH], 
  AUTHORITY["EPSG","3857"]]
	Elevation = []
	Env = {}
	Exceptions = SE_XML
	FeatureId = null
	FeatureVersion = null
	Filter = null
	Format = image/png
	FormatOptions = {}
	Get = true
	Height = 256
	Interpolations = []
	Layers = [org.geoserver.wms.MapLayerInfo@45bddbd[description=<null>,label=Sentinel GEE,layerFeatureConstraints=<null>,layerGroupMetadata={},layerInfo=SecuredLayerInfo[LayerInfoImpl[vec_s2s_vec_sentinel_gee_5a893440, resource:FeatureTypeInfoImpl[vec_s2s_vec_sentinel_gee_5a893440]]],name=vec_s2s_vec_sentinel_gee_5a893440,remoteFeatureSource=<null>,style=<null>,type=0]]
	MaxFeatures = null
	Palette = null
	RawKvp = {REQUEST=GetMap, FORMAT=image/png, _T=undefined, SRS=EPSG:3857, BBOX=10918876.616480859,1487158.8223163905,10958012.37496287,1526294.580798401, VERSION=1.1.1, STYLES=, SERVICE=WMS, WIDTH=256, HEIGHT=256, TRANSPARENT=true, LAYERS=ws_30cad3c4:vec_s2s_vec_sentinel_gee_5a893440}
	RemoteOwsType = null
	RemoteOwsURL = null
	Request = GetMap
	RequestCharset = UTF-8
	ScaleMethod = null
	Sld = null
	SldBody = null
	SldVersion = null
	SortBy = null
	SortByArrays = null
	SRS = EPSG:3857
	StartIndex = null
	StyleBody = null
	StyleFormat = sld
	Styles = [StyleImpl[ name=style_vec_s2s_vec_sentinel_gee_5a893440]]
	StyleUrl = null
	StyleVersion = null
	Tiled = false
	TilesOrigin = null
	Time = []
	Transparent = true
	ValidateSchema = false
	Version = 1.1.1
	ViewParams = null
	Width = 256
23 Sep 08:57:13 INFO   [geoserver.wms] - 
Request: getServiceInfo
23 Sep 08:57:13 INFO   [geoserver.wms] - 
Request: getServiceInfo
23 Sep 08:57:13 INFO   [geoserver.wms] - 
Request: getServiceInfo
23 Sep 08:57:13 INFO   [geoserver.flow] - Request completed, running requests: 2, blocked requests: 0
23 Sep 08:57:13 INFO   [geoserver.flow] - releasing flow controllers for [WMS 1.1.1 GetMap]
23 Sep 08:57:13 INFO   [geoserver.flow] - Request completed, running requests: 1, blocked requests: 3
23 Sep 08:57:13 INFO   [geoserver.flow] - Request [WMS 1.1.1 GetMap] starting, processing through flow controllers
23 Sep 08:57:13 INFO   [geoserver.wms] - 
Request: getMap
	Angle = 0.0
	BaseUrl = http://localhost:8080/geoserver/
	Bbox = SRSEnvelope[1.0879740857998848E7 : 1.0918876616480859E7, 1487158.8223163905 : 1526294.580798401]
	BgColor = java.awt.Color[r=255,g=255,b=255]
	Buffer = 0
	Clip = null
	CQLFilter = null
	Crs = PROJCS["WGS 84 / Pseudo-Mercator", 
  GEOGCS["WGS 84", 
    DATUM["World Geodetic System 1984", 
      SPHEROID["WGS 84", 6378137.0, 298.257223563, AUTHORITY["EPSG","7030"]], 
      AUTHORITY["EPSG","6326"]], 
    PRIMEM["Greenwich", 0.0, AUTHORITY["EPSG","8901"]], 
    UNIT["degree", 0.017453292519943295], 
    AXIS["Geodetic longitude", EAST], 
    AXIS["Geodetic latitude", NORTH], 
    AUTHORITY["EPSG","4326"]], 
  PROJECTION["Popular Visualisation Pseudo Mercator", AUTHORITY["EPSG","1024"]], 
  PARAMETER["semi_minor", 6378137.0], 
  PARAMETER["latitude_of_origin", 0.0], 
  PARAMETER["central_meridian", 0.0], 
  PARAMETER["scale_factor", 1.0], 
  PARAMETER["false_easting", 0.0], 
  PARAMETER["false_northing", 0.0], 
  UNIT["m", 1.0], 
  AXIS["Easting", EAST], 
  AXIS["Northing", NORTH], 
  AUTHORITY["EPSG","3857"]]
	Elevation = []
	Env = {}
	Exceptions = SE_XML
	FeatureId = null
	FeatureVersion = null
	Filter = null
	Format = image/png
	FormatOptions = {}
	Get = true
	Height = 256
	Interpolations = []
	Layers = [org.geoserver.wms.MapLayerInfo@52718724[description=<null>,label=Sentinel GEE,layerFeatureConstraints=<null>,layerGroupMetadata={},layerInfo=SecuredLayerInfo[LayerInfoImpl[vec_s2s_vec_sentinel_gee_5a893440, resource:FeatureTypeInfoImpl[vec_s2s_vec_sentinel_gee_5a893440]]],name=vec_s2s_vec_sentinel_gee_5a893440,remoteFeatureSource=<null>,style=<null>,type=0]]
	MaxFeatures = null
	Palette = null
	RawKvp = {REQUEST=GetMap, FORMAT=image/png, _T=undefined, SRS=EPSG:3857, BBOX=10879740.857998848,1487158.8223163905,10918876.616480859,1526294.580798401, VERSION=1.1.1, STYLES=, SERVICE=WMS, WIDTH=256, HEIGHT=256, TRANSPARENT=true, LAYERS=ws_30cad3c4:vec_s2s_vec_sentinel_gee_5a893440}
	RemoteOwsType = null
	RemoteOwsURL = null
	Request = GetMap
	RequestCharset = UTF-8
	ScaleMethod = null
	Sld = null
	SldBody = null
	SldVersion = null
	SortBy = null
	SortByArrays = null
	SRS = EPSG:3857
	StartIndex = null
	StyleBody = null
	StyleFormat = sld
	Styles = [StyleImpl[ name=style_vec_s2s_vec_sentinel_gee_5a893440]]
	StyleUrl = null
	StyleVersion = null
	Tiled = false
	TilesOrigin = null
	Time = []
	Transparent = true
	ValidateSchema = false
	Version = 1.1.1
	ViewParams = null
	Width = 256
23 Sep 08:57:13 INFO   [geoserver.flow] - Request [WMS 1.1.1 GetMap] starting, processing through flow controllers
23 Sep 08:57:13 INFO   [geoserver.flow] - Request control-flow performed, running requests: 3, blocked requests: 1
23 Sep 08:57:13 INFO   [geoserver.wms] - 
Request: getServiceInfo
23 Sep 08:57:13 INFO   [geoserver.flow] - Request [WMS 1.1.1 GetMap] starting, processing through flow controllers
23 Sep 08:57:13 INFO   [geoserver.flow] - Request control-flow performed, running requests: 4, blocked requests: 1
23 Sep 08:57:13 INFO   [geoserver.wms] - 
Request: getServiceInfo
23 Sep 08:57:13 INFO   [geoserver.flow] - Request control-flow performed, running requests: 2, blocked requests: 2
23 Sep 08:57:13 INFO   [geoserver.flow] - Request [WMS 1.1.1 GetMap] starting, processing through flow controllers
23 Sep 08:57:13 INFO   [geoserver.flow] - releasing flow controllers for [WMS 1.1.1 GetMap]
23 Sep 08:57:13 INFO   [geoserver.flow] - Request completed, running requests: 4, blocked requests: 1
23 Sep 08:57:13 INFO   [geoserver.flow] - Request control-flow performed, running requests: 4, blocked requests: 1
23 Sep 08:57:13 INFO   [geoserver.wms] - 
Request: getMap
	Angle = 0.0
	BaseUrl = http://localhost:8080/geoserver/
	Bbox = SRSEnvelope[1.0879740857998848E7 : 1.0918876616480859E7, 1448023.0638343797 : 1487158.8223163905]
	BgColor = java.awt.Color[r=255,g=255,b=255]
	Buffer = 0
	Clip = null
	CQLFilter = null
	Crs = PROJCS["WGS 84 / Pseudo-Mercator", 
  GEOGCS["WGS 84", 
    DATUM["World Geodetic System 1984", 
      SPHEROID["WGS 84", 6378137.0, 298.257223563, AUTHORITY["EPSG","7030"]], 
      AUTHORITY["EPSG","6326"]], 
    PRIMEM["Greenwich", 0.0, AUTHORITY["EPSG","8901"]], 
    UNIT["degree", 0.017453292519943295], 
    AXIS["Geodetic longitude", EAST], 
    AXIS["Geodetic latitude", NORTH], 
    AUTHORITY["EPSG","4326"]], 
  PROJECTION["Popular Visualisation Pseudo Mercator", AUTHORITY["EPSG","1024"]], 
  PARAMETER["semi_minor", 6378137.0], 
  PARAMETER["latitude_of_origin", 0.0], 
  PARAMETER["central_meridian", 0.0], 
  PARAMETER["scale_factor", 1.0], 
  PARAMETER["false_easting", 0.0], 
  PARAMETER["false_northing", 0.0], 
  UNIT["m", 1.0], 
  AXIS["Easting", EAST], 
  AXIS["Northing", NORTH], 
  AUTHORITY["EPSG","3857"]]
	Elevation = []
	Env = {}
	Exceptions = SE_XML
	FeatureId = null
	FeatureVersion = null
	Filter = null
	Format = image/png
	FormatOptions = {}
	Get = true
	Height = 256
	Interpolations = []
	Layers = [org.geoserver.wms.MapLayerInfo@3ff08bfe[description=<null>,label=Sentinel GEE,layerFeatureConstraints=<null>,layerGroupMetadata={},layerInfo=SecuredLayerInfo[LayerInfoImpl[vec_s2s_vec_sentinel_gee_5a893440, resource:FeatureTypeInfoImpl[vec_s2s_vec_sentinel_gee_5a893440]]],name=vec_s2s_vec_sentinel_gee_5a893440,remoteFeatureSource=<null>,style=<null>,type=0]]
	MaxFeatures = null
	Palette = null
	RawKvp = {REQUEST=GetMap, FORMAT=image/png, _T=undefined, SRS=EPSG:3857, BBOX=10879740.857998848,1448023.0638343797,10918876.616480859,1487158.8223163905, VERSION=1.1.1, STYLES=, SERVICE=WMS, WIDTH=256, HEIGHT=256, TRANSPARENT=true, LAYERS=ws_30cad3c4:vec_s2s_vec_sentinel_gee_5a893440}
	RemoteOwsType = null
	RemoteOwsURL = null
	Request = GetMap
	RequestCharset = UTF-8
	ScaleMethod = null
	Sld = null
	SldBody = null
	SldVersion = null
	SortBy = null
	SortByArrays = null
	SRS = EPSG:3857
	StartIndex = null
	StyleBody = null
	StyleFormat = sld
	Styles = [StyleImpl[ name=style_vec_s2s_vec_sentinel_gee_5a893440]]
	StyleUrl = null
	StyleVersion = null
	Tiled = false
	TilesOrigin = null
	Time = []
	Transparent = true
	ValidateSchema = false
	Version = 1.1.1
	ViewParams = null
	Width = 256
23 Sep 08:57:13 INFO   [geoserver.flow] - Request [WMS 1.1.1 GetMap] starting, processing through flow controllers
23 Sep 08:57:13 INFO   [geoserver.wms] - 
Request: getMap
	Angle = 0.0
	BaseUrl = http://localhost:8080/geoserver/
	Bbox = SRSEnvelope[1.0918876616480859E7 : 1.095801237496287E7, 1565430.33928041 : 1604566.0977624203]
	BgColor = java.awt.Color[r=255,g=255,b=255]
	Buffer = 0
	Clip = null
	CQLFilter = null
	Crs = PROJCS["WGS 84 / Pseudo-Mercator", 
  GEOGCS["WGS 84", 
    DATUM["World Geodetic System 1984", 
      SPHEROID["WGS 84", 6378137.0, 298.257223563, AUTHORITY["EPSG","7030"]], 
      AUTHORITY["EPSG","6326"]], 
    PRIMEM["Greenwich", 0.0, AUTHORITY["EPSG","8901"]], 
    UNIT["degree", 0.017453292519943295], 
    AXIS["Geodetic longitude", EAST], 
    AXIS["Geodetic latitude", NORTH], 
    AUTHORITY["EPSG","4326"]], 
  PROJECTION["Popular Visualisation Pseudo Mercator", AUTHORITY["EPSG","1024"]], 
  PARAMETER["semi_minor", 6378137.0], 
  PARAMETER["latitude_of_origin", 0.0], 
  PARAMETER["central_meridian", 0.0], 
  PARAMETER["scale_factor", 1.0], 
  PARAMETER["false_easting", 0.0], 
  PARAMETER["false_northing", 0.0], 
  UNIT["m", 1.0], 
  AXIS["Easting", EAST], 
  AXIS["Northing", NORTH], 
  AUTHORITY["EPSG","3857"]]
	Elevation = []
	Env = {}
	Exceptions = SE_XML
	FeatureId = null
	FeatureVersion = null
	Filter = null
	Format = image/png
	FormatOptions = {}
	Get = true
	Height = 256
	Interpolations = []
	Layers = [org.geoserver.wms.MapLayerInfo@25386ddc[description=<null>,label=sdfgdg,layerFeatureConstraints=<null>,layerGroupMetadata={},layerInfo=SecuredLayerInfo[LayerInfoImpl[vec_s2s_vec_sdfgdg_c7de7962, resource:FeatureTypeInfoImpl[vec_s2s_vec_sdfgdg_c7de7962]]],name=vec_s2s_vec_sdfgdg_c7de7962,remoteFeatureSource=<null>,style=<null>,type=0]]
	MaxFeatures = null
	Palette = null
	RawKvp = {REQUEST=GetMap, FORMAT=image/png, _T=undefined, SRS=EPSG:3857, BBOX=10918876.616480859,1565430.33928041,10958012.37496287,1604566.0977624203, VERSION=1.1.1, STYLES=, SERVICE=WMS, WIDTH=256, HEIGHT=256, TRANSPARENT=true, LAYERS=ws_30cad3c4:vec_s2s_vec_sdfgdg_c7de7962}
	RemoteOwsType = null
	RemoteOwsURL = null
	Request = GetMap
	RequestCharset = UTF-8
	ScaleMethod = null
	Sld = null
	SldBody = null
	SldVersion = null
	SortBy = null
	SortByArrays = null
	SRS = EPSG:3857
	StartIndex = null
	StyleBody = null
	StyleFormat = sld
	Styles = [StyleImpl[ name=style_vec_s2s_vec_sdfgdg_c7de7962]]
	StyleUrl = null
	StyleVersion = null
	Tiled = false
	TilesOrigin = null
	Time = []
	Transparent = true
	ValidateSchema = false
	Version = 1.1.1
	ViewParams = null
	Width = 256
23 Sep 08:57:13 INFO   [geoserver.flow] - Request control-flow performed, running requests: 5, blocked requests: 0
23 Sep 08:57:13 INFO   [geoserver.wms] - 
Request: getMap
	Angle = 0.0
	BaseUrl = http://localhost:8080/geoserver/
	Bbox = SRSEnvelope[1.0879740857998848E7 : 1.0918876616480859E7, 1604566.0977624203 : 1643701.8562444302]
	BgColor = java.awt.Color[r=255,g=255,b=255]
	Buffer = 0
	Clip = null
	CQLFilter = null
	Crs = PROJCS["WGS 84 / Pseudo-Mercator", 
  GEOGCS["WGS 84", 
    DATUM["World Geodetic System 1984", 
      SPHEROID["WGS 84", 6378137.0, 298.257223563, AUTHORITY["EPSG","7030"]], 
      AUTHORITY["EPSG","6326"]], 
    PRIMEM["Greenwich", 0.0, AUTHORITY["EPSG","8901"]], 
    UNIT["degree", 0.017453292519943295], 
    AXIS["Geodetic longitude", EAST], 
    AXIS["Geodetic latitude", NORTH], 
    AUTHORITY["EPSG","4326"]], 
  PROJECTION["Popular Visualisation Pseudo Mercator", AUTHORITY["EPSG","1024"]], 
  PARAMETER["semi_minor", 6378137.0], 
  PARAMETER["latitude_of_origin", 0.0], 
  PARAMETER["central_meridian", 0.0], 
  PARAMETER["scale_factor", 1.0], 
  PARAMETER["false_easting", 0.0], 
  PARAMETER["false_northing", 0.0], 
  UNIT["m", 1.0], 
  AXIS["Easting", EAST], 
  AXIS["Northing", NORTH], 
  AUTHORITY["EPSG","3857"]]
	Elevation = []
	Env = {}
	Exceptions = SE_XML
	FeatureId = null
	FeatureVersion = null
	Filter = null
	Format = image/png
	FormatOptions = {}
	Get = true
	Height = 256
	Interpolations = []
	Layers = [org.geoserver.wms.MapLayerInfo@1982e94b[description=<null>,label=Sentinel GEE,layerFeatureConstraints=<null>,layerGroupMetadata={},layerInfo=SecuredLayerInfo[LayerInfoImpl[vec_s2s_vec_sentinel_gee_5a893440, resource:FeatureTypeInfoImpl[vec_s2s_vec_sentinel_gee_5a893440]]],name=vec_s2s_vec_sentinel_gee_5a893440,remoteFeatureSource=<null>,style=<null>,type=0]]
	MaxFeatures = null
	Palette = null
	RawKvp = {REQUEST=GetMap, FORMAT=image/png, _T=undefined, SRS=EPSG:3857, BBOX=10879740.857998848,1604566.0977624203,10918876.616480859,1643701.8562444302, VERSION=1.1.1, STYLES=, SERVICE=WMS, WIDTH=256, HEIGHT=256, TRANSPARENT=true, LAYERS=ws_30cad3c4:vec_s2s_vec_sentinel_gee_5a893440}
	RemoteOwsType = null
	RemoteOwsURL = null
	Request = GetMap
	RequestCharset = UTF-8
	ScaleMethod = null
	Sld = null
	SldBody = null
	SldVersion = null
	SortBy = null
	SortByArrays = null
	SRS = EPSG:3857
	StartIndex = null
	StyleBody = null
	StyleFormat = sld
	Styles = [StyleImpl[ name=style_vec_s2s_vec_sentinel_gee_5a893440]]
	StyleUrl = null
	StyleVersion = null
	Tiled = false
	TilesOrigin = null
	Time = []
	Transparent = true
	ValidateSchema = false
	Version = 1.1.1
	ViewParams = null
	Width = 256
23 Sep 08:57:13 INFO   [geoserver.flow] - releasing flow controllers for [WMS 1.1.1 GetMap]
23 Sep 08:57:13 INFO   [geoserver.flow] - releasing flow controllers for [WMS 1.1.1 GetMap]
23 Sep 08:57:13 INFO   [geoserver.wms] - 
Request: getServiceInfo
23 Sep 08:57:13 INFO   [geoserver.flow] - Request completed, running requests: 3, blocked requests: 0
23 Sep 08:57:13 INFO   [geoserver.flow] - Request completed, running requests: 3, blocked requests: 0
23 Sep 08:57:13 INFO   [geoserver.flow] - Request [WMS 1.1.1 GetMap] starting, processing through flow controllers
23 Sep 08:57:13 INFO   [geoserver.flow] - releasing flow controllers for [WMS 1.1.1 GetMap]
23 Sep 08:57:13 INFO   [geoserver.flow] - Request completed, running requests: 3, blocked requests: 0
23 Sep 08:57:13 INFO   [geoserver.wms] - 
Request: getMap
	Angle = 0.0
	BaseUrl = http://localhost:8080/geoserver/
	Bbox = SRSEnvelope[1.0918876616480859E7 : 1.095801237496287E7, 1487158.8223163905 : 1526294.580798401]
	BgColor = java.awt.Color[r=255,g=255,b=255]
	Buffer = 0
	Clip = null
	CQLFilter = null
	Crs = PROJCS["WGS 84 / Pseudo-Mercator", 
  GEOGCS["WGS 84", 
    DATUM["World Geodetic System 1984", 
      SPHEROID["WGS 84", 6378137.0, 298.257223563, AUTHORITY["EPSG","7030"]], 
      AUTHORITY["EPSG","6326"]], 
    PRIMEM["Greenwich", 0.0, AUTHORITY["EPSG","8901"]], 
    UNIT["degree", 0.017453292519943295], 
    AXIS["Geodetic longitude", EAST], 
    AXIS["Geodetic latitude", NORTH], 
    AUTHORITY["EPSG","4326"]], 
  PROJECTION["Popular Visualisation Pseudo Mercator", AUTHORITY["EPSG","1024"]], 
  PARAMETER["semi_minor", 6378137.0], 
  PARAMETER["latitude_of_origin", 0.0], 
  PARAMETER["central_meridian", 0.0], 
  PARAMETER["scale_factor", 1.0], 
  PARAMETER["false_easting", 0.0], 
  PARAMETER["false_northing", 0.0], 
  UNIT["m", 1.0], 
  AXIS["Easting", EAST], 
  AXIS["Northing", NORTH], 
  AUTHORITY["EPSG","3857"]]
	Elevation = []
	Env = {}
	Exceptions = SE_XML
	FeatureId = null
	FeatureVersion = null
	Filter = null
	Format = image/png
	FormatOptions = {}
	Get = true
	Height = 256
	Interpolations = []
	Layers = [org.geoserver.wms.MapLayerInfo@4be88cb6[description=<null>,label=sdfgdg,layerFeatureConstraints=<null>,layerGroupMetadata={},layerInfo=SecuredLayerInfo[LayerInfoImpl[vec_s2s_vec_sdfgdg_c7de7962, resource:FeatureTypeInfoImpl[vec_s2s_vec_sdfgdg_c7de7962]]],name=vec_s2s_vec_sdfgdg_c7de7962,remoteFeatureSource=<null>,style=<null>,type=0]]
	MaxFeatures = null
	Palette = null
	RawKvp = {REQUEST=GetMap, FORMAT=image/png, _T=undefined, SRS=EPSG:3857, BBOX=10918876.616480859,1487158.8223163905,10958012.37496287,1526294.580798401, VERSION=1.1.1, STYLES=, SERVICE=WMS, WIDTH=256, HEIGHT=256, TRANSPARENT=true, LAYERS=ws_30cad3c4:vec_s2s_vec_sdfgdg_c7de7962}
	RemoteOwsType = null
	RemoteOwsURL = null
	Request = GetMap
	RequestCharset = UTF-8
	ScaleMethod = null
	Sld = null
	SldBody = null
	SldVersion = null
	SortBy = null
	SortByArrays = null
	SRS = EPSG:3857
	StartIndex = null
	StyleBody = null
	StyleFormat = sld
	Styles = [StyleImpl[ name=style_vec_s2s_vec_sdfgdg_c7de7962]]
	StyleUrl = null
	StyleVersion = null
	Tiled = false
	TilesOrigin = null
	Time = []
	Transparent = true
	ValidateSchema = false
	Version = 1.1.1
	ViewParams = null
	Width = 256
23 Sep 08:57:13 INFO   [geoserver.wms] - 
Request: getMap
	Angle = 0.0
	BaseUrl = http://localhost:8080/geoserver/
	Bbox = SRSEnvelope[1.0918876616480859E7 : 1.095801237496287E7, 1526294.580798401 : 1565430.33928041]
	BgColor = java.awt.Color[r=255,g=255,b=255]
	Buffer = 0
	Clip = null
	CQLFilter = null
	Crs = PROJCS["WGS 84 / Pseudo-Mercator", 
  GEOGCS["WGS 84", 
    DATUM["World Geodetic System 1984", 
      SPHEROID["WGS 84", 6378137.0, 298.257223563, AUTHORITY["EPSG","7030"]], 
      AUTHORITY["EPSG","6326"]], 
    PRIMEM["Greenwich", 0.0, AUTHORITY["EPSG","8901"]], 
    UNIT["degree", 0.017453292519943295], 
    AXIS["Geodetic longitude", EAST], 
    AXIS["Geodetic latitude", NORTH], 
    AUTHORITY["EPSG","4326"]], 
  PROJECTION["Popular Visualisation Pseudo Mercator", AUTHORITY["EPSG","1024"]], 
  PARAMETER["semi_minor", 6378137.0], 
  PARAMETER["latitude_of_origin", 0.0], 
  PARAMETER["central_meridian", 0.0], 
  PARAMETER["scale_factor", 1.0], 
  PARAMETER["false_easting", 0.0], 
  PARAMETER["false_northing", 0.0], 
  UNIT["m", 1.0], 
  AXIS["Easting", EAST], 
  AXIS["Northing", NORTH], 
  AUTHORITY["EPSG","3857"]]
	Elevation = []
	Env = {}
	Exceptions = SE_XML
	FeatureId = null
	FeatureVersion = null
	Filter = null
	Format = image/png
	FormatOptions = {}
	Get = true
	Height = 256
	Interpolations = []
	Layers = [org.geoserver.wms.MapLayerInfo@623f8309[description=<null>,label=sdfgdg,layerFeatureConstraints=<null>,layerGroupMetadata={},layerInfo=SecuredLayerInfo[LayerInfoImpl[vec_s2s_vec_sdfgdg_c7de7962, resource:FeatureTypeInfoImpl[vec_s2s_vec_sdfgdg_c7de7962]]],name=vec_s2s_vec_sdfgdg_c7de7962,remoteFeatureSource=<null>,style=<null>,type=0]]
	MaxFeatures = null
	Palette = null
	RawKvp = {REQUEST=GetMap, FORMAT=image/png, _T=undefined, SRS=EPSG:3857, BBOX=10918876.616480859,1526294.580798401,10958012.37496287,1565430.33928041, VERSION=1.1.1, STYLES=, SERVICE=WMS, WIDTH=256, HEIGHT=256, TRANSPARENT=true, LAYERS=ws_30cad3c4:vec_s2s_vec_sdfgdg_c7de7962}
	RemoteOwsType = null
	RemoteOwsURL = null
	Request = GetMap
	RequestCharset = UTF-8
	ScaleMethod = null
	Sld = null
	SldBody = null
	SldVersion = null
	SortBy = null
	SortByArrays = null
	SRS = EPSG:3857
	StartIndex = null
	StyleBody = null
	StyleFormat = sld
	Styles = [StyleImpl[ name=style_vec_s2s_vec_sdfgdg_c7de7962]]
	StyleUrl = null
	StyleVersion = null
	Tiled = false
	TilesOrigin = null
	Time = []
	Transparent = true
	ValidateSchema = false
	Version = 1.1.1
	ViewParams = null
	Width = 256
23 Sep 08:57:13 INFO   [geoserver.flow] - Request control-flow performed, running requests: 3, blocked requests: 0
23 Sep 08:57:13 INFO   [geoserver.wms] - 
Request: getServiceInfo
23 Sep 08:57:13 INFO   [geoserver.flow] - releasing flow controllers for [WMS 1.1.1 GetMap]
23 Sep 08:57:13 INFO   [geoserver.flow] - releasing flow controllers for [WMS 1.1.1 GetMap]
23 Sep 08:57:13 INFO   [geoserver.flow] - Request completed, running requests: 1, blocked requests: 1
23 Sep 08:57:13 INFO   [geoserver.flow] - Request [WMS 1.1.1 GetMap] starting, processing through flow controllers
23 Sep 08:57:13 INFO   [geoserver.wms] - 
Request: getServiceInfo
23 Sep 08:57:13 INFO   [geoserver.wms] - 
Request: getMap
	Angle = 0.0
	BaseUrl = http://localhost:8080/geoserver/
	Bbox = SRSEnvelope[1.0918876616480859E7 : 1.095801237496287E7, 1604566.0977624203 : 1643701.8562444302]
	BgColor = java.awt.Color[r=255,g=255,b=255]
	Buffer = 0
	Clip = null
	CQLFilter = null
	Crs = PROJCS["WGS 84 / Pseudo-Mercator", 
  GEOGCS["WGS 84", 
    DATUM["World Geodetic System 1984", 
      SPHEROID["WGS 84", 6378137.0, 298.257223563, AUTHORITY["EPSG","7030"]], 
      AUTHORITY["EPSG","6326"]], 
    PRIMEM["Greenwich", 0.0, AUTHORITY["EPSG","8901"]], 
    UNIT["degree", 0.017453292519943295], 
    AXIS["Geodetic longitude", EAST], 
    AXIS["Geodetic latitude", NORTH], 
    AUTHORITY["EPSG","4326"]], 
  PROJECTION["Popular Visualisation Pseudo Mercator", AUTHORITY["EPSG","1024"]], 
  PARAMETER["semi_minor", 6378137.0], 
  PARAMETER["latitude_of_origin", 0.0], 
  PARAMETER["central_meridian", 0.0], 
  PARAMETER["scale_factor", 1.0], 
  PARAMETER["false_easting", 0.0], 
  PARAMETER["false_northing", 0.0], 
  UNIT["m", 1.0], 
  AXIS["Easting", EAST], 
  AXIS["Northing", NORTH], 
  AUTHORITY["EPSG","3857"]]
	Elevation = []
	Env = {}
	Exceptions = SE_XML
	FeatureId = null
	FeatureVersion = null
	Filter = null
	Format = image/png
	FormatOptions = {}
	Get = true
	Height = 256
	Interpolations = []
	Layers = [org.geoserver.wms.MapLayerInfo@31568aed[description=<null>,label=sdfgdg,layerFeatureConstraints=<null>,layerGroupMetadata={},layerInfo=SecuredLayerInfo[LayerInfoImpl[vec_s2s_vec_sdfgdg_c7de7962, resource:FeatureTypeInfoImpl[vec_s2s_vec_sdfgdg_c7de7962]]],name=vec_s2s_vec_sdfgdg_c7de7962,remoteFeatureSource=<null>,style=<null>,type=0]]
	MaxFeatures = null
	Palette = null
	RawKvp = {REQUEST=GetMap, FORMAT=image/png, _T=undefined, SRS=EPSG:3857, BBOX=10918876.616480859,1604566.0977624203,10958012.37496287,1643701.8562444302, VERSION=1.1.1, STYLES=, SERVICE=WMS, WIDTH=256, HEIGHT=256, TRANSPARENT=true, LAYERS=ws_30cad3c4:vec_s2s_vec_sdfgdg_c7de7962}
	RemoteOwsType = null
	RemoteOwsURL = null
	Request = GetMap
	RequestCharset = UTF-8
	ScaleMethod = null
	Sld = null
	SldBody = null
	SldVersion = null
	SortBy = null
	SortByArrays = null
	SRS = EPSG:3857
	StartIndex = null
	StyleBody = null
	StyleFormat = sld
	Styles = [StyleImpl[ name=style_vec_s2s_vec_sdfgdg_c7de7962]]
	StyleUrl = null
	StyleVersion = null
	Tiled = false
	TilesOrigin = null
	Time = []
	Transparent = true
	ValidateSchema = false
	Version = 1.1.1
	ViewParams = null
	Width = 256
23 Sep 08:57:13 INFO   [geoserver.wms] - 
Request: getServiceInfo
23 Sep 08:57:13 INFO   [geoserver.flow] - Request completed, running requests: 1, blocked requests: 1
23 Sep 08:57:13 INFO   [geoserver.flow] - Request control-flow performed, running requests: 2, blocked requests: 0
23 Sep 08:57:13 INFO   [geoserver.flow] - Request [WMS 1.1.1 GetMap] starting, processing through flow controllers
23 Sep 08:57:13 INFO   [geoserver.flow] - Request control-flow performed, running requests: 2, blocked requests: 1
23 Sep 08:57:13 INFO   [geoserver.flow] - Request [WMS 1.1.1 GetMap] starting, processing through flow controllers
23 Sep 08:57:13 INFO   [geoserver.wms] - 
Request: getServiceInfo
23 Sep 08:57:13 INFO   [geoserver.flow] - releasing flow controllers for [WMS 1.1.1 GetMap]
23 Sep 08:57:13 INFO   [geoserver.flow] - Request control-flow performed, running requests: 3, blocked requests: 0
23 Sep 08:57:13 INFO   [geoserver.flow] - Request [WMS 1.1.1 GetMap] starting, processing through flow controllers
23 Sep 08:57:13 INFO   [geoserver.flow] - Request control-flow performed, running requests: 4, blocked requests: 0
23 Sep 08:57:13 INFO   [geoserver.wms] - 
Request: getMap
	Angle = 0.0
	BaseUrl = http://localhost:8080/geoserver/
	Bbox = SRSEnvelope[1.0918876616480859E7 : 1.095801237496287E7, 1448023.0638343797 : 1487158.8223163905]
	BgColor = java.awt.Color[r=255,g=255,b=255]
	Buffer = 0
	Clip = null
	CQLFilter = null
	Crs = PROJCS["WGS 84 / Pseudo-Mercator", 
  GEOGCS["WGS 84", 
    DATUM["World Geodetic System 1984", 
      SPHEROID["WGS 84", 6378137.0, 298.257223563, AUTHORITY["EPSG","7030"]], 
      AUTHORITY["EPSG","6326"]], 
    PRIMEM["Greenwich", 0.0, AUTHORITY["EPSG","8901"]], 
    UNIT["degree", 0.017453292519943295], 
    AXIS["Geodetic longitude", EAST], 
    AXIS["Geodetic latitude", NORTH], 
    AUTHORITY["EPSG","4326"]], 
  PROJECTION["Popular Visualisation Pseudo Mercator", AUTHORITY["EPSG","1024"]], 
  PARAMETER["semi_minor", 6378137.0], 
  PARAMETER["latitude_of_origin", 0.0], 
  PARAMETER["central_meridian", 0.0], 
  PARAMETER["scale_factor", 1.0], 
  PARAMETER["false_easting", 0.0], 
  PARAMETER["false_northing", 0.0], 
  UNIT["m", 1.0], 
  AXIS["Easting", EAST], 
  AXIS["Northing", NORTH], 
  AUTHORITY["EPSG","3857"]]
	Elevation = []
	Env = {}
	Exceptions = SE_XML
	FeatureId = null
	FeatureVersion = null
	Filter = null
	Format = image/png
	FormatOptions = {}
	Get = true
	Height = 256
	Interpolations = []
	Layers = [org.geoserver.wms.MapLayerInfo@54cb1b00[description=<null>,label=sdfgdg,layerFeatureConstraints=<null>,layerGroupMetadata={},layerInfo=SecuredLayerInfo[LayerInfoImpl[vec_s2s_vec_sdfgdg_c7de7962, resource:FeatureTypeInfoImpl[vec_s2s_vec_sdfgdg_c7de7962]]],name=vec_s2s_vec_sdfgdg_c7de7962,remoteFeatureSource=<null>,style=<null>,type=0]]
	MaxFeatures = null
	Palette = null
	RawKvp = {REQUEST=GetMap, FORMAT=image/png, _T=undefined, SRS=EPSG:3857, BBOX=10918876.616480859,1448023.0638343797,10958012.37496287,1487158.8223163905, VERSION=1.1.1, STYLES=, SERVICE=WMS, WIDTH=256, HEIGHT=256, TRANSPARENT=true, LAYERS=ws_30cad3c4:vec_s2s_vec_sdfgdg_c7de7962}
	RemoteOwsType = null
	RemoteOwsURL = null
	Request = GetMap
	RequestCharset = UTF-8
	ScaleMethod = null
	Sld = null
	SldBody = null
	SldVersion = null
	SortBy = null
	SortByArrays = null
	SRS = EPSG:3857
	StartIndex = null
	StyleBody = null
	StyleFormat = sld
	Styles = [StyleImpl[ name=style_vec_s2s_vec_sdfgdg_c7de7962]]
	StyleUrl = null
	StyleVersion = null
	Tiled = false
	TilesOrigin = null
	Time = []
	Transparent = true
	ValidateSchema = false
	Version = 1.1.1
	ViewParams = null
	Width = 256
23 Sep 08:57:13 INFO   [geoserver.wms] - 
Request: getServiceInfo
23 Sep 08:57:13 INFO   [geoserver.flow] - Request completed, running requests: 3, blocked requests: 1
23 Sep 08:57:13 INFO   [geoserver.wms] - 
Request: getMap
	Angle = 0.0
	BaseUrl = http://localhost:8080/geoserver/
	Bbox = SRSEnvelope[1.0879740857998848E7 : 1.0918876616480859E7, 1565430.33928041 : 1604566.0977624203]
	BgColor = java.awt.Color[r=255,g=255,b=255]
	Buffer = 0
	Clip = null
	CQLFilter = null
	Crs = PROJCS["WGS 84 / Pseudo-Mercator", 
  GEOGCS["WGS 84", 
    DATUM["World Geodetic System 1984", 
      SPHEROID["WGS 84", 6378137.0, 298.257223563, AUTHORITY["EPSG","7030"]], 
      AUTHORITY["EPSG","6326"]], 
    PRIMEM["Greenwich", 0.0, AUTHORITY["EPSG","8901"]], 
    UNIT["degree", 0.017453292519943295], 
    AXIS["Geodetic longitude", EAST], 
    AXIS["Geodetic latitude", NORTH], 
    AUTHORITY["EPSG","4326"]], 
  PROJECTION["Popular Visualisation Pseudo Mercator", AUTHORITY["EPSG","1024"]], 
  PARAMETER["semi_minor", 6378137.0], 
  PARAMETER["latitude_of_origin", 0.0], 
  PARAMETER["central_meridian", 0.0], 
  PARAMETER["scale_factor", 1.0], 
  PARAMETER["false_easting", 0.0], 
  PARAMETER["false_northing", 0.0], 
  UNIT["m", 1.0], 
  AXIS["Easting", EAST], 
  AXIS["Northing", NORTH], 
  AUTHORITY["EPSG","3857"]]
	Elevation = []
	Env = {}
	Exceptions = SE_XML
	FeatureId = null
	FeatureVersion = null
	Filter = null
	Format = image/png
	FormatOptions = {}
	Get = true
	Height = 256
	Interpolations = []
	Layers = [org.geoserver.wms.MapLayerInfo@7db70f95[description=<null>,label=sdfgdg,layerFeatureConstraints=<null>,layerGroupMetadata={},layerInfo=SecuredLayerInfo[LayerInfoImpl[vec_s2s_vec_sdfgdg_c7de7962, resource:FeatureTypeInfoImpl[vec_s2s_vec_sdfgdg_c7de7962]]],name=vec_s2s_vec_sdfgdg_c7de7962,remoteFeatureSource=<null>,style=<null>,type=0]]
	MaxFeatures = null
	Palette = null
	RawKvp = {REQUEST=GetMap, FORMAT=image/png, _T=undefined, SRS=EPSG:3857, BBOX=10879740.857998848,1565430.33928041,10918876.616480859,1604566.0977624203, VERSION=1.1.1, STYLES=, SERVICE=WMS, WIDTH=256, HEIGHT=256, TRANSPARENT=true, LAYERS=ws_30cad3c4:vec_s2s_vec_sdfgdg_c7de7962}
	RemoteOwsType = null
	RemoteOwsURL = null
	Request = GetMap
	RequestCharset = UTF-8
	ScaleMethod = null
	Sld = null
	SldBody = null
	SldVersion = null
	SortBy = null
	SortByArrays = null
	SRS = EPSG:3857
	StartIndex = null
	StyleBody = null
	StyleFormat = sld
	Styles = [StyleImpl[ name=style_vec_s2s_vec_sdfgdg_c7de7962]]
	StyleUrl = null
	StyleVersion = null
	Tiled = false
	TilesOrigin = null
	Time = []
	Transparent = true
	ValidateSchema = false
	Version = 1.1.1
	ViewParams = null
	Width = 256
23 Sep 08:57:13 INFO   [geoserver.flow] - releasing flow controllers for [WMS 1.1.1 GetMap]
23 Sep 08:57:13 INFO   [geoserver.flow] - Request completed, running requests: 3, blocked requests: 1
23 Sep 08:57:13 INFO   [geoserver.wms] - 
Request: getMap
	Angle = 0.0
	BaseUrl = http://localhost:8080/geoserver/
	Bbox = SRSEnvelope[1.0879740857998848E7 : 1.0918876616480859E7, 1526294.580798401 : 1565430.33928041]
	BgColor = java.awt.Color[r=255,g=255,b=255]
	Buffer = 0
	Clip = null
	CQLFilter = null
	Crs = PROJCS["WGS 84 / Pseudo-Mercator", 
  GEOGCS["WGS 84", 
    DATUM["World Geodetic System 1984", 
      SPHEROID["WGS 84", 6378137.0, 298.257223563, AUTHORITY["EPSG","7030"]], 
      AUTHORITY["EPSG","6326"]], 
    PRIMEM["Greenwich", 0.0, AUTHORITY["EPSG","8901"]], 
    UNIT["degree", 0.017453292519943295], 
    AXIS["Geodetic longitude", EAST], 
    AXIS["Geodetic latitude", NORTH], 
    AUTHORITY["EPSG","4326"]], 
  PROJECTION["Popular Visualisation Pseudo Mercator", AUTHORITY["EPSG","1024"]], 
  PARAMETER["semi_minor", 6378137.0], 
  PARAMETER["latitude_of_origin", 0.0], 
  PARAMETER["central_meridian", 0.0], 
  PARAMETER["scale_factor", 1.0], 
  PARAMETER["false_easting", 0.0], 
  PARAMETER["false_northing", 0.0], 
  UNIT["m", 1.0], 
  AXIS["Easting", EAST], 
  AXIS["Northing", NORTH], 
  AUTHORITY["EPSG","3857"]]
	Elevation = []
	Env = {}
	Exceptions = SE_XML
	FeatureId = null
	FeatureVersion = null
	Filter = null
	Format = image/png
	FormatOptions = {}
	Get = true
	Height = 256
	Interpolations = []
	Layers = [org.geoserver.wms.MapLayerInfo@5b9a138f[description=<null>,label=sdfgdg,layerFeatureConstraints=<null>,layerGroupMetadata={},layerInfo=SecuredLayerInfo[LayerInfoImpl[vec_s2s_vec_sdfgdg_c7de7962, resource:FeatureTypeInfoImpl[vec_s2s_vec_sdfgdg_c7de7962]]],name=vec_s2s_vec_sdfgdg_c7de7962,remoteFeatureSource=<null>,style=<null>,type=0]]
	MaxFeatures = null
	Palette = null
	RawKvp = {REQUEST=GetMap, FORMAT=image/png, _T=undefined, SRS=EPSG:3857, BBOX=10879740.857998848,1526294.580798401,10918876.616480859,1565430.33928041, VERSION=1.1.1, STYLES=, SERVICE=WMS, WIDTH=256, HEIGHT=256, TRANSPARENT=true, LAYERS=ws_30cad3c4:vec_s2s_vec_sdfgdg_c7de7962}
	RemoteOwsType = null
	RemoteOwsURL = null
	Request = GetMap
	RequestCharset = UTF-8
	ScaleMethod = null
	Sld = null
	SldBody = null
	SldVersion = null
	SortBy = null
	SortByArrays = null
	SRS = EPSG:3857
	StartIndex = null
	StyleBody = null
	StyleFormat = sld
	Styles = [StyleImpl[ name=style_vec_s2s_vec_sdfgdg_c7de7962]]
	StyleUrl = null
	StyleVersion = null
	Tiled = false
	TilesOrigin = null
	Time = []
	Transparent = true
	ValidateSchema = false
	Version = 1.1.1
	ViewParams = null
	Width = 256
23 Sep 08:57:13 INFO   [geoserver.flow] - Request [WMS 1.1.1 GetMap] starting, processing through flow controllers
23 Sep 08:57:13 INFO   [geoserver.wms] - 
Request: getMap
	Angle = 0.0
	BaseUrl = http://localhost:8080/geoserver/
	Bbox = SRSEnvelope[1.0879740857998848E7 : 1.0918876616480859E7, 1487158.8223163905 : 1526294.580798401]
	BgColor = java.awt.Color[r=255,g=255,b=255]
	Buffer = 0
	Clip = null
	CQLFilter = null
	Crs = PROJCS["WGS 84 / Pseudo-Mercator", 
  GEOGCS["WGS 84", 
    DATUM["World Geodetic System 1984", 
      SPHEROID["WGS 84", 6378137.0, 298.257223563, AUTHORITY["EPSG","7030"]], 
      AUTHORITY["EPSG","6326"]], 
    PRIMEM["Greenwich", 0.0, AUTHORITY["EPSG","8901"]], 
    UNIT["degree", 0.017453292519943295], 
    AXIS["Geodetic longitude", EAST], 
    AXIS["Geodetic latitude", NORTH], 
    AUTHORITY["EPSG","4326"]], 
  PROJECTION["Popular Visualisation Pseudo Mercator", AUTHORITY["EPSG","1024"]], 
  PARAMETER["semi_minor", 6378137.0], 
  PARAMETER["latitude_of_origin", 0.0], 
  PARAMETER["central_meridian", 0.0], 
  PARAMETER["scale_factor", 1.0], 
  PARAMETER["false_easting", 0.0], 
  PARAMETER["false_northing", 0.0], 
  UNIT["m", 1.0], 
  AXIS["Easting", EAST], 
  AXIS["Northing", NORTH], 
  AUTHORITY["EPSG","3857"]]
	Elevation = []
	Env = {}
	Exceptions = SE_XML
	FeatureId = null
	FeatureVersion = null
	Filter = null
	Format = image/png
	FormatOptions = {}
	Get = true
	Height = 256
	Interpolations = []
	Layers = [org.geoserver.wms.MapLayerInfo@19efab83[description=<null>,label=sdfgdg,layerFeatureConstraints=<null>,layerGroupMetadata={},layerInfo=SecuredLayerInfo[LayerInfoImpl[vec_s2s_vec_sdfgdg_c7de7962, resource:FeatureTypeInfoImpl[vec_s2s_vec_sdfgdg_c7de7962]]],name=vec_s2s_vec_sdfgdg_c7de7962,remoteFeatureSource=<null>,style=<null>,type=0]]
	MaxFeatures = null
	Palette = null
	RawKvp = {REQUEST=GetMap, FORMAT=image/png, _T=undefined, SRS=EPSG:3857, BBOX=10879740.857998848,1487158.8223163905,10918876.616480859,1526294.580798401, VERSION=1.1.1, STYLES=, SERVICE=WMS, WIDTH=256, HEIGHT=256, TRANSPARENT=true, LAYERS=ws_30cad3c4:vec_s2s_vec_sdfgdg_c7de7962}
	RemoteOwsType = null
	RemoteOwsURL = null
	Request = GetMap
	RequestCharset = UTF-8
	ScaleMethod = null
	Sld = null
	SldBody = null
	SldVersion = null
	SortBy = null
	SortByArrays = null
	SRS = EPSG:3857
	StartIndex = null
	StyleBody = null
	StyleFormat = sld
	Styles = [StyleImpl[ name=style_vec_s2s_vec_sdfgdg_c7de7962]]
	StyleUrl = null
	StyleVersion = null
	Tiled = false
	TilesOrigin = null
	Time = []
	Transparent = true
	ValidateSchema = false
	Version = 1.1.1
	ViewParams = null
	Width = 256
23 Sep 08:57:13 INFO   [geoserver.flow] - Request control-flow performed, running requests: 4, blocked requests: 0
23 Sep 08:57:13 INFO   [geoserver.wms] - 
Request: getServiceInfo
23 Sep 08:57:13 INFO   [geoserver.flow] - releasing flow controllers for [WMS 1.1.1 GetMap]
23 Sep 08:57:13 INFO   [geoserver.flow] - Request [WMS 1.1.1 GetMap] starting, processing through flow controllers
23 Sep 08:57:13 INFO   [geoserver.flow] - Request completed, running requests: 3, blocked requests: 1
23 Sep 08:57:13 INFO   [geoserver.wms] - 
Request: getServiceInfo
23 Sep 08:57:13 INFO   [geoserver.flow] - Request control-flow performed, running requests: 4, blocked requests: 0
23 Sep 08:57:13 INFO   [geoserver.flow] - Request [WMS 1.1.1 GetMap] starting, processing through flow controllers
23 Sep 08:57:13 INFO   [geoserver.wms] - 
Request: getMap
	Angle = 0.0
	BaseUrl = http://localhost:8080/geoserver/
	Bbox = SRSEnvelope[1.0879740857998848E7 : 1.0918876616480859E7, 1604566.0977624203 : 1643701.8562444302]
	BgColor = java.awt.Color[r=255,g=255,b=255]
	Buffer = 0
	Clip = null
	CQLFilter = null
	Crs = PROJCS["WGS 84 / Pseudo-Mercator", 
  GEOGCS["WGS 84", 
    DATUM["World Geodetic System 1984", 
      SPHEROID["WGS 84", 6378137.0, 298.257223563, AUTHORITY["EPSG","7030"]], 
      AUTHORITY["EPSG","6326"]], 
    PRIMEM["Greenwich", 0.0, AUTHORITY["EPSG","8901"]], 
    UNIT["degree", 0.017453292519943295], 
    AXIS["Geodetic longitude", EAST], 
    AXIS["Geodetic latitude", NORTH], 
    AUTHORITY["EPSG","4326"]], 
  PROJECTION["Popular Visualisation Pseudo Mercator", AUTHORITY["EPSG","1024"]], 
  PARAMETER["semi_minor", 6378137.0], 
  PARAMETER["latitude_of_origin", 0.0], 
  PARAMETER["central_meridian", 0.0], 
  PARAMETER["scale_factor", 1.0], 
  PARAMETER["false_easting", 0.0], 
  PARAMETER["false_northing", 0.0], 
  UNIT["m", 1.0], 
  AXIS["Easting", EAST], 
  AXIS["Northing", NORTH], 
  AUTHORITY["EPSG","3857"]]
	Elevation = []
	Env = {}
	Exceptions = SE_XML
	FeatureId = null
	FeatureVersion = null
	Filter = null
	Format = image/png
	FormatOptions = {}
	Get = true
	Height = 256
	Interpolations = []
	Layers = [org.geoserver.wms.MapLayerInfo@24087730[description=<null>,label=sdfgdg,layerFeatureConstraints=<null>,layerGroupMetadata={},layerInfo=SecuredLayerInfo[LayerInfoImpl[vec_s2s_vec_sdfgdg_c7de7962, resource:FeatureTypeInfoImpl[vec_s2s_vec_sdfgdg_c7de7962]]],name=vec_s2s_vec_sdfgdg_c7de7962,remoteFeatureSource=<null>,style=<null>,type=0]]
	MaxFeatures = null
	Palette = null
	RawKvp = {REQUEST=GetMap, FORMAT=image/png, _T=undefined, SRS=EPSG:3857, BBOX=10879740.857998848,1604566.0977624203,10918876.616480859,1643701.8562444302, VERSION=1.1.1, STYLES=, SERVICE=WMS, WIDTH=256, HEIGHT=256, TRANSPARENT=true, LAYERS=ws_30cad3c4:vec_s2s_vec_sdfgdg_c7de7962}
	RemoteOwsType = null
	RemoteOwsURL = null
	Request = GetMap
	RequestCharset = UTF-8
	ScaleMethod = null
	Sld = null
	SldBody = null
	SldVersion = null
	SortBy = null
	SortByArrays = null
	SRS = EPSG:3857
	StartIndex = null
	StyleBody = null
	StyleFormat = sld
	Styles = [StyleImpl[ name=style_vec_s2s_vec_sdfgdg_c7de7962]]
	StyleUrl = null
	StyleVersion = null
	Tiled = false
	TilesOrigin = null
	Time = []
	Transparent = true
	ValidateSchema = false
	Version = 1.1.1
	ViewParams = null
	Width = 256
23 Sep 08:57:13 INFO   [geoserver.flow] - releasing flow controllers for [WMS 1.1.1 GetMap]
23 Sep 08:57:13 INFO   [geoserver.flow] - Request completed, running requests: 4, blocked requests: 0
23 Sep 08:57:13 INFO   [geoserver.flow] - releasing flow controllers for [WMS 1.1.1 GetMap]
23 Sep 08:57:13 INFO   [geoserver.flow] - Request completed, running requests: 3, blocked requests: 0
23 Sep 08:57:13 INFO   [geoserver.flow] - Request control-flow performed, running requests: 4, blocked requests: 0
23 Sep 08:57:13 INFO   [geoserver.wms] - 
Request: getServiceInfo
23 Sep 08:57:13 INFO   [geoserver.flow] - releasing flow controllers for [WMS 1.1.1 GetMap]
23 Sep 08:57:13 INFO   [geoserver.flow] - Request completed, running requests: 2, blocked requests: 1
23 Sep 08:57:13 INFO   [geoserver.flow] - Request [WMS 1.1.1 GetMap] starting, processing through flow controllers
23 Sep 08:57:13 INFO   [geoserver.flow] - Request control-flow performed, running requests: 3, blocked requests: 0
23 Sep 08:57:13 INFO   [geoserver.wms] - 
Request: getMap
	Angle = 0.0
	BaseUrl = http://localhost:8080/geoserver/
	Bbox = SRSEnvelope[1.0879740857998848E7 : 1.0918876616480859E7, 1448023.0638343797 : 1487158.8223163905]
	BgColor = java.awt.Color[r=255,g=255,b=255]
	Buffer = 0
	Clip = null
	CQLFilter = null
	Crs = PROJCS["WGS 84 / Pseudo-Mercator", 
  GEOGCS["WGS 84", 
    DATUM["World Geodetic System 1984", 
      SPHEROID["WGS 84", 6378137.0, 298.257223563, AUTHORITY["EPSG","7030"]], 
      AUTHORITY["EPSG","6326"]], 
    PRIMEM["Greenwich", 0.0, AUTHORITY["EPSG","8901"]], 
    UNIT["degree", 0.017453292519943295], 
    AXIS["Geodetic longitude", EAST], 
    AXIS["Geodetic latitude", NORTH], 
    AUTHORITY["EPSG","4326"]], 
  PROJECTION["Popular Visualisation Pseudo Mercator", AUTHORITY["EPSG","1024"]], 
  PARAMETER["semi_minor", 6378137.0], 
  PARAMETER["latitude_of_origin", 0.0], 
  PARAMETER["central_meridian", 0.0], 
  PARAMETER["scale_factor", 1.0], 
  PARAMETER["false_easting", 0.0], 
  PARAMETER["false_northing", 0.0], 
  UNIT["m", 1.0], 
  AXIS["Easting", EAST], 
  AXIS["Northing", NORTH], 
  AUTHORITY["EPSG","3857"]]
	Elevation = []
	Env = {}
	Exceptions = SE_XML
	FeatureId = null
	FeatureVersion = null
	Filter = null
	Format = image/png
	FormatOptions = {}
	Get = true
	Height = 256
	Interpolations = []
	Layers = [org.geoserver.wms.MapLayerInfo@2a78ee81[description=<null>,label=sdfgdg,layerFeatureConstraints=<null>,layerGroupMetadata={},layerInfo=SecuredLayerInfo[LayerInfoImpl[vec_s2s_vec_sdfgdg_c7de7962, resource:FeatureTypeInfoImpl[vec_s2s_vec_sdfgdg_c7de7962]]],name=vec_s2s_vec_sdfgdg_c7de7962,remoteFeatureSource=<null>,style=<null>,type=0]]
	MaxFeatures = null
	Palette = null
	RawKvp = {REQUEST=GetMap, FORMAT=image/png, _T=undefined, SRS=EPSG:3857, BBOX=10879740.857998848,1448023.0638343797,10918876.616480859,1487158.8223163905, VERSION=1.1.1, STYLES=, SERVICE=WMS, WIDTH=256, HEIGHT=256, TRANSPARENT=true, LAYERS=ws_30cad3c4:vec_s2s_vec_sdfgdg_c7de7962}
	RemoteOwsType = null
	RemoteOwsURL = null
	Request = GetMap
	RequestCharset = UTF-8
	ScaleMethod = null
	Sld = null
	SldBody = null
	SldVersion = null
	SortBy = null
	SortByArrays = null
	SRS = EPSG:3857
	StartIndex = null
	StyleBody = null
	StyleFormat = sld
	Styles = [StyleImpl[ name=style_vec_s2s_vec_sdfgdg_c7de7962]]
	StyleUrl = null
	StyleVersion = null
	Tiled = false
	TilesOrigin = null
	Time = []
	Transparent = true
	ValidateSchema = false
	Version = 1.1.1
	ViewParams = null
	Width = 256
23 Sep 08:57:13 INFO   [geoserver.wms] - 
Request: getServiceInfo
23 Sep 08:57:13 INFO   [geoserver.wms] - 
Request: getServiceInfo
23 Sep 08:57:13 INFO   [geoserver.wms] - 
Request: getMap
	Angle = 0.0
	BaseUrl = http://localhost:8080/geoserver/
	Bbox = SRSEnvelope[1.0918876616480859E7 : 1.095801237496287E7, 1526294.580798401 : 1565430.33928041]
	BgColor = java.awt.Color[r=255,g=255,b=255]
	Buffer = 0
	Clip = null
	CQLFilter = null
	Crs = PROJCS["WGS 84 / Pseudo-Mercator", 
  GEOGCS["WGS 84", 
    DATUM["World Geodetic System 1984", 
      SPHEROID["WGS 84", 6378137.0, 298.257223563, AUTHORITY["EPSG","7030"]], 
      AUTHORITY["EPSG","6326"]], 
    PRIMEM["Greenwich", 0.0, AUTHORITY["EPSG","8901"]], 
    UNIT["degree", 0.017453292519943295], 
    AXIS["Geodetic longitude", EAST], 
    AXIS["Geodetic latitude", NORTH], 
    AUTHORITY["EPSG","4326"]], 
  PROJECTION["Popular Visualisation Pseudo Mercator", AUTHORITY["EPSG","1024"]], 
  PARAMETER["semi_minor", 6378137.0], 
  PARAMETER["latitude_of_origin", 0.0], 
  PARAMETER["central_meridian", 0.0], 
  PARAMETER["scale_factor", 1.0], 
  PARAMETER["false_easting", 0.0], 
  PARAMETER["false_northing", 0.0], 
  UNIT["m", 1.0], 
  AXIS["Easting", EAST], 
  AXIS["Northing", NORTH], 
  AUTHORITY["EPSG","3857"]]
	Elevation = []
	Env = {}
	Exceptions = SE_XML
	FeatureId = null
	FeatureVersion = null
	Filter = null
	Format = image/png
	FormatOptions = {}
	Get = true
	Height = 256
	Interpolations = []
	Layers = [org.geoserver.wms.MapLayerInfo@17558f5f[description=<null>,label=Bridge point,layerFeatureConstraints=<null>,layerGroupMetadata={},layerInfo=SecuredLayerInfo[LayerInfoImpl[vec_s2s_vec_bridge_point_53bfffe8, resource:FeatureTypeInfoImpl[vec_s2s_vec_bridge_point_53bfffe8]]],name=vec_s2s_vec_bridge_point_53bfffe8,remoteFeatureSource=<null>,style=<null>,type=0]]
	MaxFeatures = null
	Palette = null
	RawKvp = {REQUEST=GetMap, FORMAT=image/png, _T=undefined, SRS=EPSG:3857, BBOX=10918876.616480859,1526294.580798401,10958012.37496287,1565430.33928041, VERSION=1.1.1, STYLES=, SERVICE=WMS, WIDTH=256, HEIGHT=256, TRANSPARENT=true, LAYERS=ws_30cad3c4:vec_s2s_vec_bridge_point_53bfffe8}
	RemoteOwsType = null
	RemoteOwsURL = null
	Request = GetMap
	RequestCharset = UTF-8
	ScaleMethod = null
	Sld = null
	SldBody = null
	SldVersion = null
	SortBy = null
	SortByArrays = null
	SRS = EPSG:3857
	StartIndex = null
	StyleBody = null
	StyleFormat = sld
	Styles = [StyleImpl[ name=style_vec_s2s_vec_bridge_point_53bfffe8]]
	StyleUrl = null
	StyleVersion = null
	Tiled = false
	TilesOrigin = null
	Time = []
	Transparent = true
	ValidateSchema = false
	Version = 1.1.1
	ViewParams = null
	Width = 256
23 Sep 08:57:13 INFO   [geoserver.flow] - Request [WMS 1.1.1 GetMap] starting, processing through flow controllers
23 Sep 08:57:13 INFO   [geoserver.flow] - Request [WMS 1.1.1 GetMap] starting, processing through flow controllers
23 Sep 08:57:13 INFO   [geoserver.flow] - releasing flow controllers for [WMS 1.1.1 GetMap]
23 Sep 08:57:13 INFO   [geoserver.flow] - releasing flow controllers for [WMS 1.1.1 GetMap]
23 Sep 08:57:13 INFO   [geoserver.flow] - Request completed, running requests: 3, blocked requests: 0
23 Sep 08:57:13 INFO   [geoserver.flow] - Request completed, running requests: 3, blocked requests: 0
23 Sep 08:57:13 INFO   [geoserver.flow] - Request control-flow performed, running requests: 3, blocked requests: 0
23 Sep 08:57:13 INFO   [geoserver.flow] - Request control-flow performed, running requests: 4, blocked requests: 1
23 Sep 08:57:13 INFO   [geoserver.wms] - 
Request: getMap
	Angle = 0.0
	BaseUrl = http://localhost:8080/geoserver/
	Bbox = SRSEnvelope[1.0918876616480859E7 : 1.095801237496287E7, 1565430.33928041 : 1604566.0977624203]
	BgColor = java.awt.Color[r=255,g=255,b=255]
	Buffer = 0
	Clip = null
	CQLFilter = null
	Crs = PROJCS["WGS 84 / Pseudo-Mercator", 
  GEOGCS["WGS 84", 
    DATUM["World Geodetic System 1984", 
      SPHEROID["WGS 84", 6378137.0, 298.257223563, AUTHORITY["EPSG","7030"]], 
      AUTHORITY["EPSG","6326"]], 
    PRIMEM["Greenwich", 0.0, AUTHORITY["EPSG","8901"]], 
    UNIT["degree", 0.017453292519943295], 
    AXIS["Geodetic longitude", EAST], 
    AXIS["Geodetic latitude", NORTH], 
    AUTHORITY["EPSG","4326"]], 
  PROJECTION["Popular Visualisation Pseudo Mercator", AUTHORITY["EPSG","1024"]], 
  PARAMETER["semi_minor", 6378137.0], 
  PARAMETER["latitude_of_origin", 0.0], 
  PARAMETER["central_meridian", 0.0], 
  PARAMETER["scale_factor", 1.0], 
  PARAMETER["false_easting", 0.0], 
  PARAMETER["false_northing", 0.0], 
  UNIT["m", 1.0], 
  AXIS["Easting", EAST], 
  AXIS["Northing", NORTH], 
  AUTHORITY["EPSG","3857"]]
	Elevation = []
	Env = {}
	Exceptions = SE_XML
	FeatureId = null
	FeatureVersion = null
	Filter = null
	Format = image/png
	FormatOptions = {}
	Get = true
	Height = 256
	Interpolations = []
	Layers = [org.geoserver.wms.MapLayerInfo@3dceafc9[description=<null>,label=Bridge point,layerFeatureConstraints=<null>,layerGroupMetadata={},layerInfo=SecuredLayerInfo[LayerInfoImpl[vec_s2s_vec_bridge_point_53bfffe8, resource:FeatureTypeInfoImpl[vec_s2s_vec_bridge_point_53bfffe8]]],name=vec_s2s_vec_bridge_point_53bfffe8,remoteFeatureSource=<null>,style=<null>,type=0]]
	MaxFeatures = null
	Palette = null
	RawKvp = {REQUEST=GetMap, FORMAT=image/png, _T=undefined, SRS=EPSG:3857, BBOX=10918876.616480859,1565430.33928041,10958012.37496287,1604566.0977624203, VERSION=1.1.1, STYLES=, SERVICE=WMS, WIDTH=256, HEIGHT=256, TRANSPARENT=true, LAYERS=ws_30cad3c4:vec_s2s_vec_bridge_point_53bfffe8}
	RemoteOwsType = null
	RemoteOwsURL = null
	Request = GetMap
	RequestCharset = UTF-8
	ScaleMethod = null
	Sld = null
	SldBody = null
	SldVersion = null
	SortBy = null
	SortByArrays = null
	SRS = EPSG:3857
	StartIndex = null
	StyleBody = null
	StyleFormat = sld
	Styles = [StyleImpl[ name=style_vec_s2s_vec_bridge_point_53bfffe8]]
	StyleUrl = null
	StyleVersion = null
	Tiled = false
	TilesOrigin = null
	Time = []
	Transparent = true
	ValidateSchema = false
	Version = 1.1.1
	ViewParams = null
	Width = 256
23 Sep 08:57:13 INFO   [geoserver.wms] - 
Request: getServiceInfo
23 Sep 08:57:13 INFO   [geoserver.flow] - Request [WMS 1.1.1 GetMap] starting, processing through flow controllers
23 Sep 08:57:13 INFO   [geoserver.flow] - Request control-flow performed, running requests: 4, blocked requests: 0
23 Sep 08:57:13 INFO   [geoserver.wms] - 
Request: getServiceInfo
23 Sep 08:57:13 INFO   [geoserver.wms] - 
Request: getServiceInfo
23 Sep 08:57:13 INFO   [geoserver.wms] - 
Request: getMap
	Angle = 0.0
	BaseUrl = http://localhost:8080/geoserver/
	Bbox = SRSEnvelope[1.0918876616480859E7 : 1.095801237496287E7, 1604566.0977624203 : 1643701.8562444302]
	BgColor = java.awt.Color[r=255,g=255,b=255]
	Buffer = 0
	Clip = null
	CQLFilter = null
	Crs = PROJCS["WGS 84 / Pseudo-Mercator", 
  GEOGCS["WGS 84", 
    DATUM["World Geodetic System 1984", 
      SPHEROID["WGS 84", 6378137.0, 298.257223563, AUTHORITY["EPSG","7030"]], 
      AUTHORITY["EPSG","6326"]], 
    PRIMEM["Greenwich", 0.0, AUTHORITY["EPSG","8901"]], 
    UNIT["degree", 0.017453292519943295], 
    AXIS["Geodetic longitude", EAST], 
    AXIS["Geodetic latitude", NORTH], 
    AUTHORITY["EPSG","4326"]], 
  PROJECTION["Popular Visualisation Pseudo Mercator", AUTHORITY["EPSG","1024"]], 
  PARAMETER["semi_minor", 6378137.0], 
  PARAMETER["latitude_of_origin", 0.0], 
  PARAMETER["central_meridian", 0.0], 
  PARAMETER["scale_factor", 1.0], 
  PARAMETER["false_easting", 0.0], 
  PARAMETER["false_northing", 0.0], 
  UNIT["m", 1.0], 
  AXIS["Easting", EAST], 
  AXIS["Northing", NORTH], 
  AUTHORITY["EPSG","3857"]]
	Elevation = []
	Env = {}
	Exceptions = SE_XML
	FeatureId = null
	FeatureVersion = null
	Filter = null
	Format = image/png
	FormatOptions = {}
	Get = true
	Height = 256
	Interpolations = []
	Layers = [org.geoserver.wms.MapLayerInfo@603403fe[description=<null>,label=Bridge point,layerFeatureConstraints=<null>,layerGroupMetadata={},layerInfo=SecuredLayerInfo[LayerInfoImpl[vec_s2s_vec_bridge_point_53bfffe8, resource:FeatureTypeInfoImpl[vec_s2s_vec_bridge_point_53bfffe8]]],name=vec_s2s_vec_bridge_point_53bfffe8,remoteFeatureSource=<null>,style=<null>,type=0]]
	MaxFeatures = null
	Palette = null
	RawKvp = {REQUEST=GetMap, FORMAT=image/png, _T=undefined, SRS=EPSG:3857, BBOX=10918876.616480859,1604566.0977624203,10958012.37496287,1643701.8562444302, VERSION=1.1.1, STYLES=, SERVICE=WMS, WIDTH=256, HEIGHT=256, TRANSPARENT=true, LAYERS=ws_30cad3c4:vec_s2s_vec_bridge_point_53bfffe8}
	RemoteOwsType = null
	RemoteOwsURL = null
	Request = GetMap
	RequestCharset = UTF-8
	ScaleMethod = null
	Sld = null
	SldBody = null
	SldVersion = null
	SortBy = null
	SortByArrays = null
	SRS = EPSG:3857
	StartIndex = null
	StyleBody = null
	StyleFormat = sld
	Styles = [StyleImpl[ name=style_vec_s2s_vec_bridge_point_53bfffe8]]
	StyleUrl = null
	StyleVersion = null
	Tiled = false
	TilesOrigin = null
	Time = []
	Transparent = true
	ValidateSchema = false
	Version = 1.1.1
	ViewParams = null
	Width = 256
23 Sep 08:57:13 INFO   [geoserver.wms] - 
Request: getMap
	Angle = 0.0
	BaseUrl = http://localhost:8080/geoserver/
	Bbox = SRSEnvelope[1.0918876616480859E7 : 1.095801237496287E7, 1448023.0638343797 : 1487158.8223163905]
	BgColor = java.awt.Color[r=255,g=255,b=255]
	Buffer = 0
	Clip = null
	CQLFilter = null
	Crs = PROJCS["WGS 84 / Pseudo-Mercator", 
  GEOGCS["WGS 84", 
    DATUM["World Geodetic System 1984", 
      SPHEROID["WGS 84", 6378137.0, 298.257223563, AUTHORITY["EPSG","7030"]], 
      AUTHORITY["EPSG","6326"]], 
    PRIMEM["Greenwich", 0.0, AUTHORITY["EPSG","8901"]], 
    UNIT["degree", 0.017453292519943295], 
    AXIS["Geodetic longitude", EAST], 
    AXIS["Geodetic latitude", NORTH], 
    AUTHORITY["EPSG","4326"]], 
  PROJECTION["Popular Visualisation Pseudo Mercator", AUTHORITY["EPSG","1024"]], 
  PARAMETER["semi_minor", 6378137.0], 
  PARAMETER["latitude_of_origin", 0.0], 
  PARAMETER["central_meridian", 0.0], 
  PARAMETER["scale_factor", 1.0], 
  PARAMETER["false_easting", 0.0], 
  PARAMETER["false_northing", 0.0], 
  UNIT["m", 1.0], 
  AXIS["Easting", EAST], 
  AXIS["Northing", NORTH], 
  AUTHORITY["EPSG","3857"]]
	Elevation = []
	Env = {}
	Exceptions = SE_XML
	FeatureId = null
	FeatureVersion = null
	Filter = null
	Format = image/png
	FormatOptions = {}
	Get = true
	Height = 256
	Interpolations = []
	Layers = [org.geoserver.wms.MapLayerInfo@646afadd[description=<null>,label=Bridge point,layerFeatureConstraints=<null>,layerGroupMetadata={},layerInfo=SecuredLayerInfo[LayerInfoImpl[vec_s2s_vec_bridge_point_53bfffe8, resource:FeatureTypeInfoImpl[vec_s2s_vec_bridge_point_53bfffe8]]],name=vec_s2s_vec_bridge_point_53bfffe8,remoteFeatureSource=<null>,style=<null>,type=0]]
	MaxFeatures = null
	Palette = null
	RawKvp = {REQUEST=GetMap, FORMAT=image/png, _T=undefined, SRS=EPSG:3857, BBOX=10918876.616480859,1448023.0638343797,10958012.37496287,1487158.8223163905, VERSION=1.1.1, STYLES=, SERVICE=WMS, WIDTH=256, HEIGHT=256, TRANSPARENT=true, LAYERS=ws_30cad3c4:vec_s2s_vec_bridge_point_53bfffe8}
	RemoteOwsType = null
	RemoteOwsURL = null
	Request = GetMap
	RequestCharset = UTF-8
	ScaleMethod = null
	Sld = null
	SldBody = null
	SldVersion = null
	SortBy = null
	SortByArrays = null
	SRS = EPSG:3857
	StartIndex = null
	StyleBody = null
	StyleFormat = sld
	Styles = [StyleImpl[ name=style_vec_s2s_vec_bridge_point_53bfffe8]]
	StyleUrl = null
	StyleVersion = null
	Tiled = false
	TilesOrigin = null
	Time = []
	Transparent = true
	ValidateSchema = false
	Version = 1.1.1
	ViewParams = null
	Width = 256
23 Sep 08:57:13 INFO   [geoserver.wms] - 
Request: getMap
	Angle = 0.0
	BaseUrl = http://localhost:8080/geoserver/
	Bbox = SRSEnvelope[1.0918876616480859E7 : 1.095801237496287E7, 1487158.8223163905 : 1526294.580798401]
	BgColor = java.awt.Color[r=255,g=255,b=255]
	Buffer = 0
	Clip = null
	CQLFilter = null
	Crs = PROJCS["WGS 84 / Pseudo-Mercator", 
  GEOGCS["WGS 84", 
    DATUM["World Geodetic System 1984", 
      SPHEROID["WGS 84", 6378137.0, 298.257223563, AUTHORITY["EPSG","7030"]], 
      AUTHORITY["EPSG","6326"]], 
    PRIMEM["Greenwich", 0.0, AUTHORITY["EPSG","8901"]], 
    UNIT["degree", 0.017453292519943295], 
    AXIS["Geodetic longitude", EAST], 
    AXIS["Geodetic latitude", NORTH], 
    AUTHORITY["EPSG","4326"]], 
  PROJECTION["Popular Visualisation Pseudo Mercator", AUTHORITY["EPSG","1024"]], 
  PARAMETER["semi_minor", 6378137.0], 
  PARAMETER["latitude_of_origin", 0.0], 
  PARAMETER["central_meridian", 0.0], 
  PARAMETER["scale_factor", 1.0], 
  PARAMETER["false_easting", 0.0], 
  PARAMETER["false_northing", 0.0], 
  UNIT["m", 1.0], 
  AXIS["Easting", EAST], 
  AXIS["Northing", NORTH], 
  AUTHORITY["EPSG","3857"]]
	Elevation = []
	Env = {}
	Exceptions = SE_XML
	FeatureId = null
	FeatureVersion = null
	Filter = null
	Format = image/png
	FormatOptions = {}
	Get = true
	Height = 256
	Interpolations = []
	Layers = [org.geoserver.wms.MapLayerInfo@63b87292[description=<null>,label=Bridge point,layerFeatureConstraints=<null>,layerGroupMetadata={},layerInfo=SecuredLayerInfo[LayerInfoImpl[vec_s2s_vec_bridge_point_53bfffe8, resource:FeatureTypeInfoImpl[vec_s2s_vec_bridge_point_53bfffe8]]],name=vec_s2s_vec_bridge_point_53bfffe8,remoteFeatureSource=<null>,style=<null>,type=0]]
	MaxFeatures = null
	Palette = null
	RawKvp = {REQUEST=GetMap, FORMAT=image/png, _T=undefined, SRS=EPSG:3857, BBOX=10918876.616480859,1487158.8223163905,10958012.37496287,1526294.580798401, VERSION=1.1.1, STYLES=, SERVICE=WMS, WIDTH=256, HEIGHT=256, TRANSPARENT=true, LAYERS=ws_30cad3c4:vec_s2s_vec_bridge_point_53bfffe8}
	RemoteOwsType = null
	RemoteOwsURL = null
	Request = GetMap
	RequestCharset = UTF-8
	ScaleMethod = null
	Sld = null
	SldBody = null
	SldVersion = null
	SortBy = null
	SortByArrays = null
	SRS = EPSG:3857
	StartIndex = null
	StyleBody = null
	StyleFormat = sld
	Styles = [StyleImpl[ name=style_vec_s2s_vec_bridge_point_53bfffe8]]
	StyleUrl = null
	StyleVersion = null
	Tiled = false
	TilesOrigin = null
	Time = []
	Transparent = true
	ValidateSchema = false
	Version = 1.1.1
	ViewParams = null
	Width = 256
23 Sep 08:57:13 INFO   [geoserver.flow] - Request [WMS 1.1.1 GetMap] starting, processing through flow controllers
23 Sep 08:57:13 INFO   [geoserver.flow] - Request [WMS 1.1.1 GetMap] starting, processing through flow controllers
23 Sep 08:57:13 INFO   [geoserver.flow] - releasing flow controllers for [WMS 1.1.1 GetMap]
23 Sep 08:57:13 INFO   [geoserver.flow] - releasing flow controllers for [WMS 1.1.1 GetMap]
23 Sep 08:57:13 INFO   [geoserver.flow] - Request completed, running requests: 3, blocked requests: 0
23 Sep 08:57:13 INFO   [geoserver.flow] - releasing flow controllers for [WMS 1.1.1 GetMap]
23 Sep 08:57:13 INFO   [geoserver.flow] - Request control-flow performed, running requests: 3, blocked requests: 1
23 Sep 08:57:13 INFO   [geoserver.flow] - Request completed, running requests: 3, blocked requests: 0
23 Sep 08:57:13 INFO   [geoserver.flow] - Request control-flow performed, running requests: 3, blocked requests: 0
23 Sep 08:57:13 INFO   [geoserver.flow] - Request completed, running requests: 3, blocked requests: 0
23 Sep 08:57:13 INFO   [geoserver.wms] - 
Request: getServiceInfo
23 Sep 08:57:13 INFO   [geoserver.flow] - Request [WMS 1.1.1 GetMap] starting, processing through flow controllers
23 Sep 08:57:13 INFO   [geoserver.flow] - Request control-flow performed, running requests: 4, blocked requests: 0
23 Sep 08:57:13 INFO   [geoserver.flow] - releasing flow controllers for [WMS 1.1.1 GetMap]
23 Sep 08:57:13 INFO   [geoserver.flow] - Request completed, running requests: 3, blocked requests: 0
23 Sep 08:57:13 INFO   [geoserver.wms] - 
Request: getMap
	Angle = 0.0
	BaseUrl = http://localhost:8080/geoserver/
	Bbox = SRSEnvelope[1.0879740857998848E7 : 1.0918876616480859E7, 1526294.580798401 : 1565430.33928041]
	BgColor = java.awt.Color[r=255,g=255,b=255]
	Buffer = 0
	Clip = null
	CQLFilter = null
	Crs = PROJCS["WGS 84 / Pseudo-Mercator", 
  GEOGCS["WGS 84", 
    DATUM["World Geodetic System 1984", 
      SPHEROID["WGS 84", 6378137.0, 298.257223563, AUTHORITY["EPSG","7030"]], 
      AUTHORITY["EPSG","6326"]], 
    PRIMEM["Greenwich", 0.0, AUTHORITY["EPSG","8901"]], 
    UNIT["degree", 0.017453292519943295], 
    AXIS["Geodetic longitude", EAST], 
    AXIS["Geodetic latitude", NORTH], 
    AUTHORITY["EPSG","4326"]], 
  PROJECTION["Popular Visualisation Pseudo Mercator", AUTHORITY["EPSG","1024"]], 
  PARAMETER["semi_minor", 6378137.0], 
  PARAMETER["latitude_of_origin", 0.0], 
  PARAMETER["central_meridian", 0.0], 
  PARAMETER["scale_factor", 1.0], 
  PARAMETER["false_easting", 0.0], 
  PARAMETER["false_northing", 0.0], 
  UNIT["m", 1.0], 
  AXIS["Easting", EAST], 
  AXIS["Northing", NORTH], 
  AUTHORITY["EPSG","3857"]]
	Elevation = []
	Env = {}
	Exceptions = SE_XML
	FeatureId = null
	FeatureVersion = null
	Filter = null
	Format = image/png
	FormatOptions = {}
	Get = true
	Height = 256
	Interpolations = []
	Layers = [org.geoserver.wms.MapLayerInfo@312a27fd[description=<null>,label=Bridge point,layerFeatureConstraints=<null>,layerGroupMetadata={},layerInfo=SecuredLayerInfo[LayerInfoImpl[vec_s2s_vec_bridge_point_53bfffe8, resource:FeatureTypeInfoImpl[vec_s2s_vec_bridge_point_53bfffe8]]],name=vec_s2s_vec_bridge_point_53bfffe8,remoteFeatureSource=<null>,style=<null>,type=0]]
	MaxFeatures = null
	Palette = null
	RawKvp = {REQUEST=GetMap, FORMAT=image/png, _T=undefined, SRS=EPSG:3857, BBOX=10879740.857998848,1526294.580798401,10918876.616480859,1565430.33928041, VERSION=1.1.1, STYLES=, SERVICE=WMS, WIDTH=256, HEIGHT=256, TRANSPARENT=true, LAYERS=ws_30cad3c4:vec_s2s_vec_bridge_point_53bfffe8}
	RemoteOwsType = null
	RemoteOwsURL = null
	Request = GetMap
	RequestCharset = UTF-8
	ScaleMethod = null
	Sld = null
	SldBody = null
	SldVersion = null
	SortBy = null
	SortByArrays = null
	SRS = EPSG:3857
	StartIndex = null
	StyleBody = null
	StyleFormat = sld
	Styles = [StyleImpl[ name=style_vec_s2s_vec_bridge_point_53bfffe8]]
	StyleUrl = null
	StyleVersion = null
	Tiled = false
	TilesOrigin = null
	Time = []
	Transparent = true
	ValidateSchema = false
	Version = 1.1.1
	ViewParams = null
	Width = 256
23 Sep 08:57:13 INFO   [geoserver.wms] - 
Request: getMap
	Angle = 0.0
	BaseUrl = http://localhost:8080/geoserver/
	Bbox = SRSEnvelope[1.0879740857998848E7 : 1.0918876616480859E7, 1487158.8223163905 : 1526294.580798401]
	BgColor = java.awt.Color[r=255,g=255,b=255]
	Buffer = 0
	Clip = null
	CQLFilter = null
	Crs = PROJCS["WGS 84 / Pseudo-Mercator", 
  GEOGCS["WGS 84", 
    DATUM["World Geodetic System 1984", 
      SPHEROID["WGS 84", 6378137.0, 298.257223563, AUTHORITY["EPSG","7030"]], 
      AUTHORITY["EPSG","6326"]], 
    PRIMEM["Greenwich", 0.0, AUTHORITY["EPSG","8901"]], 
    UNIT["degree", 0.017453292519943295], 
    AXIS["Geodetic longitude", EAST], 
    AXIS["Geodetic latitude", NORTH], 
    AUTHORITY["EPSG","4326"]], 
  PROJECTION["Popular Visualisation Pseudo Mercator", AUTHORITY["EPSG","1024"]], 
  PARAMETER["semi_minor", 6378137.0], 
  PARAMETER["latitude_of_origin", 0.0], 
  PARAMETER["central_meridian", 0.0], 
  PARAMETER["scale_factor", 1.0], 
  PARAMETER["false_easting", 0.0], 
  PARAMETER["false_northing", 0.0], 
  UNIT["m", 1.0], 
  AXIS["Easting", EAST], 
  AXIS["Northing", NORTH], 
  AUTHORITY["EPSG","3857"]]
	Elevation = []
	Env = {}
	Exceptions = SE_XML
	FeatureId = null
	FeatureVersion = null
	Filter = null
	Format = image/png
	FormatOptions = {}
	Get = true
	Height = 256
	Interpolations = []
	Layers = [org.geoserver.wms.MapLayerInfo@2c97aab0[description=<null>,label=Bridge point,layerFeatureConstraints=<null>,layerGroupMetadata={},layerInfo=SecuredLayerInfo[LayerInfoImpl[vec_s2s_vec_bridge_point_53bfffe8, resource:FeatureTypeInfoImpl[vec_s2s_vec_bridge_point_53bfffe8]]],name=vec_s2s_vec_bridge_point_53bfffe8,remoteFeatureSource=<null>,style=<null>,type=0]]
	MaxFeatures = null
	Palette = null
	RawKvp = {REQUEST=GetMap, FORMAT=image/png, _T=undefined, SRS=EPSG:3857, BBOX=10879740.857998848,1487158.8223163905,10918876.616480859,1526294.580798401, VERSION=1.1.1, STYLES=, SERVICE=WMS, WIDTH=256, HEIGHT=256, TRANSPARENT=true, LAYERS=ws_30cad3c4:vec_s2s_vec_bridge_point_53bfffe8}
	RemoteOwsType = null
	RemoteOwsURL = null
	Request = GetMap
	RequestCharset = UTF-8
	ScaleMethod = null
	Sld = null
	SldBody = null
	SldVersion = null
	SortBy = null
	SortByArrays = null
	SRS = EPSG:3857
	StartIndex = null
	StyleBody = null
	StyleFormat = sld
	Styles = [StyleImpl[ name=style_vec_s2s_vec_bridge_point_53bfffe8]]
	StyleUrl = null
	StyleVersion = null
	Tiled = false
	TilesOrigin = null
	Time = []
	Transparent = true
	ValidateSchema = false
	Version = 1.1.1
	ViewParams = null
	Width = 256
23 Sep 08:57:13 INFO   [geoserver.wms] - 
Request: getServiceInfo
23 Sep 08:57:13 INFO   [geoserver.flow] - releasing flow controllers for [WMS 1.1.1 GetMap]
23 Sep 08:57:13 INFO   [geoserver.flow] - Request completed, running requests: 1, blocked requests: 1
23 Sep 08:57:13 INFO   [geoserver.wms] - 
Request: getServiceInfo
23 Sep 08:57:13 INFO   [geoserver.flow] - Request [WMS 1.1.1 GetMap] starting, processing through flow controllers
23 Sep 08:57:13 INFO   [geoserver.flow] - releasing flow controllers for [WMS 1.1.1 GetMap]
23 Sep 08:57:13 INFO   [geoserver.wms] - 
Request: getMap
	Angle = 0.0
	BaseUrl = http://localhost:8080/geoserver/
	Bbox = SRSEnvelope[1.0879740857998848E7 : 1.0918876616480859E7, 1565430.33928041 : 1604566.0977624203]
	BgColor = java.awt.Color[r=255,g=255,b=255]
	Buffer = 0
	Clip = null
	CQLFilter = null
	Crs = PROJCS["WGS 84 / Pseudo-Mercator", 
  GEOGCS["WGS 84", 
    DATUM["World Geodetic System 1984", 
      SPHEROID["WGS 84", 6378137.0, 298.257223563, AUTHORITY["EPSG","7030"]], 
      AUTHORITY["EPSG","6326"]], 
    PRIMEM["Greenwich", 0.0, AUTHORITY["EPSG","8901"]], 
    UNIT["degree", 0.017453292519943295], 
    AXIS["Geodetic longitude", EAST], 
    AXIS["Geodetic latitude", NORTH], 
    AUTHORITY["EPSG","4326"]], 
  PROJECTION["Popular Visualisation Pseudo Mercator", AUTHORITY["EPSG","1024"]], 
  PARAMETER["semi_minor", 6378137.0], 
  PARAMETER["latitude_of_origin", 0.0], 
  PARAMETER["central_meridian", 0.0], 
  PARAMETER["scale_factor", 1.0], 
  PARAMETER["false_easting", 0.0], 
  PARAMETER["false_northing", 0.0], 
  UNIT["m", 1.0], 
  AXIS["Easting", EAST], 
  AXIS["Northing", NORTH], 
  AUTHORITY["EPSG","3857"]]
	Elevation = []
	Env = {}
	Exceptions = SE_XML
	FeatureId = null
	FeatureVersion = null
	Filter = null
	Format = image/png
	FormatOptions = {}
	Get = true
	Height = 256
	Interpolations = []
	Layers = [org.geoserver.wms.MapLayerInfo@2bdea94c[description=<null>,label=Bridge point,layerFeatureConstraints=<null>,layerGroupMetadata={},layerInfo=SecuredLayerInfo[LayerInfoImpl[vec_s2s_vec_bridge_point_53bfffe8, resource:FeatureTypeInfoImpl[vec_s2s_vec_bridge_point_53bfffe8]]],name=vec_s2s_vec_bridge_point_53bfffe8,remoteFeatureSource=<null>,style=<null>,type=0]]
	MaxFeatures = null
	Palette = null
	RawKvp = {REQUEST=GetMap, FORMAT=image/png, _T=undefined, SRS=EPSG:3857, BBOX=10879740.857998848,1565430.33928041,10918876.616480859,1604566.0977624203, VERSION=1.1.1, STYLES=, SERVICE=WMS, WIDTH=256, HEIGHT=256, TRANSPARENT=true, LAYERS=ws_30cad3c4:vec_s2s_vec_bridge_point_53bfffe8}
	RemoteOwsType = null
	RemoteOwsURL = null
	Request = GetMap
	RequestCharset = UTF-8
	ScaleMethod = null
	Sld = null
	SldBody = null
	SldVersion = null
	SortBy = null
	SortByArrays = null
	SRS = EPSG:3857
	StartIndex = null
	StyleBody = null
	StyleFormat = sld
	Styles = [StyleImpl[ name=style_vec_s2s_vec_bridge_point_53bfffe8]]
	StyleUrl = null
	StyleVersion = null
	Tiled = false
	TilesOrigin = null
	Time = []
	Transparent = true
	ValidateSchema = false
	Version = 1.1.1
	ViewParams = null
	Width = 256
23 Sep 08:57:13 INFO   [geoserver.wms] - 
Request: getServiceInfo
23 Sep 08:57:13 INFO   [geoserver.flow] - Request control-flow performed, running requests: 2, blocked requests: 1
23 Sep 08:57:13 INFO   [geoserver.flow] - Request [WMS 1.1.1 GetMap] starting, processing through flow controllers
23 Sep 08:57:13 INFO   [geoserver.wms] - 
Request: getServiceInfo
23 Sep 08:57:13 INFO   [geoserver.flow] - releasing flow controllers for [WMS 1.1.1 GetMap]
23 Sep 08:57:13 INFO   [geoserver.flow] - Request control-flow performed, running requests: 2, blocked requests: 1
23 Sep 08:57:13 INFO   [geoserver.flow] - Request [WMS 1.1.1 GetMap] starting, processing through flow controllers
23 Sep 08:57:13 INFO   [geoserver.flow] - Request completed, running requests: 1, blocked requests: 2
23 Sep 08:57:13 INFO   [geoserver.wms] - 
Request: getMap
	Angle = 0.0
	BaseUrl = http://localhost:8080/geoserver/
	Bbox = SRSEnvelope[1.0879740857998848E7 : 1.0918876616480859E7, 1604566.0977624203 : 1643701.8562444302]
	BgColor = java.awt.Color[r=255,g=255,b=255]
	Buffer = 0
	Clip = null
	CQLFilter = null
	Crs = PROJCS["WGS 84 / Pseudo-Mercator", 
  GEOGCS["WGS 84", 
    DATUM["World Geodetic System 1984", 
      SPHEROID["WGS 84", 6378137.0, 298.257223563, AUTHORITY["EPSG","7030"]], 
      AUTHORITY["EPSG","6326"]], 
    PRIMEM["Greenwich", 0.0, AUTHORITY["EPSG","8901"]], 
    UNIT["degree", 0.017453292519943295], 
    AXIS["Geodetic longitude", EAST], 
    AXIS["Geodetic latitude", NORTH], 
    AUTHORITY["EPSG","4326"]], 
  PROJECTION["Popular Visualisation Pseudo Mercator", AUTHORITY["EPSG","1024"]], 
  PARAMETER["semi_minor", 6378137.0], 
  PARAMETER["latitude_of_origin", 0.0], 
  PARAMETER["central_meridian", 0.0], 
  PARAMETER["scale_factor", 1.0], 
  PARAMETER["false_easting", 0.0], 
  PARAMETER["false_northing", 0.0], 
  UNIT["m", 1.0], 
  AXIS["Easting", EAST], 
  AXIS["Northing", NORTH], 
  AUTHORITY["EPSG","3857"]]
	Elevation = []
	Env = {}
	Exceptions = SE_XML
	FeatureId = null
	FeatureVersion = null
	Filter = null
	Format = image/png
	FormatOptions = {}
	Get = true
	Height = 256
	Interpolations = []
	Layers = [org.geoserver.wms.MapLayerInfo@3ed672f7[description=<null>,label=Bridge point,layerFeatureConstraints=<null>,layerGroupMetadata={},layerInfo=SecuredLayerInfo[LayerInfoImpl[vec_s2s_vec_bridge_point_53bfffe8, resource:FeatureTypeInfoImpl[vec_s2s_vec_bridge_point_53bfffe8]]],name=vec_s2s_vec_bridge_point_53bfffe8,remoteFeatureSource=<null>,style=<null>,type=0]]
	MaxFeatures = null
	Palette = null
	RawKvp = {REQUEST=GetMap, FORMAT=image/png, _T=undefined, SRS=EPSG:3857, BBOX=10879740.857998848,1604566.0977624203,10918876.616480859,1643701.8562444302, VERSION=1.1.1, STYLES=, SERVICE=WMS, WIDTH=256, HEIGHT=256, TRANSPARENT=true, LAYERS=ws_30cad3c4:vec_s2s_vec_bridge_point_53bfffe8}
	RemoteOwsType = null
	RemoteOwsURL = null
	Request = GetMap
	RequestCharset = UTF-8
	ScaleMethod = null
	Sld = null
	SldBody = null
	SldVersion = null
	SortBy = null
	SortByArrays = null
	SRS = EPSG:3857
	StartIndex = null
	StyleBody = null
	StyleFormat = sld
	Styles = [StyleImpl[ name=style_vec_s2s_vec_bridge_point_53bfffe8]]
	StyleUrl = null
	StyleVersion = null
	Tiled = false
	TilesOrigin = null
	Time = []
	Transparent = true
	ValidateSchema = false
	Version = 1.1.1
	ViewParams = null
	Width = 256
23 Sep 08:57:13 INFO   [geoserver.wms] - 
Request: getMap
	Angle = 0.0
	BaseUrl = http://localhost:8080/geoserver/
	Bbox = SRSEnvelope[1.0879740857998848E7 : 1.0918876616480859E7, 1448023.0638343797 : 1487158.8223163905]
	BgColor = java.awt.Color[r=255,g=255,b=255]
	Buffer = 0
	Clip = null
	CQLFilter = null
	Crs = PROJCS["WGS 84 / Pseudo-Mercator", 
  GEOGCS["WGS 84", 
    DATUM["World Geodetic System 1984", 
      SPHEROID["WGS 84", 6378137.0, 298.257223563, AUTHORITY["EPSG","7030"]], 
      AUTHORITY["EPSG","6326"]], 
    PRIMEM["Greenwich", 0.0, AUTHORITY["EPSG","8901"]], 
    UNIT["degree", 0.017453292519943295], 
    AXIS["Geodetic longitude", EAST], 
    AXIS["Geodetic latitude", NORTH], 
    AUTHORITY["EPSG","4326"]], 
  PROJECTION["Popular Visualisation Pseudo Mercator", AUTHORITY["EPSG","1024"]], 
  PARAMETER["semi_minor", 6378137.0], 
  PARAMETER["latitude_of_origin", 0.0], 
  PARAMETER["central_meridian", 0.0], 
  PARAMETER["scale_factor", 1.0], 
  PARAMETER["false_easting", 0.0], 
  PARAMETER["false_northing", 0.0], 
  UNIT["m", 1.0], 
  AXIS["Easting", EAST], 
  AXIS["Northing", NORTH], 
  AUTHORITY["EPSG","3857"]]
	Elevation = []
	Env = {}
	Exceptions = SE_XML
	FeatureId = null
	FeatureVersion = null
	Filter = null
	Format = image/png
	FormatOptions = {}
	Get = true
	Height = 256
	Interpolations = []
	Layers = [org.geoserver.wms.MapLayerInfo@165135cd[description=<null>,label=Bridge point,layerFeatureConstraints=<null>,layerGroupMetadata={},layerInfo=SecuredLayerInfo[LayerInfoImpl[vec_s2s_vec_bridge_point_53bfffe8, resource:FeatureTypeInfoImpl[vec_s2s_vec_bridge_point_53bfffe8]]],name=vec_s2s_vec_bridge_point_53bfffe8,remoteFeatureSource=<null>,style=<null>,type=0]]
	MaxFeatures = null
	Palette = null
	RawKvp = {REQUEST=GetMap, FORMAT=image/png, _T=undefined, SRS=EPSG:3857, BBOX=10879740.857998848,1448023.0638343797,10918876.616480859,1487158.8223163905, VERSION=1.1.1, STYLES=, SERVICE=WMS, WIDTH=256, HEIGHT=256, TRANSPARENT=true, LAYERS=ws_30cad3c4:vec_s2s_vec_bridge_point_53bfffe8}
	RemoteOwsType = null
	RemoteOwsURL = null
	Request = GetMap
	RequestCharset = UTF-8
	ScaleMethod = null
	Sld = null
	SldBody = null
	SldVersion = null
	SortBy = null
	SortByArrays = null
	SRS = EPSG:3857
	StartIndex = null
	StyleBody = null
	StyleFormat = sld
	Styles = [StyleImpl[ name=style_vec_s2s_vec_bridge_point_53bfffe8]]
	StyleUrl = null
	StyleVersion = null
	Tiled = false
	TilesOrigin = null
	Time = []
	Transparent = true
	ValidateSchema = false
	Version = 1.1.1
	ViewParams = null
	Width = 256
23 Sep 08:57:13 INFO   [geoserver.flow] - Request [WMS 1.1.1 GetMap] starting, processing through flow controllers
23 Sep 08:57:13 INFO   [geoserver.flow] - Request control-flow performed, running requests: 3, blocked requests: 1
23 Sep 08:57:13 INFO   [geoserver.flow] - Request completed, running requests: 2, blocked requests: 2
23 Sep 08:57:13 INFO   [geoserver.flow] - Request control-flow performed, running requests: 2, blocked requests: 0
23 Sep 08:57:13 INFO   [geoserver.wms] - 
Request: getServiceInfo
23 Sep 08:57:13 INFO   [geoserver.flow] - releasing flow controllers for [WMS 1.1.1 GetMap]
23 Sep 08:57:13 INFO   [geoserver.flow] - Request completed, running requests: 2, blocked requests: 1
23 Sep 08:57:13 INFO   [geoserver.wms] - 
Request: getMap
	Angle = 0.0
	BaseUrl = http://localhost:8080/geoserver/
	Bbox = SRSEnvelope[1.0918876616480859E7 : 1.095801237496287E7, 1526294.580798401 : 1565430.33928041]
	BgColor = java.awt.Color[r=255,g=255,b=255]
	Buffer = 0
	Clip = null
	CQLFilter = null
	Crs = PROJCS["WGS 84 / Pseudo-Mercator", 
  GEOGCS["WGS 84", 
    DATUM["World Geodetic System 1984", 
      SPHEROID["WGS 84", 6378137.0, 298.257223563, AUTHORITY["EPSG","7030"]], 
      AUTHORITY["EPSG","6326"]], 
    PRIMEM["Greenwich", 0.0, AUTHORITY["EPSG","8901"]], 
    UNIT["degree", 0.017453292519943295], 
    AXIS["Geodetic longitude", EAST], 
    AXIS["Geodetic latitude", NORTH], 
    AUTHORITY["EPSG","4326"]], 
  PROJECTION["Popular Visualisation Pseudo Mercator", AUTHORITY["EPSG","1024"]], 
  PARAMETER["semi_minor", 6378137.0], 
  PARAMETER["latitude_of_origin", 0.0], 
  PARAMETER["central_meridian", 0.0], 
  PARAMETER["scale_factor", 1.0], 
  PARAMETER["false_easting", 0.0], 
  PARAMETER["false_northing", 0.0], 
  UNIT["m", 1.0], 
  AXIS["Easting", EAST], 
  AXIS["Northing", NORTH], 
  AUTHORITY["EPSG","3857"]]
	Elevation = []
	Env = {}
	Exceptions = SE_XML
	FeatureId = null
	FeatureVersion = null
	Filter = null
	Format = image/png
	FormatOptions = {}
	Get = true
	Height = 256
	Interpolations = []
	Layers = [org.geoserver.wms.MapLayerInfo@6a725e0d[description=<null>,label=Agriculture area poly,layerFeatureConstraints=<null>,layerGroupMetadata={},layerInfo=SecuredLayerInfo[LayerInfoImpl[vec_s2s_vec_agriculture_area_pol_e832f923, resource:FeatureTypeInfoImpl[vec_s2s_vec_agriculture_area_pol_e832f923]]],name=vec_s2s_vec_agriculture_area_pol_e832f923,remoteFeatureSource=<null>,style=<null>,type=0]]
	MaxFeatures = null
	Palette = null
	RawKvp = {REQUEST=GetMap, FORMAT=image/png, _T=undefined, SRS=EPSG:3857, BBOX=10918876.616480859,1526294.580798401,10958012.37496287,1565430.33928041, VERSION=1.1.1, STYLES=, SERVICE=WMS, WIDTH=256, HEIGHT=256, TRANSPARENT=true, LAYERS=ws_30cad3c4:vec_s2s_vec_agriculture_area_pol_e832f923}
	RemoteOwsType = null
	RemoteOwsURL = null
	Request = GetMap
	RequestCharset = UTF-8
	ScaleMethod = null
	Sld = null
	SldBody = null
	SldVersion = null
	SortBy = null
	SortByArrays = null
	SRS = EPSG:3857
	StartIndex = null
	StyleBody = null
	StyleFormat = sld
	Styles = [StyleImpl[ name=style_vec_s2s_vec_agriculture_area_pol_e832f923]]
	StyleUrl = null
	StyleVersion = null
	Tiled = false
	TilesOrigin = null
	Time = []
	Transparent = true
	ValidateSchema = false
	Version = 1.1.1
	ViewParams = null
	Width = 256
23 Sep 08:57:13 INFO   [geoserver.flow] - Request [WMS 1.1.1 GetMap] starting, processing through flow controllers
23 Sep 08:57:13 INFO   [geoserver.flow] - Request control-flow performed, running requests: 1, blocked requests: 0
23 Sep 08:57:13 INFO   [geoserver.wms] - 
Request: getMap
	Angle = 0.0
	BaseUrl = http://localhost:8080/geoserver/
	Bbox = SRSEnvelope[1.0918876616480859E7 : 1.095801237496287E7, 1565430.33928041 : 1604566.0977624203]
	BgColor = java.awt.Color[r=255,g=255,b=255]
	Buffer = 0
	Clip = null
	CQLFilter = null
	Crs = PROJCS["WGS 84 / Pseudo-Mercator", 
  GEOGCS["WGS 84", 
    DATUM["World Geodetic System 1984", 
      SPHEROID["WGS 84", 6378137.0, 298.257223563, AUTHORITY["EPSG","7030"]], 
      AUTHORITY["EPSG","6326"]], 
    PRIMEM["Greenwich", 0.0, AUTHORITY["EPSG","8901"]], 
    UNIT["degree", 0.017453292519943295], 
    AXIS["Geodetic longitude", EAST], 
    AXIS["Geodetic latitude", NORTH], 
    AUTHORITY["EPSG","4326"]], 
  PROJECTION["Popular Visualisation Pseudo Mercator", AUTHORITY["EPSG","1024"]], 
  PARAMETER["semi_minor", 6378137.0], 
  PARAMETER["latitude_of_origin", 0.0], 
  PARAMETER["central_meridian", 0.0], 
  PARAMETER["scale_factor", 1.0], 
  PARAMETER["false_easting", 0.0], 
  PARAMETER["false_northing", 0.0], 
  UNIT["m", 1.0], 
  AXIS["Easting", EAST], 
  AXIS["Northing", NORTH], 
  AUTHORITY["EPSG","3857"]]
	Elevation = []
	Env = {}
	Exceptions = SE_XML
	FeatureId = null
	FeatureVersion = null
	Filter = null
	Format = image/png
	FormatOptions = {}
	Get = true
	Height = 256
	Interpolations = []
	Layers = [org.geoserver.wms.MapLayerInfo@14fd8f4b[description=<null>,label=Agriculture area poly,layerFeatureConstraints=<null>,layerGroupMetadata={},layerInfo=SecuredLayerInfo[LayerInfoImpl[vec_s2s_vec_agriculture_area_pol_e832f923, resource:FeatureTypeInfoImpl[vec_s2s_vec_agriculture_area_pol_e832f923]]],name=vec_s2s_vec_agriculture_area_pol_e832f923,remoteFeatureSource=<null>,style=<null>,type=0]]
	MaxFeatures = null
	Palette = null
	RawKvp = {REQUEST=GetMap, FORMAT=image/png, _T=undefined, SRS=EPSG:3857, BBOX=10918876.616480859,1565430.33928041,10958012.37496287,1604566.0977624203, VERSION=1.1.1, STYLES=, SERVICE=WMS, WIDTH=256, HEIGHT=256, TRANSPARENT=true, LAYERS=ws_30cad3c4:vec_s2s_vec_agriculture_area_pol_e832f923}
	RemoteOwsType = null
	RemoteOwsURL = null
	Request = GetMap
	RequestCharset = UTF-8
	ScaleMethod = null
	Sld = null
	SldBody = null
	SldVersion = null
	SortBy = null
	SortByArrays = null
	SRS = EPSG:3857
	StartIndex = null
	StyleBody = null
	StyleFormat = sld
	Styles = [StyleImpl[ name=style_vec_s2s_vec_agriculture_area_pol_e832f923]]
	StyleUrl = null
	StyleVersion = null
	Tiled = false
	TilesOrigin = null
	Time = []
	Transparent = true
	ValidateSchema = false
	Version = 1.1.1
	ViewParams = null
	Width = 256
23 Sep 08:57:13 INFO   [geoserver.flow] - releasing flow controllers for [WMS 1.1.1 GetMap]
23 Sep 08:57:13 INFO   [geoserver.flow] - Request completed, running requests: 1, blocked requests: 0
23 Sep 08:57:13 INFO   [geoserver.flow] - releasing flow controllers for [WMS 1.1.1 GetMap]
23 Sep 08:57:13 INFO   [geoserver.flow] - Request completed, running requests: 0, blocked requests: 0
23 Sep 08:57:13 INFO   [geoserver.flow] - releasing flow controllers for [WMS 1.1.1 GetMap]
23 Sep 08:57:13 INFO   [geoserver.wms] - 
Request: getServiceInfo
23 Sep 08:57:13 INFO   [geoserver.wms] - 
Request: getServiceInfo
23 Sep 08:57:13 INFO   [geoserver.wms] - 
Request: getServiceInfo
23 Sep 08:57:13 INFO   [geoserver.flow] - Request [WMS 1.1.1 GetMap] starting, processing through flow controllers
23 Sep 08:57:13 INFO   [geoserver.flow] - releasing flow controllers for [WMS 1.1.1 GetMap]
23 Sep 08:57:13 INFO   [geoserver.flow] - Request completed, running requests: 0, blocked requests: 2
23 Sep 08:57:13 INFO   [geoserver.flow] - Request control-flow performed, running requests: 0, blocked requests: 2
23 Sep 08:57:13 INFO   [geoserver.flow] - Request [WMS 1.1.1 GetMap] starting, processing through flow controllers
23 Sep 08:57:13 INFO   [geoserver.flow] - Request control-flow performed, running requests: 0, blocked requests: 1
23 Sep 08:57:13 INFO   [geoserver.flow] - Request [WMS 1.1.1 GetMap] starting, processing through flow controllers
23 Sep 08:57:13 INFO   [geoserver.flow] - releasing flow controllers for [WMS 1.1.1 GetMap]
23 Sep 08:57:13 INFO   [geoserver.flow] - Request completed, running requests: 0, blocked requests: 0
23 Sep 08:57:13 INFO   [geoserver.flow] - releasing flow controllers for [WMS 1.1.1 GetMap]
23 Sep 08:57:13 INFO   [geoserver.wms] - 
Request: getServiceInfo
23 Sep 08:57:13 INFO   [geoserver.flow] - Request control-flow performed, running requests: 0, blocked requests: 0
23 Sep 08:57:13 INFO   [geoserver.flow] - Request completed, running requests: 0, blocked requests: 1
23 Sep 08:57:13 INFO   [geoserver.flow] - Request completed, running requests: 0, blocked requests: 0
23 Sep 08:57:13 INFO   [geoserver.flow] - Request [WMS 1.1.1 GetMap] starting, processing through flow controllers
23 Sep 08:57:13 INFO   [geoserver.flow] - releasing flow controllers for [WMS 1.1.1 GetMap]
23 Sep 08:57:13 INFO   [geoserver.wms] - 
Request: getServiceInfo
23 Sep 08:57:13 INFO   [geoserver.flow] - Request control-flow performed, running requests: 0, blocked requests: 0
23 Sep 08:57:13 INFO   [geoserver.flow] - releasing flow controllers for [WMS 1.1.1 GetMap]
23 Sep 08:57:13 INFO   [geoserver.flow] - Request completed, running requests: 0, blocked requests: 1
23 Sep 08:57:13 INFO   [geoserver.flow] - Request completed, running requests: 0, blocked requests: 0
23 Sep 08:57:13 INFO   [geoserver.wms] - 
Request: getServiceInfo
23 Sep 08:57:13 INFO   [geoserver.wms] - 
Request: getServiceInfo
23 Sep 08:57:13 INFO   [geoserver.flow] - Request [WMS 1.1.1 GetMap] starting, processing through flow controllers
23 Sep 08:57:13 INFO   [geoserver.wms] - 
Request: getServiceInfo
23 Sep 08:57:13 INFO   [geoserver.flow] - Request [WMS 1.1.1 GetMap] starting, processing through flow controllers
23 Sep 08:57:13 INFO   [geoserver.flow] - Request control-flow performed, running requests: 0, blocked requests: 2
23 Sep 08:57:13 INFO   [geoserver.wms] - 
Request: getServiceInfo
23 Sep 08:57:13 INFO   [geoserver.flow] - Request [WMS 1.1.1 GetMap] starting, processing through flow controllers
23 Sep 08:57:13 INFO   [geoserver.flow] - Request [WMS 1.1.1 GetMap] starting, processing through flow controllers
23 Sep 08:57:13 INFO   [geoserver.wms] - 
Request: getServiceInfo
23 Sep 08:57:13 INFO   [geoserver.flow] - Request control-flow performed, running requests: 1, blocked requests: 2
23 Sep 08:57:13 INFO   [geoserver.flow] - Request [WMS 1.1.1 GetMap] starting, processing through flow controllers
23 Sep 08:57:13 INFO   [geoserver.flow] - Request control-flow performed, running requests: 0, blocked requests: 2
23 Sep 08:57:13 INFO   [geoserver.flow] - releasing flow controllers for [WMS 1.1.1 GetMap]
23 Sep 08:57:13 INFO   [geoserver.flow] - Request completed, running requests: 2, blocked requests: 1
23 Sep 08:57:13 INFO   [geoserver.flow] - Request [WMS 1.1.1 GetMap] starting, processing through flow controllers
23 Sep 08:57:13 INFO   [geoserver.flow] - Request control-flow performed, running requests: 2, blocked requests: 1
23 Sep 08:57:13 INFO   [geoserver.flow] - Request control-flow performed, running requests: 2, blocked requests: 1
23 Sep 08:57:13 INFO   [geoserver.flow] - releasing flow controllers for [WMS 1.1.1 GetMap]
23 Sep 08:57:13 INFO   [geoserver.flow] - Request completed, running requests: 3, blocked requests: 0
23 Sep 08:57:13 INFO   [geoserver.flow] - Request control-flow performed, running requests: 3, blocked requests: 0
23 Sep 08:57:13 INFO   [geoserver.flow] - releasing flow controllers for [WMS 1.1.1 GetMap]
23 Sep 08:57:13 INFO   [geoserver.wms] - 
Request: getServiceInfo
23 Sep 08:57:13 INFO   [geoserver.flow] - Request completed, running requests: 3, blocked requests: 0
23 Sep 08:57:13 INFO   [geoserver.wms] - 
Request: getServiceInfo
23 Sep 08:57:13 INFO   [geoserver.flow] - Request [WMS 1.1.1 GetMap] starting, processing through flow controllers
23 Sep 08:57:13 INFO   [geoserver.flow] - Request control-flow performed, running requests: 4, blocked requests: 1
23 Sep 08:57:13 INFO   [geoserver.wms] - 
Request: getMap
	Angle = 0.0
	BaseUrl = http://localhost:8080/geoserver/
	Bbox = SRSEnvelope[1.0918876616480859E7 : 1.095801237496287E7, 1526294.580798401 : 1565430.33928041]
	BgColor = java.awt.Color[r=255,g=255,b=255]
	Buffer = 0
	Clip = null
	CQLFilter = null
	Crs = PROJCS["WGS 84 / Pseudo-Mercator", 
  GEOGCS["WGS 84", 
    DATUM["World Geodetic System 1984", 
      SPHEROID["WGS 84", 6378137.0, 298.257223563, AUTHORITY["EPSG","7030"]], 
      AUTHORITY["EPSG","6326"]], 
    PRIMEM["Greenwich", 0.0, AUTHORITY["EPSG","8901"]], 
    UNIT["degree", 0.017453292519943295], 
    AXIS["Geodetic longitude", EAST], 
    AXIS["Geodetic latitude", NORTH], 
    AUTHORITY["EPSG","4326"]], 
  PROJECTION["Popular Visualisation Pseudo Mercator", AUTHORITY["EPSG","1024"]], 
  PARAMETER["semi_minor", 6378137.0], 
  PARAMETER["latitude_of_origin", 0.0], 
  PARAMETER["central_meridian", 0.0], 
  PARAMETER["scale_factor", 1.0], 
  PARAMETER["false_easting", 0.0], 
  PARAMETER["false_northing", 0.0], 
  UNIT["m", 1.0], 
  AXIS["Easting", EAST], 
  AXIS["Northing", NORTH], 
  AUTHORITY["EPSG","3857"]]
	Elevation = []
	Env = {}
	Exceptions = SE_XML
	FeatureId = null
	FeatureVersion = null
	Filter = null
	Format = image/png
	FormatOptions = {}
	Get = true
	Height = 256
	Interpolations = []
	Layers = [org.geoserver.wms.MapLayerInfo@41db1dd7[description=<null>,label=s2s_4005f011bc1e435b9e3884882eadb306,layerFeatureConstraints=<null>,layerGroupMetadata={},layerInfo=LayerInfoImpl[s2s_4005f011bc1e435b9e3884882eadb306, resource:CoverageInfoImpl[s2s_4005f011bc1e435b9e3884882eadb306]],name=ws_8df405bf:s2s_4005f011bc1e435b9e3884882eadb306,remoteFeatureSource=<null>,style=<null>,type=1]]
	MaxFeatures = null
	Palette = null
	RawKvp = {REQUEST=GetMap, FORMAT=image/png, _T=undefined, SRS=EPSG:3857, BBOX=10918876.616480859,1526294.580798401,10958012.37496287,1565430.33928041, VERSION=1.1.1, STYLES=, SERVICE=WMS, WIDTH=256, HEIGHT=256, TRANSPARENT=true, LAYERS=ws_8df405bf:s2s_4005f011bc1e435b9e3884882eadb306}
	RemoteOwsType = null
	RemoteOwsURL = null
	Request = GetMap
	RequestCharset = UTF-8
	ScaleMethod = null
	Sld = null
	SldBody = null
	SldVersion = null
	SortBy = null
	SortByArrays = null
	SRS = EPSG:3857
	StartIndex = null
	StyleBody = null
	StyleFormat = sld
	Styles = [StyleImpl[ name=style_s2s_4005f011bc1e435b9e3884882eadb306]]
	StyleUrl = null
	StyleVersion = null
	Tiled = false
	TilesOrigin = null
	Time = []
	Transparent = true
	ValidateSchema = false
	Version = 1.1.1
	ViewParams = null
	Width = 256
23 Sep 08:57:13 INFO   [geoserver.wms] - 
Request: getMap
	Angle = 0.0
	BaseUrl = http://localhost:8080/geoserver/
	Bbox = SRSEnvelope[1.0918876616480859E7 : 1.095801237496287E7, 1487158.8223163905 : 1526294.580798401]
	BgColor = java.awt.Color[r=255,g=255,b=255]
	Buffer = 0
	Clip = null
	CQLFilter = null
	Crs = PROJCS["WGS 84 / Pseudo-Mercator", 
  GEOGCS["WGS 84", 
    DATUM["World Geodetic System 1984", 
      SPHEROID["WGS 84", 6378137.0, 298.257223563, AUTHORITY["EPSG","7030"]], 
      AUTHORITY["EPSG","6326"]], 
    PRIMEM["Greenwich", 0.0, AUTHORITY["EPSG","8901"]], 
    UNIT["degree", 0.017453292519943295], 
    AXIS["Geodetic longitude", EAST], 
    AXIS["Geodetic latitude", NORTH], 
    AUTHORITY["EPSG","4326"]], 
  PROJECTION["Popular Visualisation Pseudo Mercator", AUTHORITY["EPSG","1024"]], 
  PARAMETER["semi_minor", 6378137.0], 
  PARAMETER["latitude_of_origin", 0.0], 
  PARAMETER["central_meridian", 0.0], 
  PARAMETER["scale_factor", 1.0], 
  PARAMETER["false_easting", 0.0], 
  PARAMETER["false_northing", 0.0], 
  UNIT["m", 1.0], 
  AXIS["Easting", EAST], 
  AXIS["Northing", NORTH], 
  AUTHORITY["EPSG","3857"]]
	Elevation = []
	Env = {}
	Exceptions = SE_XML
	FeatureId = null
	FeatureVersion = null
	Filter = null
	Format = image/png
	FormatOptions = {}
	Get = true
	Height = 256
	Interpolations = []
	Layers = [org.geoserver.wms.MapLayerInfo@1acc0679[description=<null>,label=s2s_4005f011bc1e435b9e3884882eadb306,layerFeatureConstraints=<null>,layerGroupMetadata={},layerInfo=LayerInfoImpl[s2s_4005f011bc1e435b9e3884882eadb306, resource:CoverageInfoImpl[s2s_4005f011bc1e435b9e3884882eadb306]],name=ws_8df405bf:s2s_4005f011bc1e435b9e3884882eadb306,remoteFeatureSource=<null>,style=<null>,type=1]]
	MaxFeatures = null
	Palette = null
	RawKvp = {REQUEST=GetMap, FORMAT=image/png, _T=undefined, SRS=EPSG:3857, BBOX=10918876.616480859,1487158.8223163905,10958012.37496287,1526294.580798401, VERSION=1.1.1, STYLES=, SERVICE=WMS, WIDTH=256, HEIGHT=256, TRANSPARENT=true, LAYERS=ws_8df405bf:s2s_4005f011bc1e435b9e3884882eadb306}
	RemoteOwsType = null
	RemoteOwsURL = null
	Request = GetMap
	RequestCharset = UTF-8
	ScaleMethod = null
	Sld = null
	SldBody = null
	SldVersion = null
	SortBy = null
	SortByArrays = null
	SRS = EPSG:3857
	StartIndex = null
	StyleBody = null
	StyleFormat = sld
	Styles = [StyleImpl[ name=style_s2s_4005f011bc1e435b9e3884882eadb306]]
	StyleUrl = null
	StyleVersion = null
	Tiled = false
	TilesOrigin = null
	Time = []
	Transparent = true
	ValidateSchema = false
	Version = 1.1.1
	ViewParams = null
	Width = 256
23 Sep 08:57:13 INFO   [geoserver.flow] - Request [WMS 1.1.1 GetMap] starting, processing through flow controllers
23 Sep 08:57:13 INFO   [geoserver.flow] - Request control-flow performed, running requests: 5, blocked requests: 0
23 Sep 08:57:13 INFO   [geoserver.wms] - 
Request: getServiceInfo
23 Sep 08:57:13 INFO   [geoserver.wms] - 
Request: getMap
	Angle = 0.0
	BaseUrl = http://localhost:8080/geoserver/
	Bbox = SRSEnvelope[1.0918876616480859E7 : 1.095801237496287E7, 1565430.33928041 : 1604566.0977624203]
	BgColor = java.awt.Color[r=255,g=255,b=255]
	Buffer = 0
	Clip = null
	CQLFilter = null
	Crs = PROJCS["WGS 84 / Pseudo-Mercator", 
  GEOGCS["WGS 84", 
    DATUM["World Geodetic System 1984", 
      SPHEROID["WGS 84", 6378137.0, 298.257223563, AUTHORITY["EPSG","7030"]], 
      AUTHORITY["EPSG","6326"]], 
    PRIMEM["Greenwich", 0.0, AUTHORITY["EPSG","8901"]], 
    UNIT["degree", 0.017453292519943295], 
    AXIS["Geodetic longitude", EAST], 
    AXIS["Geodetic latitude", NORTH], 
    AUTHORITY["EPSG","4326"]], 
  PROJECTION["Popular Visualisation Pseudo Mercator", AUTHORITY["EPSG","1024"]], 
  PARAMETER["semi_minor", 6378137.0], 
  PARAMETER["latitude_of_origin", 0.0], 
  PARAMETER["central_meridian", 0.0], 
  PARAMETER["scale_factor", 1.0], 
  PARAMETER["false_easting", 0.0], 
  PARAMETER["false_northing", 0.0], 
  UNIT["m", 1.0], 
  AXIS["Easting", EAST], 
  AXIS["Northing", NORTH], 
  AUTHORITY["EPSG","3857"]]
	Elevation = []
	Env = {}
	Exceptions = SE_XML
	FeatureId = null
	FeatureVersion = null
	Filter = null
	Format = image/png
	FormatOptions = {}
	Get = true
	Height = 256
	Interpolations = []
	Layers = [org.geoserver.wms.MapLayerInfo@735df9e9[description=<null>,label=s2s_4005f011bc1e435b9e3884882eadb306,layerFeatureConstraints=<null>,layerGroupMetadata={},layerInfo=LayerInfoImpl[s2s_4005f011bc1e435b9e3884882eadb306, resource:CoverageInfoImpl[s2s_4005f011bc1e435b9e3884882eadb306]],name=ws_8df405bf:s2s_4005f011bc1e435b9e3884882eadb306,remoteFeatureSource=<null>,style=<null>,type=1]]
	MaxFeatures = null
	Palette = null
	RawKvp = {REQUEST=GetMap, FORMAT=image/png, _T=undefined, SRS=EPSG:3857, BBOX=10918876.616480859,1565430.33928041,10958012.37496287,1604566.0977624203, VERSION=1.1.1, STYLES=, SERVICE=WMS, WIDTH=256, HEIGHT=256, TRANSPARENT=true, LAYERS=ws_8df405bf:s2s_4005f011bc1e435b9e3884882eadb306}
	RemoteOwsType = null
	RemoteOwsURL = null
	Request = GetMap
	RequestCharset = UTF-8
	ScaleMethod = null
	Sld = null
	SldBody = null
	SldVersion = null
	SortBy = null
	SortByArrays = null
	SRS = EPSG:3857
	StartIndex = null
	StyleBody = null
	StyleFormat = sld
	Styles = [StyleImpl[ name=style_s2s_4005f011bc1e435b9e3884882eadb306]]
	StyleUrl = null
	StyleVersion = null
	Tiled = false
	TilesOrigin = null
	Time = []
	Transparent = true
	ValidateSchema = false
	Version = 1.1.1
	ViewParams = null
	Width = 256
23 Sep 08:57:13 INFO   [geoserver.flow] - releasing flow controllers for [WMS 1.1.1 GetMap]
23 Sep 08:57:13 INFO   [geoserver.flow] - Request [WMS 1.1.1 GetMap] starting, processing through flow controllers
23 Sep 08:57:13 INFO   [geoserver.flow] - Request control-flow performed, running requests: 4, blocked requests: 0
23 Sep 08:57:13 INFO   [geoserver.flow] - releasing flow controllers for [WMS 1.1.1 GetMap]
23 Sep 08:57:13 INFO   [geoserver.flow] - Request completed, running requests: 3, blocked requests: 0
23 Sep 08:57:13 INFO   [geoserver.wms] - 
Request: getMap
	Angle = 0.0
	BaseUrl = http://localhost:8080/geoserver/
	Bbox = SRSEnvelope[1.0918876616480859E7 : 1.095801237496287E7, 1448023.0638343797 : 1487158.8223163905]
	BgColor = java.awt.Color[r=255,g=255,b=255]
	Buffer = 0
	Clip = null
	CQLFilter = null
	Crs = PROJCS["WGS 84 / Pseudo-Mercator", 
  GEOGCS["WGS 84", 
    DATUM["World Geodetic System 1984", 
      SPHEROID["WGS 84", 6378137.0, 298.257223563, AUTHORITY["EPSG","7030"]], 
      AUTHORITY["EPSG","6326"]], 
    PRIMEM["Greenwich", 0.0, AUTHORITY["EPSG","8901"]], 
    UNIT["degree", 0.017453292519943295], 
    AXIS["Geodetic longitude", EAST], 
    AXIS["Geodetic latitude", NORTH], 
    AUTHORITY["EPSG","4326"]], 
  PROJECTION["Popular Visualisation Pseudo Mercator", AUTHORITY["EPSG","1024"]], 
  PARAMETER["semi_minor", 6378137.0], 
  PARAMETER["latitude_of_origin", 0.0], 
  PARAMETER["central_meridian", 0.0], 
  PARAMETER["scale_factor", 1.0], 
  PARAMETER["false_easting", 0.0], 
  PARAMETER["false_northing", 0.0], 
  UNIT["m", 1.0], 
  AXIS["Easting", EAST], 
  AXIS["Northing", NORTH], 
  AUTHORITY["EPSG","3857"]]
	Elevation = []
	Env = {}
	Exceptions = SE_XML
	FeatureId = null
	FeatureVersion = null
	Filter = null
	Format = image/png
	FormatOptions = {}
	Get = true
	Height = 256
	Interpolations = []
	Layers = [org.geoserver.wms.MapLayerInfo@20dfa8df[description=<null>,label=s2s_4005f011bc1e435b9e3884882eadb306,layerFeatureConstraints=<null>,layerGroupMetadata={},layerInfo=LayerInfoImpl[s2s_4005f011bc1e435b9e3884882eadb306, resource:CoverageInfoImpl[s2s_4005f011bc1e435b9e3884882eadb306]],name=ws_8df405bf:s2s_4005f011bc1e435b9e3884882eadb306,remoteFeatureSource=<null>,style=<null>,type=1]]
	MaxFeatures = null
	Palette = null
	RawKvp = {REQUEST=GetMap, FORMAT=image/png, _T=undefined, SRS=EPSG:3857, BBOX=10918876.616480859,1448023.0638343797,10958012.37496287,1487158.8223163905, VERSION=1.1.1, STYLES=, SERVICE=WMS, WIDTH=256, HEIGHT=256, TRANSPARENT=true, LAYERS=ws_8df405bf:s2s_4005f011bc1e435b9e3884882eadb306}
	RemoteOwsType = null
	RemoteOwsURL = null
	Request = GetMap
	RequestCharset = UTF-8
	ScaleMethod = null
	Sld = null
	SldBody = null
	SldVersion = null
	SortBy = null
	SortByArrays = null
	SRS = EPSG:3857
	StartIndex = null
	StyleBody = null
	StyleFormat = sld
	Styles = [StyleImpl[ name=style_s2s_4005f011bc1e435b9e3884882eadb306]]
	StyleUrl = null
	StyleVersion = null
	Tiled = false
	TilesOrigin = null
	Time = []
	Transparent = true
	ValidateSchema = false
	Version = 1.1.1
	ViewParams = null
	Width = 256
23 Sep 08:57:13 INFO   [geoserver.wms] - 
Request: getMap
	Angle = 0.0
	BaseUrl = http://localhost:8080/geoserver/
	Bbox = SRSEnvelope[1.0918876616480859E7 : 1.095801237496287E7, 1604566.0977624203 : 1643701.8562444302]
	BgColor = java.awt.Color[r=255,g=255,b=255]
	Buffer = 0
	Clip = null
	CQLFilter = null
	Crs = PROJCS["WGS 84 / Pseudo-Mercator", 
  GEOGCS["WGS 84", 
    DATUM["World Geodetic System 1984", 
      SPHEROID["WGS 84", 6378137.0, 298.257223563, AUTHORITY["EPSG","7030"]], 
      AUTHORITY["EPSG","6326"]], 
    PRIMEM["Greenwich", 0.0, AUTHORITY["EPSG","8901"]], 
    UNIT["degree", 0.017453292519943295], 
    AXIS["Geodetic longitude", EAST], 
    AXIS["Geodetic latitude", NORTH], 
    AUTHORITY["EPSG","4326"]], 
  PROJECTION["Popular Visualisation Pseudo Mercator", AUTHORITY["EPSG","1024"]], 
  PARAMETER["semi_minor", 6378137.0], 
  PARAMETER["latitude_of_origin", 0.0], 
  PARAMETER["central_meridian", 0.0], 
  PARAMETER["scale_factor", 1.0], 
  PARAMETER["false_easting", 0.0], 
  PARAMETER["false_northing", 0.0], 
  UNIT["m", 1.0], 
  AXIS["Easting", EAST], 
  AXIS["Northing", NORTH], 
  AUTHORITY["EPSG","3857"]]
	Elevation = []
	Env = {}
	Exceptions = SE_XML
	FeatureId = null
	FeatureVersion = null
	Filter = null
	Format = image/png
	FormatOptions = {}
	Get = true
	Height = 256
	Interpolations = []
	Layers = [org.geoserver.wms.MapLayerInfo@727fd82[description=<null>,label=s2s_4005f011bc1e435b9e3884882eadb306,layerFeatureConstraints=<null>,layerGroupMetadata={},layerInfo=LayerInfoImpl[s2s_4005f011bc1e435b9e3884882eadb306, resource:CoverageInfoImpl[s2s_4005f011bc1e435b9e3884882eadb306]],name=ws_8df405bf:s2s_4005f011bc1e435b9e3884882eadb306,remoteFeatureSource=<null>,style=<null>,type=1]]
	MaxFeatures = null
	Palette = null
	RawKvp = {REQUEST=GetMap, FORMAT=image/png, _T=undefined, SRS=EPSG:3857, BBOX=10918876.616480859,1604566.0977624203,10958012.37496287,1643701.8562444302, VERSION=1.1.1, STYLES=, SERVICE=WMS, WIDTH=256, HEIGHT=256, TRANSPARENT=true, LAYERS=ws_8df405bf:s2s_4005f011bc1e435b9e3884882eadb306}
	RemoteOwsType = null
	RemoteOwsURL = null
	Request = GetMap
	RequestCharset = UTF-8
	ScaleMethod = null
	Sld = null
	SldBody = null
	SldVersion = null
	SortBy = null
	SortByArrays = null
	SRS = EPSG:3857
	StartIndex = null
	StyleBody = null
	StyleFormat = sld
	Styles = [StyleImpl[ name=style_s2s_4005f011bc1e435b9e3884882eadb306]]
	StyleUrl = null
	StyleVersion = null
	Tiled = false
	TilesOrigin = null
	Time = []
	Transparent = true
	ValidateSchema = false
	Version = 1.1.1
	ViewParams = null
	Width = 256
23 Sep 08:57:13 INFO   [geoserver.flow] - releasing flow controllers for [WMS 1.1.1 GetMap]
23 Sep 08:57:13 INFO   [geoserver.flow] - Request completed, running requests: 3, blocked requests: 1
23 Sep 08:57:13 INFO   [geoserver.wms] - 
Request: getMap
	Angle = 0.0
	BaseUrl = http://localhost:8080/geoserver/
	Bbox = SRSEnvelope[1.0879740857998848E7 : 1.0918876616480859E7, 1526294.580798401 : 1565430.33928041]
	BgColor = java.awt.Color[r=255,g=255,b=255]
	Buffer = 0
	Clip = null
	CQLFilter = null
	Crs = PROJCS["WGS 84 / Pseudo-Mercator", 
  GEOGCS["WGS 84", 
    DATUM["World Geodetic System 1984", 
      SPHEROID["WGS 84", 6378137.0, 298.257223563, AUTHORITY["EPSG","7030"]], 
      AUTHORITY["EPSG","6326"]], 
    PRIMEM["Greenwich", 0.0, AUTHORITY["EPSG","8901"]], 
    UNIT["degree", 0.017453292519943295], 
    AXIS["Geodetic longitude", EAST], 
    AXIS["Geodetic latitude", NORTH], 
    AUTHORITY["EPSG","4326"]], 
  PROJECTION["Popular Visualisation Pseudo Mercator", AUTHORITY["EPSG","1024"]], 
  PARAMETER["semi_minor", 6378137.0], 
  PARAMETER["latitude_of_origin", 0.0], 
  PARAMETER["central_meridian", 0.0], 
  PARAMETER["scale_factor", 1.0], 
  PARAMETER["false_easting", 0.0], 
  PARAMETER["false_northing", 0.0], 
  UNIT["m", 1.0], 
  AXIS["Easting", EAST], 
  AXIS["Northing", NORTH], 
  AUTHORITY["EPSG","3857"]]
	Elevation = []
	Env = {}
	Exceptions = SE_XML
	FeatureId = null
	FeatureVersion = null
	Filter = null
	Format = image/png
	FormatOptions = {}
	Get = true
	Height = 256
	Interpolations = []
	Layers = [org.geoserver.wms.MapLayerInfo@4a807138[description=<null>,label=s2s_4005f011bc1e435b9e3884882eadb306,layerFeatureConstraints=<null>,layerGroupMetadata={},layerInfo=LayerInfoImpl[s2s_4005f011bc1e435b9e3884882eadb306, resource:CoverageInfoImpl[s2s_4005f011bc1e435b9e3884882eadb306]],name=ws_8df405bf:s2s_4005f011bc1e435b9e3884882eadb306,remoteFeatureSource=<null>,style=<null>,type=1]]
	MaxFeatures = null
	Palette = null
	RawKvp = {REQUEST=GetMap, FORMAT=image/png, _T=undefined, SRS=EPSG:3857, BBOX=10879740.857998848,1526294.580798401,10918876.616480859,1565430.33928041, VERSION=1.1.1, STYLES=, SERVICE=WMS, WIDTH=256, HEIGHT=256, TRANSPARENT=true, LAYERS=ws_8df405bf:s2s_4005f011bc1e435b9e3884882eadb306}
	RemoteOwsType = null
	RemoteOwsURL = null
	Request = GetMap
	RequestCharset = UTF-8
	ScaleMethod = null
	Sld = null
	SldBody = null
	SldVersion = null
	SortBy = null
	SortByArrays = null
	SRS = EPSG:3857
	StartIndex = null
	StyleBody = null
	StyleFormat = sld
	Styles = [StyleImpl[ name=style_s2s_4005f011bc1e435b9e3884882eadb306]]
	StyleUrl = null
	StyleVersion = null
	Tiled = false
	TilesOrigin = null
	Time = []
	Transparent = true
	ValidateSchema = false
	Version = 1.1.1
	ViewParams = null
	Width = 256
23 Sep 08:57:13 INFO   [geoserver.wms] - 
Request: getServiceInfo
23 Sep 08:57:13 INFO   [geoserver.flow] - Request completed, running requests: 3, blocked requests: 0
23 Sep 08:57:13 INFO   [geoserver.flow] - releasing flow controllers for [WMS 1.1.1 GetMap]
23 Sep 08:57:13 INFO   [geoserver.flow] - Request completed, running requests: 1, blocked requests: 1
23 Sep 08:57:13 INFO   [geoserver.flow] - releasing flow controllers for [WMS 1.1.1 GetMap]
23 Sep 08:57:13 INFO   [geoserver.flow] - Request completed, running requests: 1, blocked requests: 1
23 Sep 08:57:13 INFO   [geoserver.flow] - Request [WMS 1.1.1 GetMap] starting, processing through flow controllers
23 Sep 08:57:13 INFO   [geoserver.flow] - Request control-flow performed, running requests: 1, blocked requests: 0
23 Sep 08:57:13 INFO   [geoserver.wms] - 
Request: getServiceInfo
23 Sep 08:57:13 INFO   [geoserver.wms] - 
Request: getServiceInfo
23 Sep 08:57:13 INFO   [geoserver.flow] - Request [WMS 1.1.1 GetMap] starting, processing through flow controllers
23 Sep 08:57:13 INFO   [geoserver.wms] - 
Request: getServiceInfo
23 Sep 08:57:13 INFO   [geoserver.flow] - releasing flow controllers for [WMS 1.1.1 GetMap]
23 Sep 08:57:13 INFO   [geoserver.flow] - Request control-flow performed, running requests: 2, blocked requests: 1
23 Sep 08:57:13 INFO   [geoserver.flow] - Request [WMS 1.1.1 GetMap] starting, processing through flow controllers
23 Sep 08:57:13 INFO   [geoserver.flow] - Request [WMS 1.1.1 GetMap] starting, processing through flow controllers
23 Sep 08:57:13 INFO   [geoserver.wms] - 
Request: getMap
	Angle = 0.0
	BaseUrl = http://localhost:8080/geoserver/
	Bbox = SRSEnvelope[1.0879740857998848E7 : 1.0918876616480859E7, 1565430.33928041 : 1604566.0977624203]
	BgColor = java.awt.Color[r=255,g=255,b=255]
	Buffer = 0
	Clip = null
	CQLFilter = null
	Crs = PROJCS["WGS 84 / Pseudo-Mercator", 
  GEOGCS["WGS 84", 
    DATUM["World Geodetic System 1984", 
      SPHEROID["WGS 84", 6378137.0, 298.257223563, AUTHORITY["EPSG","7030"]], 
      AUTHORITY["EPSG","6326"]], 
    PRIMEM["Greenwich", 0.0, AUTHORITY["EPSG","8901"]], 
    UNIT["degree", 0.017453292519943295], 
    AXIS["Geodetic longitude", EAST], 
    AXIS["Geodetic latitude", NORTH], 
    AUTHORITY["EPSG","4326"]], 
  PROJECTION["Popular Visualisation Pseudo Mercator", AUTHORITY["EPSG","1024"]], 
  PARAMETER["semi_minor", 6378137.0], 
  PARAMETER["latitude_of_origin", 0.0], 
  PARAMETER["central_meridian", 0.0], 
  PARAMETER["scale_factor", 1.0], 
  PARAMETER["false_easting", 0.0], 
  PARAMETER["false_northing", 0.0], 
  UNIT["m", 1.0], 
  AXIS["Easting", EAST], 
  AXIS["Northing", NORTH], 
  AUTHORITY["EPSG","3857"]]
	Elevation = []
	Env = {}
	Exceptions = SE_XML
	FeatureId = null
	FeatureVersion = null
	Filter = null
	Format = image/png
	FormatOptions = {}
	Get = true
	Height = 256
	Interpolations = []
	Layers = [org.geoserver.wms.MapLayerInfo@504d6e29[description=<null>,label=s2s_4005f011bc1e435b9e3884882eadb306,layerFeatureConstraints=<null>,layerGroupMetadata={},layerInfo=LayerInfoImpl[s2s_4005f011bc1e435b9e3884882eadb306, resource:CoverageInfoImpl[s2s_4005f011bc1e435b9e3884882eadb306]],name=ws_8df405bf:s2s_4005f011bc1e435b9e3884882eadb306,remoteFeatureSource=<null>,style=<null>,type=1]]
	MaxFeatures = null
	Palette = null
	RawKvp = {REQUEST=GetMap, FORMAT=image/png, _T=undefined, SRS=EPSG:3857, BBOX=10879740.857998848,1565430.33928041,10918876.616480859,1604566.0977624203, VERSION=1.1.1, STYLES=, SERVICE=WMS, WIDTH=256, HEIGHT=256, TRANSPARENT=true, LAYERS=ws_8df405bf:s2s_4005f011bc1e435b9e3884882eadb306}
	RemoteOwsType = null
	RemoteOwsURL = null
	Request = GetMap
	RequestCharset = UTF-8
	ScaleMethod = null
	Sld = null
	SldBody = null
	SldVersion = null
	SortBy = null
	SortByArrays = null
	SRS = EPSG:3857
	StartIndex = null
	StyleBody = null
	StyleFormat = sld
	Styles = [StyleImpl[ name=style_s2s_4005f011bc1e435b9e3884882eadb306]]
	StyleUrl = null
	StyleVersion = null
	Tiled = false
	TilesOrigin = null
	Time = []
	Transparent = true
	ValidateSchema = false
	Version = 1.1.1
	ViewParams = null
	Width = 256
23 Sep 08:57:13 INFO   [geoserver.flow] - Request completed, running requests: 2, blocked requests: 2
23 Sep 08:57:13 INFO   [geoserver.flow] - Request control-flow performed, running requests: 4, blocked requests: 0
23 Sep 08:57:13 INFO   [geoserver.flow] - Request control-flow performed, running requests: 3, blocked requests: 1
23 Sep 08:57:13 INFO   [geoserver.flow] - releasing flow controllers for [WMS 1.1.1 GetMap]
23 Sep 08:57:13 INFO   [geoserver.flow] - Request completed, running requests: 3, blocked requests: 0
23 Sep 08:57:13 INFO   [geoserver.wms] - 
Request: getMap
	Angle = 0.0
	BaseUrl = http://localhost:8080/geoserver/
	Bbox = SRSEnvelope[1.0879740857998848E7 : 1.0918876616480859E7, 1448023.0638343797 : 1487158.8223163905]
	BgColor = java.awt.Color[r=255,g=255,b=255]
	Buffer = 0
	Clip = null
	CQLFilter = null
	Crs = PROJCS["WGS 84 / Pseudo-Mercator", 
  GEOGCS["WGS 84", 
    DATUM["World Geodetic System 1984", 
      SPHEROID["WGS 84", 6378137.0, 298.257223563, AUTHORITY["EPSG","7030"]], 
      AUTHORITY["EPSG","6326"]], 
    PRIMEM["Greenwich", 0.0, AUTHORITY["EPSG","8901"]], 
    UNIT["degree", 0.017453292519943295], 
    AXIS["Geodetic longitude", EAST], 
    AXIS["Geodetic latitude", NORTH], 
    AUTHORITY["EPSG","4326"]], 
  PROJECTION["Popular Visualisation Pseudo Mercator", AUTHORITY["EPSG","1024"]], 
  PARAMETER["semi_minor", 6378137.0], 
  PARAMETER["latitude_of_origin", 0.0], 
  PARAMETER["central_meridian", 0.0], 
  PARAMETER["scale_factor", 1.0], 
  PARAMETER["false_easting", 0.0], 
  PARAMETER["false_northing", 0.0], 
  UNIT["m", 1.0], 
  AXIS["Easting", EAST], 
  AXIS["Northing", NORTH], 
  AUTHORITY["EPSG","3857"]]
	Elevation = []
	Env = {}
	Exceptions = SE_XML
	FeatureId = null
	FeatureVersion = null
	Filter = null
	Format = image/png
	FormatOptions = {}
	Get = true
	Height = 256
	Interpolations = []
	Layers = [org.geoserver.wms.MapLayerInfo@2480ca4b[description=<null>,label=s2s_4005f011bc1e435b9e3884882eadb306,layerFeatureConstraints=<null>,layerGroupMetadata={},layerInfo=LayerInfoImpl[s2s_4005f011bc1e435b9e3884882eadb306, resource:CoverageInfoImpl[s2s_4005f011bc1e435b9e3884882eadb306]],name=ws_8df405bf:s2s_4005f011bc1e435b9e3884882eadb306,remoteFeatureSource=<null>,style=<null>,type=1]]
	MaxFeatures = null
	Palette = null
	RawKvp = {REQUEST=GetMap, FORMAT=image/png, _T=undefined, SRS=EPSG:3857, BBOX=10879740.857998848,1448023.0638343797,10918876.616480859,1487158.8223163905, VERSION=1.1.1, STYLES=, SERVICE=WMS, WIDTH=256, HEIGHT=256, TRANSPARENT=true, LAYERS=ws_8df405bf:s2s_4005f011bc1e435b9e3884882eadb306}
	RemoteOwsType = null
	RemoteOwsURL = null
	Request = GetMap
	RequestCharset = UTF-8
	ScaleMethod = null
	Sld = null
	SldBody = null
	SldVersion = null
	SortBy = null
	SortByArrays = null
	SRS = EPSG:3857
	StartIndex = null
	StyleBody = null
	StyleFormat = sld
	Styles = [StyleImpl[ name=style_s2s_4005f011bc1e435b9e3884882eadb306]]
	StyleUrl = null
	StyleVersion = null
	Tiled = false
	TilesOrigin = null
	Time = []
	Transparent = true
	ValidateSchema = false
	Version = 1.1.1
	ViewParams = null
	Width = 256
23 Sep 08:57:13 INFO   [geoserver.wms] - 
Request: getMap
	Angle = 0.0
	BaseUrl = http://localhost:8080/geoserver/
	Bbox = SRSEnvelope[1.0879740857998848E7 : 1.0918876616480859E7, 1604566.0977624203 : 1643701.8562444302]
	BgColor = java.awt.Color[r=255,g=255,b=255]
	Buffer = 0
	Clip = null
	CQLFilter = null
	Crs = PROJCS["WGS 84 / Pseudo-Mercator", 
  GEOGCS["WGS 84", 
    DATUM["World Geodetic System 1984", 
      SPHEROID["WGS 84", 6378137.0, 298.257223563, AUTHORITY["EPSG","7030"]], 
      AUTHORITY["EPSG","6326"]], 
    PRIMEM["Greenwich", 0.0, AUTHORITY["EPSG","8901"]], 
    UNIT["degree", 0.017453292519943295], 
    AXIS["Geodetic longitude", EAST], 
    AXIS["Geodetic latitude", NORTH], 
    AUTHORITY["EPSG","4326"]], 
  PROJECTION["Popular Visualisation Pseudo Mercator", AUTHORITY["EPSG","1024"]], 
  PARAMETER["semi_minor", 6378137.0], 
  PARAMETER["latitude_of_origin", 0.0], 
  PARAMETER["central_meridian", 0.0], 
  PARAMETER["scale_factor", 1.0], 
  PARAMETER["false_easting", 0.0], 
  PARAMETER["false_northing", 0.0], 
  UNIT["m", 1.0], 
  AXIS["Easting", EAST], 
  AXIS["Northing", NORTH], 
  AUTHORITY["EPSG","3857"]]
	Elevation = []
	Env = {}
	Exceptions = SE_XML
	FeatureId = null
	FeatureVersion = null
	Filter = null
	Format = image/png
	FormatOptions = {}
	Get = true
	Height = 256
	Interpolations = []
	Layers = [org.geoserver.wms.MapLayerInfo@1b8d1443[description=<null>,label=s2s_4005f011bc1e435b9e3884882eadb306,layerFeatureConstraints=<null>,layerGroupMetadata={},layerInfo=LayerInfoImpl[s2s_4005f011bc1e435b9e3884882eadb306, resource:CoverageInfoImpl[s2s_4005f011bc1e435b9e3884882eadb306]],name=ws_8df405bf:s2s_4005f011bc1e435b9e3884882eadb306,remoteFeatureSource=<null>,style=<null>,type=1]]
	MaxFeatures = null
	Palette = null
	RawKvp = {REQUEST=GetMap, FORMAT=image/png, _T=undefined, SRS=EPSG:3857, BBOX=10879740.857998848,1604566.0977624203,10918876.616480859,1643701.8562444302, VERSION=1.1.1, STYLES=, SERVICE=WMS, WIDTH=256, HEIGHT=256, TRANSPARENT=true, LAYERS=ws_8df405bf:s2s_4005f011bc1e435b9e3884882eadb306}
	RemoteOwsType = null
	RemoteOwsURL = null
	Request = GetMap
	RequestCharset = UTF-8
	ScaleMethod = null
	Sld = null
	SldBody = null
	SldVersion = null
	SortBy = null
	SortByArrays = null
	SRS = EPSG:3857
	StartIndex = null
	StyleBody = null
	StyleFormat = sld
	Styles = [StyleImpl[ name=style_s2s_4005f011bc1e435b9e3884882eadb306]]
	StyleUrl = null
	StyleVersion = null
	Tiled = false
	TilesOrigin = null
	Time = []
	Transparent = true
	ValidateSchema = false
	Version = 1.1.1
	ViewParams = null
	Width = 256
23 Sep 08:57:13 INFO   [geoserver.wms] - 
Request: getMap
	Angle = 0.0
	BaseUrl = http://localhost:8080/geoserver/
	Bbox = SRSEnvelope[1.0879740857998848E7 : 1.0918876616480859E7, 1487158.8223163905 : 1526294.580798401]
	BgColor = java.awt.Color[r=255,g=255,b=255]
	Buffer = 0
	Clip = null
	CQLFilter = null
	Crs = PROJCS["WGS 84 / Pseudo-Mercator", 
  GEOGCS["WGS 84", 
    DATUM["World Geodetic System 1984", 
      SPHEROID["WGS 84", 6378137.0, 298.257223563, AUTHORITY["EPSG","7030"]], 
      AUTHORITY["EPSG","6326"]], 
    PRIMEM["Greenwich", 0.0, AUTHORITY["EPSG","8901"]], 
    UNIT["degree", 0.017453292519943295], 
    AXIS["Geodetic longitude", EAST], 
    AXIS["Geodetic latitude", NORTH], 
    AUTHORITY["EPSG","4326"]], 
  PROJECTION["Popular Visualisation Pseudo Mercator", AUTHORITY["EPSG","1024"]], 
  PARAMETER["semi_minor", 6378137.0], 
  PARAMETER["latitude_of_origin", 0.0], 
  PARAMETER["central_meridian", 0.0], 
  PARAMETER["scale_factor", 1.0], 
  PARAMETER["false_easting", 0.0], 
  PARAMETER["false_northing", 0.0], 
  UNIT["m", 1.0], 
  AXIS["Easting", EAST], 
  AXIS["Northing", NORTH], 
  AUTHORITY["EPSG","3857"]]
	Elevation = []
	Env = {}
	Exceptions = SE_XML
	FeatureId = null
	FeatureVersion = null
	Filter = null
	Format = image/png
	FormatOptions = {}
	Get = true
	Height = 256
	Interpolations = []
	Layers = [org.geoserver.wms.MapLayerInfo@1ce2588c[description=<null>,label=s2s_4005f011bc1e435b9e3884882eadb306,layerFeatureConstraints=<null>,layerGroupMetadata={},layerInfo=LayerInfoImpl[s2s_4005f011bc1e435b9e3884882eadb306, resource:CoverageInfoImpl[s2s_4005f011bc1e435b9e3884882eadb306]],name=ws_8df405bf:s2s_4005f011bc1e435b9e3884882eadb306,remoteFeatureSource=<null>,style=<null>,type=1]]
	MaxFeatures = null
	Palette = null
	RawKvp = {REQUEST=GetMap, FORMAT=image/png, _T=undefined, SRS=EPSG:3857, BBOX=10879740.857998848,1487158.8223163905,10918876.616480859,1526294.580798401, VERSION=1.1.1, STYLES=, SERVICE=WMS, WIDTH=256, HEIGHT=256, TRANSPARENT=true, LAYERS=ws_8df405bf:s2s_4005f011bc1e435b9e3884882eadb306}
	RemoteOwsType = null
	RemoteOwsURL = null
	Request = GetMap
	RequestCharset = UTF-8
	ScaleMethod = null
	Sld = null
	SldBody = null
	SldVersion = null
	SortBy = null
	SortByArrays = null
	SRS = EPSG:3857
	StartIndex = null
	StyleBody = null
	StyleFormat = sld
	Styles = [StyleImpl[ name=style_s2s_4005f011bc1e435b9e3884882eadb306]]
	StyleUrl = null
	StyleVersion = null
	Tiled = false
	TilesOrigin = null
	Time = []
	Transparent = true
	ValidateSchema = false
	Version = 1.1.1
	ViewParams = null
	Width = 256
23 Sep 08:57:13 INFO   [geoserver.flow] - releasing flow controllers for [WMS 1.1.1 GetMap]
23 Sep 08:57:13 INFO   [geoserver.flow] - Request completed, running requests: 1, blocked requests: 0
23 Sep 08:57:13 INFO   [geoserver.flow] - releasing flow controllers for [WMS 1.1.1 GetMap]
23 Sep 08:57:14 INFO   [geoserver.flow] - releasing flow controllers for [WMS 1.1.1 GetMap]
23 Sep 08:57:14 INFO   [geoserver.flow] - Request completed, running requests: 0, blocked requests: 0
23 Sep 08:57:14 INFO   [geoserver.flow] - Request completed, running requests: 0, blocked requests: 0
23 Sep 08:57:15 INFO   [geoserver.wms] - 
Request: getServiceInfo
23 Sep 08:57:15 INFO   [geoserver.wms] - 
Request: getServiceInfo
23 Sep 08:57:15 INFO   [geoserver.wms] - 
Request: getServiceInfo
23 Sep 08:57:15 INFO   [geoserver.flow] - Request [WMS 1.1.1 GetMap] starting, processing through flow controllers
23 Sep 08:57:15 INFO   [geoserver.wms] - 
Request: getServiceInfo
23 Sep 08:57:15 INFO   [geoserver.wms] - 
Request: getServiceInfo
23 Sep 08:57:15 INFO   [geoserver.flow] - Request [WMS 1.1.1 GetMap] starting, processing through flow controllers
23 Sep 08:57:15 INFO   [geoserver.wms] - 
Request: getServiceInfo
23 Sep 08:57:15 INFO   [geoserver.flow] - Request [WMS 1.1.1 GetMap] starting, processing through flow controllers
23 Sep 08:57:15 INFO   [geoserver.flow] - Request [WMS 1.1.1 GetMap] starting, processing through flow controllers
23 Sep 08:57:15 INFO   [geoserver.flow] - Request [WMS 1.1.1 GetMap] starting, processing through flow controllers
23 Sep 08:57:15 INFO   [geoserver.flow] - Request control-flow performed, running requests: 1, blocked requests: 3
23 Sep 08:57:15 INFO   [geoserver.flow] - Request control-flow performed, running requests: 3, blocked requests: 3
23 Sep 08:57:15 INFO   [geoserver.flow] - Request [WMS 1.1.1 GetMap] starting, processing through flow controllers
23 Sep 08:57:15 INFO   [geoserver.flow] - Request control-flow performed, running requests: 5, blocked requests: 1
23 Sep 08:57:15 INFO   [geoserver.flow] - Request control-flow performed, running requests: 2, blocked requests: 3
23 Sep 08:57:15 INFO   [geoserver.wms] - 
Request: getMap
	Angle = 0.0
	BaseUrl = http://localhost:8080/geoserver/
	Bbox = SRSEnvelope[1.1114555408890909E7 : 1.115369116737292E7, 1448023.0638343797 : 1487158.8223163905]
	BgColor = java.awt.Color[r=255,g=255,b=255]
	Buffer = 0
	Clip = null
	CQLFilter = null
	Crs = PROJCS["WGS 84 / Pseudo-Mercator", 
  GEOGCS["WGS 84", 
    DATUM["World Geodetic System 1984", 
      SPHEROID["WGS 84", 6378137.0, 298.257223563, AUTHORITY["EPSG","7030"]], 
      AUTHORITY["EPSG","6326"]], 
    PRIMEM["Greenwich", 0.0, AUTHORITY["EPSG","8901"]], 
    UNIT["degree", 0.017453292519943295], 
    AXIS["Geodetic longitude", EAST], 
    AXIS["Geodetic latitude", NORTH], 
    AUTHORITY["EPSG","4326"]], 
  PROJECTION["Popular Visualisation Pseudo Mercator", AUTHORITY["EPSG","1024"]], 
  PARAMETER["semi_minor", 6378137.0], 
  PARAMETER["latitude_of_origin", 0.0], 
  PARAMETER["central_meridian", 0.0], 
  PARAMETER["scale_factor", 1.0], 
  PARAMETER["false_easting", 0.0], 
  PARAMETER["false_northing", 0.0], 
  UNIT["m", 1.0], 
  AXIS["Easting", EAST], 
  AXIS["Northing", NORTH], 
  AUTHORITY["EPSG","3857"]]
	Elevation = []
	Env = {}
	Exceptions = SE_XML
	FeatureId = null
	FeatureVersion = null
	Filter = null
	Format = image/png
	FormatOptions = {}
	Get = true
	Height = 256
	Interpolations = []
	Layers = [org.geoserver.wms.MapLayerInfo@1181e366[description=<null>,label=sdfgdg,layerFeatureConstraints=<null>,layerGroupMetadata={},layerInfo=SecuredLayerInfo[LayerInfoImpl[vec_s2s_vec_sdfgdg_c7de7962, resource:FeatureTypeInfoImpl[vec_s2s_vec_sdfgdg_c7de7962]]],name=vec_s2s_vec_sdfgdg_c7de7962,remoteFeatureSource=<null>,style=<null>,type=0]]
	MaxFeatures = null
	Palette = null
	RawKvp = {REQUEST=GetMap, FORMAT=image/png, _T=undefined, SRS=EPSG:3857, BBOX=11114555.408890909,1448023.0638343797,11153691.16737292,1487158.8223163905, VERSION=1.1.1, STYLES=, SERVICE=WMS, WIDTH=256, HEIGHT=256, TRANSPARENT=true, LAYERS=ws_30cad3c4:vec_s2s_vec_sdfgdg_c7de7962}
	RemoteOwsType = null
	RemoteOwsURL = null
	Request = GetMap
	RequestCharset = UTF-8
	ScaleMethod = null
	Sld = null
	SldBody = null
	SldVersion = null
	SortBy = null
	SortByArrays = null
	SRS = EPSG:3857
	StartIndex = null
	StyleBody = null
	StyleFormat = sld
	Styles = [StyleImpl[ name=style_vec_s2s_vec_sdfgdg_c7de7962]]
	StyleUrl = null
	StyleVersion = null
	Tiled = false
	TilesOrigin = null
	Time = []
	Transparent = true
	ValidateSchema = false
	Version = 1.1.1
	ViewParams = null
	Width = 256
23 Sep 08:57:15 INFO   [geoserver.flow] - Request control-flow performed, running requests: 6, blocked requests: 0
23 Sep 08:57:15 INFO   [geoserver.flow] - Request control-flow performed, running requests: 4, blocked requests: 2
23 Sep 08:57:15 INFO   [geoserver.wms] - 
Request: getMap
	Angle = 0.0
	BaseUrl = http://localhost:8080/geoserver/
	Bbox = SRSEnvelope[1.095801237496287E7 : 1.099714813344488E7, 1448023.0638343797 : 1487158.8223163905]
	BgColor = java.awt.Color[r=255,g=255,b=255]
	Buffer = 0
	Clip = null
	CQLFilter = null
	Crs = PROJCS["WGS 84 / Pseudo-Mercator", 
  GEOGCS["WGS 84", 
    DATUM["World Geodetic System 1984", 
      SPHEROID["WGS 84", 6378137.0, 298.257223563, AUTHORITY["EPSG","7030"]], 
      AUTHORITY["EPSG","6326"]], 
    PRIMEM["Greenwich", 0.0, AUTHORITY["EPSG","8901"]], 
    UNIT["degree", 0.017453292519943295], 
    AXIS["Geodetic longitude", EAST], 
    AXIS["Geodetic latitude", NORTH], 
    AUTHORITY["EPSG","4326"]], 
  PROJECTION["Popular Visualisation Pseudo Mercator", AUTHORITY["EPSG","1024"]], 
  PARAMETER["semi_minor", 6378137.0], 
  PARAMETER["latitude_of_origin", 0.0], 
  PARAMETER["central_meridian", 0.0], 
  PARAMETER["scale_factor", 1.0], 
  PARAMETER["false_easting", 0.0], 
  PARAMETER["false_northing", 0.0], 
  UNIT["m", 1.0], 
  AXIS["Easting", EAST], 
  AXIS["Northing", NORTH], 
  AUTHORITY["EPSG","3857"]]
	Elevation = []
	Env = {}
	Exceptions = SE_XML
	FeatureId = null
	FeatureVersion = null
	Filter = null
	Format = image/png
	FormatOptions = {}
	Get = true
	Height = 256
	Interpolations = []
	Layers = [org.geoserver.wms.MapLayerInfo@41ed5503[description=<null>,label=Sentinel GEE,layerFeatureConstraints=<null>,layerGroupMetadata={},layerInfo=SecuredLayerInfo[LayerInfoImpl[vec_s2s_vec_sentinel_gee_5a893440, resource:FeatureTypeInfoImpl[vec_s2s_vec_sentinel_gee_5a893440]]],name=vec_s2s_vec_sentinel_gee_5a893440,remoteFeatureSource=<null>,style=<null>,type=0]]
	MaxFeatures = null
	Palette = null
	RawKvp = {REQUEST=GetMap, FORMAT=image/png, _T=undefined, SRS=EPSG:3857, BBOX=10958012.37496287,1448023.0638343797,10997148.13344488,1487158.8223163905, VERSION=1.1.1, STYLES=, SERVICE=WMS, WIDTH=256, HEIGHT=256, TRANSPARENT=true, LAYERS=ws_30cad3c4:vec_s2s_vec_sentinel_gee_5a893440}
	RemoteOwsType = null
	RemoteOwsURL = null
	Request = GetMap
	RequestCharset = UTF-8
	ScaleMethod = null
	Sld = null
	SldBody = null
	SldVersion = null
	SortBy = null
	SortByArrays = null
	SRS = EPSG:3857
	StartIndex = null
	StyleBody = null
	StyleFormat = sld
	Styles = [StyleImpl[ name=style_vec_s2s_vec_sentinel_gee_5a893440]]
	StyleUrl = null
	StyleVersion = null
	Tiled = false
	TilesOrigin = null
	Time = []
	Transparent = true
	ValidateSchema = false
	Version = 1.1.1
	ViewParams = null
	Width = 256
23 Sep 08:57:15 INFO   [geoserver.wms] - 
Request: getMap
	Angle = 0.0
	BaseUrl = http://localhost:8080/geoserver/
	Bbox = SRSEnvelope[1.115369116737292E7 : 1.119282692585493E7, 1448023.0638343797 : 1487158.8223163905]
	BgColor = java.awt.Color[r=255,g=255,b=255]
	Buffer = 0
	Clip = null
	CQLFilter = null
	Crs = PROJCS["WGS 84 / Pseudo-Mercator", 
  GEOGCS["WGS 84", 
    DATUM["World Geodetic System 1984", 
      SPHEROID["WGS 84", 6378137.0, 298.257223563, AUTHORITY["EPSG","7030"]], 
      AUTHORITY["EPSG","6326"]], 
    PRIMEM["Greenwich", 0.0, AUTHORITY["EPSG","8901"]], 
    UNIT["degree", 0.017453292519943295], 
    AXIS["Geodetic longitude", EAST], 
    AXIS["Geodetic latitude", NORTH], 
    AUTHORITY["EPSG","4326"]], 
  PROJECTION["Popular Visualisation Pseudo Mercator", AUTHORITY["EPSG","1024"]], 
  PARAMETER["semi_minor", 6378137.0], 
  PARAMETER["latitude_of_origin", 0.0], 
  PARAMETER["central_meridian", 0.0], 
  PARAMETER["scale_factor", 1.0], 
  PARAMETER["false_easting", 0.0], 
  PARAMETER["false_northing", 0.0], 
  UNIT["m", 1.0], 
  AXIS["Easting", EAST], 
  AXIS["Northing", NORTH], 
  AUTHORITY["EPSG","3857"]]
	Elevation = []
	Env = {}
	Exceptions = SE_XML
	FeatureId = null
	FeatureVersion = null
	Filter = null
	Format = image/png
	FormatOptions = {}
	Get = true
	Height = 256
	Interpolations = []
	Layers = [org.geoserver.wms.MapLayerInfo@3492d8c2[description=<null>,label=sdfgdg,layerFeatureConstraints=<null>,layerGroupMetadata={},layerInfo=SecuredLayerInfo[LayerInfoImpl[vec_s2s_vec_sdfgdg_c7de7962, resource:FeatureTypeInfoImpl[vec_s2s_vec_sdfgdg_c7de7962]]],name=vec_s2s_vec_sdfgdg_c7de7962,remoteFeatureSource=<null>,style=<null>,type=0]]
	MaxFeatures = null
	Palette = null
	RawKvp = {REQUEST=GetMap, FORMAT=image/png, _T=undefined, SRS=EPSG:3857, BBOX=11153691.16737292,1448023.0638343797,11192826.92585493,1487158.8223163905, VERSION=1.1.1, STYLES=, SERVICE=WMS, WIDTH=256, HEIGHT=256, TRANSPARENT=true, LAYERS=ws_30cad3c4:vec_s2s_vec_sdfgdg_c7de7962}
	RemoteOwsType = null
	RemoteOwsURL = null
	Request = GetMap
	RequestCharset = UTF-8
	ScaleMethod = null
	Sld = null
	SldBody = null
	SldVersion = null
	SortBy = null
	SortByArrays = null
	SRS = EPSG:3857
	StartIndex = null
	StyleBody = null
	StyleFormat = sld
	Styles = [StyleImpl[ name=style_vec_s2s_vec_sdfgdg_c7de7962]]
	StyleUrl = null
	StyleVersion = null
	Tiled = false
	TilesOrigin = null
	Time = []
	Transparent = true
	ValidateSchema = false
	Version = 1.1.1
	ViewParams = null
	Width = 256
23 Sep 08:57:15 INFO   [geoserver.flow] - releasing flow controllers for [WMS 1.1.1 GetMap]
23 Sep 08:57:15 INFO   [geoserver.flow] - Request completed, running requests: 4, blocked requests: 0
23 Sep 08:57:15 INFO   [geoserver.wms] - 
Request: getMap
	Angle = 0.0
	BaseUrl = http://localhost:8080/geoserver/
	Bbox = SRSEnvelope[1.10754196504089E7 : 1.1114555408890909E7, 1448023.0638343797 : 1487158.8223163905]
	BgColor = java.awt.Color[r=255,g=255,b=255]
	Buffer = 0
	Clip = null
	CQLFilter = null
	Crs = PROJCS["WGS 84 / Pseudo-Mercator", 
  GEOGCS["WGS 84", 
    DATUM["World Geodetic System 1984", 
      SPHEROID["WGS 84", 6378137.0, 298.257223563, AUTHORITY["EPSG","7030"]], 
      AUTHORITY["EPSG","6326"]], 
    PRIMEM["Greenwich", 0.0, AUTHORITY["EPSG","8901"]], 
    UNIT["degree", 0.017453292519943295], 
    AXIS["Geodetic longitude", EAST], 
    AXIS["Geodetic latitude", NORTH], 
    AUTHORITY["EPSG","4326"]], 
  PROJECTION["Popular Visualisation Pseudo Mercator", AUTHORITY["EPSG","1024"]], 
  PARAMETER["semi_minor", 6378137.0], 
  PARAMETER["latitude_of_origin", 0.0], 
  PARAMETER["central_meridian", 0.0], 
  PARAMETER["scale_factor", 1.0], 
  PARAMETER["false_easting", 0.0], 
  PARAMETER["false_northing", 0.0], 
  UNIT["m", 1.0], 
  AXIS["Easting", EAST], 
  AXIS["Northing", NORTH], 
  AUTHORITY["EPSG","3857"]]
	Elevation = []
	Env = {}
	Exceptions = SE_XML
	FeatureId = null
	FeatureVersion = null
	Filter = null
	Format = image/png
	FormatOptions = {}
	Get = true
	Height = 256
	Interpolations = []
	Layers = [org.geoserver.wms.MapLayerInfo@10f37a77[description=<null>,label=sdfgdg,layerFeatureConstraints=<null>,layerGroupMetadata={},layerInfo=SecuredLayerInfo[LayerInfoImpl[vec_s2s_vec_sdfgdg_c7de7962, resource:FeatureTypeInfoImpl[vec_s2s_vec_sdfgdg_c7de7962]]],name=vec_s2s_vec_sdfgdg_c7de7962,remoteFeatureSource=<null>,style=<null>,type=0]]
	MaxFeatures = null
	Palette = null
	RawKvp = {REQUEST=GetMap, FORMAT=image/png, _T=undefined, SRS=EPSG:3857, BBOX=11075419.6504089,1448023.0638343797,11114555.408890909,1487158.8223163905, VERSION=1.1.1, STYLES=, SERVICE=WMS, WIDTH=256, HEIGHT=256, TRANSPARENT=true, LAYERS=ws_30cad3c4:vec_s2s_vec_sdfgdg_c7de7962}
	RemoteOwsType = null
	RemoteOwsURL = null
	Request = GetMap
	RequestCharset = UTF-8
	ScaleMethod = null
	Sld = null
	SldBody = null
	SldVersion = null
	SortBy = null
	SortByArrays = null
	SRS = EPSG:3857
	StartIndex = null
	StyleBody = null
	StyleFormat = sld
	Styles = [StyleImpl[ name=style_vec_s2s_vec_sdfgdg_c7de7962]]
	StyleUrl = null
	StyleVersion = null
	Tiled = false
	TilesOrigin = null
	Time = []
	Transparent = true
	ValidateSchema = false
	Version = 1.1.1
	ViewParams = null
	Width = 256
23 Sep 08:57:15 INFO   [geoserver.wms] - 
Request: getMap
	Angle = 0.0
	BaseUrl = http://localhost:8080/geoserver/
	Bbox = SRSEnvelope[1.1036283891926888E7 : 1.10754196504089E7, 1448023.0638343797 : 1487158.8223163905]
	BgColor = java.awt.Color[r=255,g=255,b=255]
	Buffer = 0
	Clip = null
	CQLFilter = null
	Crs = PROJCS["WGS 84 / Pseudo-Mercator", 
  GEOGCS["WGS 84", 
    DATUM["World Geodetic System 1984", 
      SPHEROID["WGS 84", 6378137.0, 298.257223563, AUTHORITY["EPSG","7030"]], 
      AUTHORITY["EPSG","6326"]], 
    PRIMEM["Greenwich", 0.0, AUTHORITY["EPSG","8901"]], 
    UNIT["degree", 0.017453292519943295], 
    AXIS["Geodetic longitude", EAST], 
    AXIS["Geodetic latitude", NORTH], 
    AUTHORITY["EPSG","4326"]], 
  PROJECTION["Popular Visualisation Pseudo Mercator", AUTHORITY["EPSG","1024"]], 
  PARAMETER["semi_minor", 6378137.0], 
  PARAMETER["latitude_of_origin", 0.0], 
  PARAMETER["central_meridian", 0.0], 
  PARAMETER["scale_factor", 1.0], 
  PARAMETER["false_easting", 0.0], 
  PARAMETER["false_northing", 0.0], 
  UNIT["m", 1.0], 
  AXIS["Easting", EAST], 
  AXIS["Northing", NORTH], 
  AUTHORITY["EPSG","3857"]]
	Elevation = []
	Env = {}
	Exceptions = SE_XML
	FeatureId = null
	FeatureVersion = null
	Filter = null
	Format = image/png
	FormatOptions = {}
	Get = true
	Height = 256
	Interpolations = []
	Layers = [org.geoserver.wms.MapLayerInfo@22eb084d[description=<null>,label=sdfgdg,layerFeatureConstraints=<null>,layerGroupMetadata={},layerInfo=SecuredLayerInfo[LayerInfoImpl[vec_s2s_vec_sdfgdg_c7de7962, resource:FeatureTypeInfoImpl[vec_s2s_vec_sdfgdg_c7de7962]]],name=vec_s2s_vec_sdfgdg_c7de7962,remoteFeatureSource=<null>,style=<null>,type=0]]
	MaxFeatures = null
	Palette = null
	RawKvp = {REQUEST=GetMap, FORMAT=image/png, _T=undefined, SRS=EPSG:3857, BBOX=11036283.891926888,1448023.0638343797,11075419.6504089,1487158.8223163905, VERSION=1.1.1, STYLES=, SERVICE=WMS, WIDTH=256, HEIGHT=256, TRANSPARENT=true, LAYERS=ws_30cad3c4:vec_s2s_vec_sdfgdg_c7de7962}
	RemoteOwsType = null
	RemoteOwsURL = null
	Request = GetMap
	RequestCharset = UTF-8
	ScaleMethod = null
	Sld = null
	SldBody = null
	SldVersion = null
	SortBy = null
	SortByArrays = null
	SRS = EPSG:3857
	StartIndex = null
	StyleBody = null
	StyleFormat = sld
	Styles = [StyleImpl[ name=style_vec_s2s_vec_sdfgdg_c7de7962]]
	StyleUrl = null
	StyleVersion = null
	Tiled = false
	TilesOrigin = null
	Time = []
	Transparent = true
	ValidateSchema = false
	Version = 1.1.1
	ViewParams = null
	Width = 256
23 Sep 08:57:15 INFO   [geoserver.wms] - 
Request: getMap
	Angle = 0.0
	BaseUrl = http://localhost:8080/geoserver/
	Bbox = SRSEnvelope[1.099714813344488E7 : 1.1036283891926888E7, 1448023.0638343797 : 1487158.8223163905]
	BgColor = java.awt.Color[r=255,g=255,b=255]
	Buffer = 0
	Clip = null
	CQLFilter = null
	Crs = PROJCS["WGS 84 / Pseudo-Mercator", 
  GEOGCS["WGS 84", 
    DATUM["World Geodetic System 1984", 
      SPHEROID["WGS 84", 6378137.0, 298.257223563, AUTHORITY["EPSG","7030"]], 
      AUTHORITY["EPSG","6326"]], 
    PRIMEM["Greenwich", 0.0, AUTHORITY["EPSG","8901"]], 
    UNIT["degree", 0.017453292519943295], 
    AXIS["Geodetic longitude", EAST], 
    AXIS["Geodetic latitude", NORTH], 
    AUTHORITY["EPSG","4326"]], 
  PROJECTION["Popular Visualisation Pseudo Mercator", AUTHORITY["EPSG","1024"]], 
  PARAMETER["semi_minor", 6378137.0], 
  PARAMETER["latitude_of_origin", 0.0], 
  PARAMETER["central_meridian", 0.0], 
  PARAMETER["scale_factor", 1.0], 
  PARAMETER["false_easting", 0.0], 
  PARAMETER["false_northing", 0.0], 
  UNIT["m", 1.0], 
  AXIS["Easting", EAST], 
  AXIS["Northing", NORTH], 
  AUTHORITY["EPSG","3857"]]
	Elevation = []
	Env = {}
	Exceptions = SE_XML
	FeatureId = null
	FeatureVersion = null
	Filter = null
	Format = image/png
	FormatOptions = {}
	Get = true
	Height = 256
	Interpolations = []
	Layers = [org.geoserver.wms.MapLayerInfo@7b484f81[description=<null>,label=sdfgdg,layerFeatureConstraints=<null>,layerGroupMetadata={},layerInfo=SecuredLayerInfo[LayerInfoImpl[vec_s2s_vec_sdfgdg_c7de7962, resource:FeatureTypeInfoImpl[vec_s2s_vec_sdfgdg_c7de7962]]],name=vec_s2s_vec_sdfgdg_c7de7962,remoteFeatureSource=<null>,style=<null>,type=0]]
	MaxFeatures = null
	Palette = null
	RawKvp = {REQUEST=GetMap, FORMAT=image/png, _T=undefined, SRS=EPSG:3857, BBOX=10997148.13344488,1448023.0638343797,11036283.891926888,1487158.8223163905, VERSION=1.1.1, STYLES=, SERVICE=WMS, WIDTH=256, HEIGHT=256, TRANSPARENT=true, LAYERS=ws_30cad3c4:vec_s2s_vec_sdfgdg_c7de7962}
	RemoteOwsType = null
	RemoteOwsURL = null
	Request = GetMap
	RequestCharset = UTF-8
	ScaleMethod = null
	Sld = null
	SldBody = null
	SldVersion = null
	SortBy = null
	SortByArrays = null
	SRS = EPSG:3857
	StartIndex = null
	StyleBody = null
	StyleFormat = sld
	Styles = [StyleImpl[ name=style_vec_s2s_vec_sdfgdg_c7de7962]]
	StyleUrl = null
	StyleVersion = null
	Tiled = false
	TilesOrigin = null
	Time = []
	Transparent = true
	ValidateSchema = false
	Version = 1.1.1
	ViewParams = null
	Width = 256
23 Sep 08:57:15 INFO   [geoserver.flow] - releasing flow controllers for [WMS 1.1.1 GetMap]
23 Sep 08:57:15 INFO   [geoserver.flow] - Request completed, running requests: 1, blocked requests: 0
23 Sep 08:57:15 INFO   [geoserver.flow] - releasing flow controllers for [WMS 1.1.1 GetMap]
23 Sep 08:57:15 INFO   [geoserver.flow] - Request completed, running requests: 0, blocked requests: 0
23 Sep 08:57:15 INFO   [geoserver.wms] - 
Request: getServiceInfo
23 Sep 08:57:15 INFO   [geoserver.flow] - releasing flow controllers for [WMS 1.1.1 GetMap]
23 Sep 08:57:15 INFO   [geoserver.flow] - releasing flow controllers for [WMS 1.1.1 GetMap]
23 Sep 08:57:15 INFO   [geoserver.flow] - Request completed, running requests: 0, blocked requests: 1
23 Sep 08:57:15 INFO   [geoserver.flow] - Request completed, running requests: 0, blocked requests: 1
23 Sep 08:57:15 INFO   [geoserver.flow] - Request [WMS 1.1.1 GetMap] starting, processing through flow controllers
23 Sep 08:57:15 INFO   [geoserver.flow] - releasing flow controllers for [WMS 1.1.1 GetMap]
23 Sep 08:57:15 INFO   [geoserver.wms] - 
Request: getServiceInfo
23 Sep 08:57:15 INFO   [geoserver.wms] - 
Request: getServiceInfo
23 Sep 08:57:15 INFO   [geoserver.wms] - 
Request: getServiceInfo
23 Sep 08:57:15 INFO   [geoserver.wms] - 
Request: getServiceInfo
23 Sep 08:57:15 INFO   [geoserver.flow] - Request control-flow performed, running requests: 1, blocked requests: 0
23 Sep 08:57:15 INFO   [geoserver.flow] - Request completed, running requests: 1, blocked requests: 0
23 Sep 08:57:15 INFO   [geoserver.flow] - Request [WMS 1.1.1 GetMap] starting, processing through flow controllers
23 Sep 08:57:15 INFO   [geoserver.flow] - Request [WMS 1.1.1 GetMap] starting, processing through flow controllers
23 Sep 08:57:15 INFO   [geoserver.flow] - Request [WMS 1.1.1 GetMap] starting, processing through flow controllers
23 Sep 08:57:15 INFO   [geoserver.flow] - Request control-flow performed, running requests: 4, blocked requests: 1
23 Sep 08:57:15 INFO   [geoserver.flow] - Request [WMS 1.1.1 GetMap] starting, processing through flow controllers
23 Sep 08:57:15 INFO   [geoserver.flow] - Request control-flow performed, running requests: 2, blocked requests: 3
23 Sep 08:57:15 INFO   [geoserver.wms] - 
Request: getMap
	Angle = 0.0
	BaseUrl = http://localhost:8080/geoserver/
	Bbox = SRSEnvelope[1.095801237496287E7 : 1.099714813344488E7, 1448023.0638343797 : 1487158.8223163905]
	BgColor = java.awt.Color[r=255,g=255,b=255]
	Buffer = 0
	Clip = null
	CQLFilter = null
	Crs = PROJCS["WGS 84 / Pseudo-Mercator", 
  GEOGCS["WGS 84", 
    DATUM["World Geodetic System 1984", 
      SPHEROID["WGS 84", 6378137.0, 298.257223563, AUTHORITY["EPSG","7030"]], 
      AUTHORITY["EPSG","6326"]], 
    PRIMEM["Greenwich", 0.0, AUTHORITY["EPSG","8901"]], 
    UNIT["degree", 0.017453292519943295], 
    AXIS["Geodetic longitude", EAST], 
    AXIS["Geodetic latitude", NORTH], 
    AUTHORITY["EPSG","4326"]], 
  PROJECTION["Popular Visualisation Pseudo Mercator", AUTHORITY["EPSG","1024"]], 
  PARAMETER["semi_minor", 6378137.0], 
  PARAMETER["latitude_of_origin", 0.0], 
  PARAMETER["central_meridian", 0.0], 
  PARAMETER["scale_factor", 1.0], 
  PARAMETER["false_easting", 0.0], 
  PARAMETER["false_northing", 0.0], 
  UNIT["m", 1.0], 
  AXIS["Easting", EAST], 
  AXIS["Northing", NORTH], 
  AUTHORITY["EPSG","3857"]]
	Elevation = []
	Env = {}
	Exceptions = SE_XML
	FeatureId = null
	FeatureVersion = null
	Filter = null
	Format = image/png
	FormatOptions = {}
	Get = true
	Height = 256
	Interpolations = []
	Layers = [org.geoserver.wms.MapLayerInfo@6cdaab0b[description=<null>,label=sdfgdg,layerFeatureConstraints=<null>,layerGroupMetadata={},layerInfo=SecuredLayerInfo[LayerInfoImpl[vec_s2s_vec_sdfgdg_c7de7962, resource:FeatureTypeInfoImpl[vec_s2s_vec_sdfgdg_c7de7962]]],name=vec_s2s_vec_sdfgdg_c7de7962,remoteFeatureSource=<null>,style=<null>,type=0]]
	MaxFeatures = null
	Palette = null
	RawKvp = {REQUEST=GetMap, FORMAT=image/png, _T=undefined, SRS=EPSG:3857, BBOX=10958012.37496287,1448023.0638343797,10997148.13344488,1487158.8223163905, VERSION=1.1.1, STYLES=, SERVICE=WMS, WIDTH=256, HEIGHT=256, TRANSPARENT=true, LAYERS=ws_30cad3c4:vec_s2s_vec_sdfgdg_c7de7962}
	RemoteOwsType = null
	RemoteOwsURL = null
	Request = GetMap
	RequestCharset = UTF-8
	ScaleMethod = null
	Sld = null
	SldBody = null
	SldVersion = null
	SortBy = null
	SortByArrays = null
	SRS = EPSG:3857
	StartIndex = null
	StyleBody = null
	StyleFormat = sld
	Styles = [StyleImpl[ name=style_vec_s2s_vec_sdfgdg_c7de7962]]
	StyleUrl = null
	StyleVersion = null
	Tiled = false
	TilesOrigin = null
	Time = []
	Transparent = true
	ValidateSchema = false
	Version = 1.1.1
	ViewParams = null
	Width = 256
23 Sep 08:57:15 INFO   [geoserver.flow] - Request control-flow performed, running requests: 3, blocked requests: 2
23 Sep 08:57:16 INFO   [geoserver.flow] - releasing flow controllers for [WMS 1.1.1 GetMap]
23 Sep 08:57:16 INFO   [geoserver.flow] - Request completed, running requests: 4, blocked requests: 0
23 Sep 08:57:16 INFO   [geoserver.wms] - 
Request: getMap
	Angle = 0.0
	BaseUrl = http://localhost:8080/geoserver/
	Bbox = SRSEnvelope[1.10754196504089E7 : 1.1114555408890909E7, 1448023.0638343797 : 1487158.8223163905]
	BgColor = java.awt.Color[r=255,g=255,b=255]
	Buffer = 0
	Clip = null
	CQLFilter = null
	Crs = PROJCS["WGS 84 / Pseudo-Mercator", 
  GEOGCS["WGS 84", 
    DATUM["World Geodetic System 1984", 
      SPHEROID["WGS 84", 6378137.0, 298.257223563, AUTHORITY["EPSG","7030"]], 
      AUTHORITY["EPSG","6326"]], 
    PRIMEM["Greenwich", 0.0, AUTHORITY["EPSG","8901"]], 
    UNIT["degree", 0.017453292519943295], 
    AXIS["Geodetic longitude", EAST], 
    AXIS["Geodetic latitude", NORTH], 
    AUTHORITY["EPSG","4326"]], 
  PROJECTION["Popular Visualisation Pseudo Mercator", AUTHORITY["EPSG","1024"]], 
  PARAMETER["semi_minor", 6378137.0], 
  PARAMETER["latitude_of_origin", 0.0], 
  PARAMETER["central_meridian", 0.0], 
  PARAMETER["scale_factor", 1.0], 
  PARAMETER["false_easting", 0.0], 
  PARAMETER["false_northing", 0.0], 
  UNIT["m", 1.0], 
  AXIS["Easting", EAST], 
  AXIS["Northing", NORTH], 
  AUTHORITY["EPSG","3857"]]
	Elevation = []
	Env = {}
	Exceptions = SE_XML
	FeatureId = null
	FeatureVersion = null
	Filter = null
	Format = image/png
	FormatOptions = {}
	Get = true
	Height = 256
	Interpolations = []
	Layers = [org.geoserver.wms.MapLayerInfo@284f51e9[description=<null>,label=Bridge point,layerFeatureConstraints=<null>,layerGroupMetadata={},layerInfo=SecuredLayerInfo[LayerInfoImpl[vec_s2s_vec_bridge_point_53bfffe8, resource:FeatureTypeInfoImpl[vec_s2s_vec_bridge_point_53bfffe8]]],name=vec_s2s_vec_bridge_point_53bfffe8,remoteFeatureSource=<null>,style=<null>,type=0]]
	MaxFeatures = null
	Palette = null
	RawKvp = {REQUEST=GetMap, FORMAT=image/png, _T=undefined, SRS=EPSG:3857, BBOX=11075419.6504089,1448023.0638343797,11114555.408890909,1487158.8223163905, VERSION=1.1.1, STYLES=, SERVICE=WMS, WIDTH=256, HEIGHT=256, TRANSPARENT=true, LAYERS=ws_30cad3c4:vec_s2s_vec_bridge_point_53bfffe8}
	RemoteOwsType = null
	RemoteOwsURL = null
	Request = GetMap
	RequestCharset = UTF-8
	ScaleMethod = null
	Sld = null
	SldBody = null
	SldVersion = null
	SortBy = null
	SortByArrays = null
	SRS = EPSG:3857
	StartIndex = null
	StyleBody = null
	StyleFormat = sld
	Styles = [StyleImpl[ name=style_vec_s2s_vec_bridge_point_53bfffe8]]
	StyleUrl = null
	StyleVersion = null
	Tiled = false
	TilesOrigin = null
	Time = []
	Transparent = true
	ValidateSchema = false
	Version = 1.1.1
	ViewParams = null
	Width = 256
23 Sep 08:57:16 INFO   [geoserver.flow] - Request control-flow performed, running requests: 4, blocked requests: 0
23 Sep 08:57:16 INFO   [geoserver.wms] - 
Request: getServiceInfo
23 Sep 08:57:16 INFO   [geoserver.flow] - Request [WMS 1.1.1 GetMap] starting, processing through flow controllers
23 Sep 08:57:16 INFO   [geoserver.wms] - 
Request: getMap
	Angle = 0.0
	BaseUrl = http://localhost:8080/geoserver/
	Bbox = SRSEnvelope[1.119282692585493E7 : 1.1231962684336942E7, 1448023.0638343797 : 1487158.8223163905]
	BgColor = java.awt.Color[r=255,g=255,b=255]
	Buffer = 0
	Clip = null
	CQLFilter = null
	Crs = PROJCS["WGS 84 / Pseudo-Mercator", 
  GEOGCS["WGS 84", 
    DATUM["World Geodetic System 1984", 
      SPHEROID["WGS 84", 6378137.0, 298.257223563, AUTHORITY["EPSG","7030"]], 
      AUTHORITY["EPSG","6326"]], 
    PRIMEM["Greenwich", 0.0, AUTHORITY["EPSG","8901"]], 
    UNIT["degree", 0.017453292519943295], 
    AXIS["Geodetic longitude", EAST], 
    AXIS["Geodetic latitude", NORTH], 
    AUTHORITY["EPSG","4326"]], 
  PROJECTION["Popular Visualisation Pseudo Mercator", AUTHORITY["EPSG","1024"]], 
  PARAMETER["semi_minor", 6378137.0], 
  PARAMETER["latitude_of_origin", 0.0], 
  PARAMETER["central_meridian", 0.0], 
  PARAMETER["scale_factor", 1.0], 
  PARAMETER["false_easting", 0.0], 
  PARAMETER["false_northing", 0.0], 
  UNIT["m", 1.0], 
  AXIS["Easting", EAST], 
  AXIS["Northing", NORTH], 
  AUTHORITY["EPSG","3857"]]
	Elevation = []
	Env = {}
	Exceptions = SE_XML
	FeatureId = null
	FeatureVersion = null
	Filter = null
	Format = image/png
	FormatOptions = {}
	Get = true
	Height = 256
	Interpolations = []
	Layers = [org.geoserver.wms.MapLayerInfo@68594b90[description=<null>,label=sdfgdg,layerFeatureConstraints=<null>,layerGroupMetadata={},layerInfo=SecuredLayerInfo[LayerInfoImpl[vec_s2s_vec_sdfgdg_c7de7962, resource:FeatureTypeInfoImpl[vec_s2s_vec_sdfgdg_c7de7962]]],name=vec_s2s_vec_sdfgdg_c7de7962,remoteFeatureSource=<null>,style=<null>,type=0]]
	MaxFeatures = null
	Palette = null
	RawKvp = {REQUEST=GetMap, FORMAT=image/png, _T=undefined, SRS=EPSG:3857, BBOX=11192826.92585493,1448023.0638343797,11231962.684336942,1487158.8223163905, VERSION=1.1.1, STYLES=, SERVICE=WMS, WIDTH=256, HEIGHT=256, TRANSPARENT=true, LAYERS=ws_30cad3c4:vec_s2s_vec_sdfgdg_c7de7962}
	RemoteOwsType = null
	RemoteOwsURL = null
	Request = GetMap
	RequestCharset = UTF-8
	ScaleMethod = null
	Sld = null
	SldBody = null
	SldVersion = null
	SortBy = null
	SortByArrays = null
	SRS = EPSG:3857
	StartIndex = null
	StyleBody = null
	StyleFormat = sld
	Styles = [StyleImpl[ name=style_vec_s2s_vec_sdfgdg_c7de7962]]
	StyleUrl = null
	StyleVersion = null
	Tiled = false
	TilesOrigin = null
	Time = []
	Transparent = true
	ValidateSchema = false
	Version = 1.1.1
	ViewParams = null
	Width = 256
23 Sep 08:57:16 INFO   [geoserver.wms] - 
Request: getServiceInfo
23 Sep 08:57:16 INFO   [geoserver.wms] - 
Request: getMap
	Angle = 0.0
	BaseUrl = http://localhost:8080/geoserver/
	Bbox = SRSEnvelope[1.1036283891926888E7 : 1.10754196504089E7, 1448023.0638343797 : 1487158.8223163905]
	BgColor = java.awt.Color[r=255,g=255,b=255]
	Buffer = 0
	Clip = null
	CQLFilter = null
	Crs = PROJCS["WGS 84 / Pseudo-Mercator", 
  GEOGCS["WGS 84", 
    DATUM["World Geodetic System 1984", 
      SPHEROID["WGS 84", 6378137.0, 298.257223563, AUTHORITY["EPSG","7030"]], 
      AUTHORITY["EPSG","6326"]], 
    PRIMEM["Greenwich", 0.0, AUTHORITY["EPSG","8901"]], 
    UNIT["degree", 0.017453292519943295], 
    AXIS["Geodetic longitude", EAST], 
    AXIS["Geodetic latitude", NORTH], 
    AUTHORITY["EPSG","4326"]], 
  PROJECTION["Popular Visualisation Pseudo Mercator", AUTHORITY["EPSG","1024"]], 
  PARAMETER["semi_minor", 6378137.0], 
  PARAMETER["latitude_of_origin", 0.0], 
  PARAMETER["central_meridian", 0.0], 
  PARAMETER["scale_factor", 1.0], 
  PARAMETER["false_easting", 0.0], 
  PARAMETER["false_northing", 0.0], 
  UNIT["m", 1.0], 
  AXIS["Easting", EAST], 
  AXIS["Northing", NORTH], 
  AUTHORITY["EPSG","3857"]]
	Elevation = []
	Env = {}
	Exceptions = SE_XML
	FeatureId = null
	FeatureVersion = null
	Filter = null
	Format = image/png
	FormatOptions = {}
	Get = true
	Height = 256
	Interpolations = []
	Layers = [org.geoserver.wms.MapLayerInfo@7554510f[description=<null>,label=Bridge point,layerFeatureConstraints=<null>,layerGroupMetadata={},layerInfo=SecuredLayerInfo[LayerInfoImpl[vec_s2s_vec_bridge_point_53bfffe8, resource:FeatureTypeInfoImpl[vec_s2s_vec_bridge_point_53bfffe8]]],name=vec_s2s_vec_bridge_point_53bfffe8,remoteFeatureSource=<null>,style=<null>,type=0]]
	MaxFeatures = null
	Palette = null
	RawKvp = {REQUEST=GetMap, FORMAT=image/png, _T=undefined, SRS=EPSG:3857, BBOX=11036283.891926888,1448023.0638343797,11075419.6504089,1487158.8223163905, VERSION=1.1.1, STYLES=, SERVICE=WMS, WIDTH=256, HEIGHT=256, TRANSPARENT=true, LAYERS=ws_30cad3c4:vec_s2s_vec_bridge_point_53bfffe8}
	RemoteOwsType = null
	RemoteOwsURL = null
	Request = GetMap
	RequestCharset = UTF-8
	ScaleMethod = null
	Sld = null
	SldBody = null
	SldVersion = null
	SortBy = null
	SortByArrays = null
	SRS = EPSG:3857
	StartIndex = null
	StyleBody = null
	StyleFormat = sld
	Styles = [StyleImpl[ name=style_vec_s2s_vec_bridge_point_53bfffe8]]
	StyleUrl = null
	StyleVersion = null
	Tiled = false
	TilesOrigin = null
	Time = []
	Transparent = true
	ValidateSchema = false
	Version = 1.1.1
	ViewParams = null
	Width = 256
23 Sep 08:57:16 INFO   [geoserver.flow] - releasing flow controllers for [WMS 1.1.1 GetMap]
23 Sep 08:57:16 INFO   [geoserver.flow] - releasing flow controllers for [WMS 1.1.1 GetMap]
23 Sep 08:57:16 INFO   [geoserver.flow] - Request control-flow performed, running requests: 4, blocked requests: 0
23 Sep 08:57:16 INFO   [geoserver.flow] - Request [WMS 1.1.1 GetMap] starting, processing through flow controllers
23 Sep 08:57:16 INFO   [geoserver.wms] - 
Request: getMap
	Angle = 0.0
	BaseUrl = http://localhost:8080/geoserver/
	Bbox = SRSEnvelope[1.1231962684336942E7 : 1.127109844281895E7, 1448023.0638343797 : 1487158.8223163905]
	BgColor = java.awt.Color[r=255,g=255,b=255]
	Buffer = 0
	Clip = null
	CQLFilter = null
	Crs = PROJCS["WGS 84 / Pseudo-Mercator", 
  GEOGCS["WGS 84", 
    DATUM["World Geodetic System 1984", 
      SPHEROID["WGS 84", 6378137.0, 298.257223563, AUTHORITY["EPSG","7030"]], 
      AUTHORITY["EPSG","6326"]], 
    PRIMEM["Greenwich", 0.0, AUTHORITY["EPSG","8901"]], 
    UNIT["degree", 0.017453292519943295], 
    AXIS["Geodetic longitude", EAST], 
    AXIS["Geodetic latitude", NORTH], 
    AUTHORITY["EPSG","4326"]], 
  PROJECTION["Popular Visualisation Pseudo Mercator", AUTHORITY["EPSG","1024"]], 
  PARAMETER["semi_minor", 6378137.0], 
  PARAMETER["latitude_of_origin", 0.0], 
  PARAMETER["central_meridian", 0.0], 
  PARAMETER["scale_factor", 1.0], 
  PARAMETER["false_easting", 0.0], 
  PARAMETER["false_northing", 0.0], 
  UNIT["m", 1.0], 
  AXIS["Easting", EAST], 
  AXIS["Northing", NORTH], 
  AUTHORITY["EPSG","3857"]]
	Elevation = []
	Env = {}
	Exceptions = SE_XML
	FeatureId = null
	FeatureVersion = null
	Filter = null
	Format = image/png
	FormatOptions = {}
	Get = true
	Height = 256
	Interpolations = []
	Layers = [org.geoserver.wms.MapLayerInfo@4c118bc8[description=<null>,label=sdfgdg,layerFeatureConstraints=<null>,layerGroupMetadata={},layerInfo=SecuredLayerInfo[LayerInfoImpl[vec_s2s_vec_sdfgdg_c7de7962, resource:FeatureTypeInfoImpl[vec_s2s_vec_sdfgdg_c7de7962]]],name=vec_s2s_vec_sdfgdg_c7de7962,remoteFeatureSource=<null>,style=<null>,type=0]]
	MaxFeatures = null
	Palette = null
	RawKvp = {REQUEST=GetMap, FORMAT=image/png, _T=undefined, SRS=EPSG:3857, BBOX=11231962.684336942,1448023.0638343797,11271098.44281895,1487158.8223163905, VERSION=1.1.1, STYLES=, SERVICE=WMS, WIDTH=256, HEIGHT=256, TRANSPARENT=true, LAYERS=ws_30cad3c4:vec_s2s_vec_sdfgdg_c7de7962}
	RemoteOwsType = null
	RemoteOwsURL = null
	Request = GetMap
	RequestCharset = UTF-8
	ScaleMethod = null
	Sld = null
	SldBody = null
	SldVersion = null
	SortBy = null
	SortByArrays = null
	SRS = EPSG:3857
	StartIndex = null
	StyleBody = null
	StyleFormat = sld
	Styles = [StyleImpl[ name=style_vec_s2s_vec_sdfgdg_c7de7962]]
	StyleUrl = null
	StyleVersion = null
	Tiled = false
	TilesOrigin = null
	Time = []
	Transparent = true
	ValidateSchema = false
	Version = 1.1.1
	ViewParams = null
	Width = 256
23 Sep 08:57:16 INFO   [geoserver.flow] - releasing flow controllers for [WMS 1.1.1 GetMap]
23 Sep 08:57:16 INFO   [geoserver.flow] - Request completed, running requests: 3, blocked requests: 1
23 Sep 08:57:16 INFO   [geoserver.flow] - Request completed, running requests: 3, blocked requests: 0
23 Sep 08:57:16 INFO   [geoserver.flow] - Request control-flow performed, running requests: 3, blocked requests: 0
23 Sep 08:57:16 INFO   [geoserver.flow] - Request completed, running requests: 3, blocked requests: 1
23 Sep 08:57:16 INFO   [geoserver.wms] - 
Request: getMap
	Angle = 0.0
	BaseUrl = http://localhost:8080/geoserver/
	Bbox = SRSEnvelope[1.1114555408890909E7 : 1.115369116737292E7, 1448023.0638343797 : 1487158.8223163905]
	BgColor = java.awt.Color[r=255,g=255,b=255]
	Buffer = 0
	Clip = null
	CQLFilter = null
	Crs = PROJCS["WGS 84 / Pseudo-Mercator", 
  GEOGCS["WGS 84", 
    DATUM["World Geodetic System 1984", 
      SPHEROID["WGS 84", 6378137.0, 298.257223563, AUTHORITY["EPSG","7030"]], 
      AUTHORITY["EPSG","6326"]], 
    PRIMEM["Greenwich", 0.0, AUTHORITY["EPSG","8901"]], 
    UNIT["degree", 0.017453292519943295], 
    AXIS["Geodetic longitude", EAST], 
    AXIS["Geodetic latitude", NORTH], 
    AUTHORITY["EPSG","4326"]], 
  PROJECTION["Popular Visualisation Pseudo Mercator", AUTHORITY["EPSG","1024"]], 
  PARAMETER["semi_minor", 6378137.0], 
  PARAMETER["latitude_of_origin", 0.0], 
  PARAMETER["central_meridian", 0.0], 
  PARAMETER["scale_factor", 1.0], 
  PARAMETER["false_easting", 0.0], 
  PARAMETER["false_northing", 0.0], 
  UNIT["m", 1.0], 
  AXIS["Easting", EAST], 
  AXIS["Northing", NORTH], 
  AUTHORITY["EPSG","3857"]]
	Elevation = []
	Env = {}
	Exceptions = SE_XML
	FeatureId = null
	FeatureVersion = null
	Filter = null
	Format = image/png
	FormatOptions = {}
	Get = true
	Height = 256
	Interpolations = []
	Layers = [org.geoserver.wms.MapLayerInfo@27e3c275[description=<null>,label=Bridge point,layerFeatureConstraints=<null>,layerGroupMetadata={},layerInfo=SecuredLayerInfo[LayerInfoImpl[vec_s2s_vec_bridge_point_53bfffe8, resource:FeatureTypeInfoImpl[vec_s2s_vec_bridge_point_53bfffe8]]],name=vec_s2s_vec_bridge_point_53bfffe8,remoteFeatureSource=<null>,style=<null>,type=0]]
	MaxFeatures = null
	Palette = null
	RawKvp = {REQUEST=GetMap, FORMAT=image/png, _T=undefined, SRS=EPSG:3857, BBOX=11114555.408890909,1448023.0638343797,11153691.16737292,1487158.8223163905, VERSION=1.1.1, STYLES=, SERVICE=WMS, WIDTH=256, HEIGHT=256, TRANSPARENT=true, LAYERS=ws_30cad3c4:vec_s2s_vec_bridge_point_53bfffe8}
	RemoteOwsType = null
	RemoteOwsURL = null
	Request = GetMap
	RequestCharset = UTF-8
	ScaleMethod = null
	Sld = null
	SldBody = null
	SldVersion = null
	SortBy = null
	SortByArrays = null
	SRS = EPSG:3857
	StartIndex = null
	StyleBody = null
	StyleFormat = sld
	Styles = [StyleImpl[ name=style_vec_s2s_vec_bridge_point_53bfffe8]]
	StyleUrl = null
	StyleVersion = null
	Tiled = false
	TilesOrigin = null
	Time = []
	Transparent = true
	ValidateSchema = false
	Version = 1.1.1
	ViewParams = null
	Width = 256
23 Sep 08:57:16 INFO   [geoserver.flow] - releasing flow controllers for [WMS 1.1.1 GetMap]
23 Sep 08:57:16 INFO   [geoserver.flow] - Request completed, running requests: 1, blocked requests: 0
23 Sep 08:57:16 INFO   [geoserver.wms] - 
Request: getMap
	Angle = 0.0
	BaseUrl = http://localhost:8080/geoserver/
	Bbox = SRSEnvelope[1.099714813344488E7 : 1.1036283891926888E7, 1448023.0638343797 : 1487158.8223163905]
	BgColor = java.awt.Color[r=255,g=255,b=255]
	Buffer = 0
	Clip = null
	CQLFilter = null
	Crs = PROJCS["WGS 84 / Pseudo-Mercator", 
  GEOGCS["WGS 84", 
    DATUM["World Geodetic System 1984", 
      SPHEROID["WGS 84", 6378137.0, 298.257223563, AUTHORITY["EPSG","7030"]], 
      AUTHORITY["EPSG","6326"]], 
    PRIMEM["Greenwich", 0.0, AUTHORITY["EPSG","8901"]], 
    UNIT["degree", 0.017453292519943295], 
    AXIS["Geodetic longitude", EAST], 
    AXIS["Geodetic latitude", NORTH], 
    AUTHORITY["EPSG","4326"]], 
  PROJECTION["Popular Visualisation Pseudo Mercator", AUTHORITY["EPSG","1024"]], 
  PARAMETER["semi_minor", 6378137.0], 
  PARAMETER["latitude_of_origin", 0.0], 
  PARAMETER["central_meridian", 0.0], 
  PARAMETER["scale_factor", 1.0], 
  PARAMETER["false_easting", 0.0], 
  PARAMETER["false_northing", 0.0], 
  UNIT["m", 1.0], 
  AXIS["Easting", EAST], 
  AXIS["Northing", NORTH], 
  AUTHORITY["EPSG","3857"]]
	Elevation = []
	Env = {}
	Exceptions = SE_XML
	FeatureId = null
	FeatureVersion = null
	Filter = null
	Format = image/png
	FormatOptions = {}
	Get = true
	Height = 256
	Interpolations = []
	Layers = [org.geoserver.wms.MapLayerInfo@7e5f9df1[description=<null>,label=Bridge point,layerFeatureConstraints=<null>,layerGroupMetadata={},layerInfo=SecuredLayerInfo[LayerInfoImpl[vec_s2s_vec_bridge_point_53bfffe8, resource:FeatureTypeInfoImpl[vec_s2s_vec_bridge_point_53bfffe8]]],name=vec_s2s_vec_bridge_point_53bfffe8,remoteFeatureSource=<null>,style=<null>,type=0]]
	MaxFeatures = null
	Palette = null
	RawKvp = {REQUEST=GetMap, FORMAT=image/png, _T=undefined, SRS=EPSG:3857, BBOX=10997148.13344488,1448023.0638343797,11036283.891926888,1487158.8223163905, VERSION=1.1.1, STYLES=, SERVICE=WMS, WIDTH=256, HEIGHT=256, TRANSPARENT=true, LAYERS=ws_30cad3c4:vec_s2s_vec_bridge_point_53bfffe8}
	RemoteOwsType = null
	RemoteOwsURL = null
	Request = GetMap
	RequestCharset = UTF-8
	ScaleMethod = null
	Sld = null
	SldBody = null
	SldVersion = null
	SortBy = null
	SortByArrays = null
	SRS = EPSG:3857
	StartIndex = null
	StyleBody = null
	StyleFormat = sld
	Styles = [StyleImpl[ name=style_vec_s2s_vec_bridge_point_53bfffe8]]
	StyleUrl = null
	StyleVersion = null
	Tiled = false
	TilesOrigin = null
	Time = []
	Transparent = true
	ValidateSchema = false
	Version = 1.1.1
	ViewParams = null
	Width = 256
23 Sep 08:57:16 INFO   [geoserver.wms] - 
Request: getServiceInfo
23 Sep 08:57:16 INFO   [geoserver.wms] - 
Request: getServiceInfo
23 Sep 08:57:16 INFO   [geoserver.wms] - 
Request: getServiceInfo
23 Sep 08:57:16 INFO   [geoserver.flow] - releasing flow controllers for [WMS 1.1.1 GetMap]
23 Sep 08:57:16 INFO   [geoserver.flow] - releasing flow controllers for [WMS 1.1.1 GetMap]
23 Sep 08:57:16 INFO   [geoserver.flow] - Request [WMS 1.1.1 GetMap] starting, processing through flow controllers
23 Sep 08:57:16 INFO   [geoserver.wms] - 
Request: getServiceInfo
23 Sep 08:57:16 INFO   [geoserver.flow] - Request [WMS 1.1.1 GetMap] starting, processing through flow controllers
23 Sep 08:57:16 INFO   [geoserver.flow] - Request completed, running requests: 0, blocked requests: 3
23 Sep 08:57:16 INFO   [geoserver.flow] - Request completed, running requests: 0, blocked requests: 3
23 Sep 08:57:16 INFO   [geoserver.flow] - Request [WMS 1.1.1 GetMap] starting, processing through flow controllers
23 Sep 08:57:16 INFO   [geoserver.flow] - Request control-flow performed, running requests: 2, blocked requests: 2
23 Sep 08:57:16 INFO   [geoserver.flow] - Request [WMS 1.1.1 GetMap] starting, processing through flow controllers
23 Sep 08:57:16 INFO   [geoserver.flow] - Request control-flow performed, running requests: 1, blocked requests: 2
23 Sep 08:57:16 INFO   [geoserver.wms] - 
Request: getServiceInfo
23 Sep 08:57:16 INFO   [geoserver.wms] - 
Request: getServiceInfo
23 Sep 08:57:16 INFO   [geoserver.flow] - Request control-flow performed, running requests: 3, blocked requests: 1
23 Sep 08:57:16 INFO   [geoserver.wms] - 
Request: getMap
	Angle = 0.0
	BaseUrl = http://localhost:8080/geoserver/
	Bbox = SRSEnvelope[1.115369116737292E7 : 1.119282692585493E7, 1448023.0638343797 : 1487158.8223163905]
	BgColor = java.awt.Color[r=255,g=255,b=255]
	Buffer = 0
	Clip = null
	CQLFilter = null
	Crs = PROJCS["WGS 84 / Pseudo-Mercator", 
  GEOGCS["WGS 84", 
    DATUM["World Geodetic System 1984", 
      SPHEROID["WGS 84", 6378137.0, 298.257223563, AUTHORITY["EPSG","7030"]], 
      AUTHORITY["EPSG","6326"]], 
    PRIMEM["Greenwich", 0.0, AUTHORITY["EPSG","8901"]], 
    UNIT["degree", 0.017453292519943295], 
    AXIS["Geodetic longitude", EAST], 
    AXIS["Geodetic latitude", NORTH], 
    AUTHORITY["EPSG","4326"]], 
  PROJECTION["Popular Visualisation Pseudo Mercator", AUTHORITY["EPSG","1024"]], 
  PARAMETER["semi_minor", 6378137.0], 
  PARAMETER["latitude_of_origin", 0.0], 
  PARAMETER["central_meridian", 0.0], 
  PARAMETER["scale_factor", 1.0], 
  PARAMETER["false_easting", 0.0], 
  PARAMETER["false_northing", 0.0], 
  UNIT["m", 1.0], 
  AXIS["Easting", EAST], 
  AXIS["Northing", NORTH], 
  AUTHORITY["EPSG","3857"]]
	Elevation = []
	Env = {}
	Exceptions = SE_XML
	FeatureId = null
	FeatureVersion = null
	Filter = null
	Format = image/png
	FormatOptions = {}
	Get = true
	Height = 256
	Interpolations = []
	Layers = [org.geoserver.wms.MapLayerInfo@709d20a[description=<null>,label=Bridge point,layerFeatureConstraints=<null>,layerGroupMetadata={},layerInfo=SecuredLayerInfo[LayerInfoImpl[vec_s2s_vec_bridge_point_53bfffe8, resource:FeatureTypeInfoImpl[vec_s2s_vec_bridge_point_53bfffe8]]],name=vec_s2s_vec_bridge_point_53bfffe8,remoteFeatureSource=<null>,style=<null>,type=0]]
	MaxFeatures = null
	Palette = null
	RawKvp = {REQUEST=GetMap, FORMAT=image/png, _T=undefined, SRS=EPSG:3857, BBOX=11153691.16737292,1448023.0638343797,11192826.92585493,1487158.8223163905, VERSION=1.1.1, STYLES=, SERVICE=WMS, WIDTH=256, HEIGHT=256, TRANSPARENT=true, LAYERS=ws_30cad3c4:vec_s2s_vec_bridge_point_53bfffe8}
	RemoteOwsType = null
	RemoteOwsURL = null
	Request = GetMap
	RequestCharset = UTF-8
	ScaleMethod = null
	Sld = null
	SldBody = null
	SldVersion = null
	SortBy = null
	SortByArrays = null
	SRS = EPSG:3857
	StartIndex = null
	StyleBody = null
	StyleFormat = sld
	Styles = [StyleImpl[ name=style_vec_s2s_vec_bridge_point_53bfffe8]]
	StyleUrl = null
	StyleVersion = null
	Tiled = false
	TilesOrigin = null
	Time = []
	Transparent = true
	ValidateSchema = false
	Version = 1.1.1
	ViewParams = null
	Width = 256
23 Sep 08:57:16 INFO   [geoserver.flow] - Request control-flow performed, running requests: 4, blocked requests: 0
23 Sep 08:57:16 INFO   [geoserver.flow] - Request [WMS 1.1.1 GetMap] starting, processing through flow controllers
23 Sep 08:57:16 INFO   [geoserver.flow] - Request [WMS 1.1.1 GetMap] starting, processing through flow controllers
23 Sep 08:57:16 INFO   [geoserver.wms] - 
Request: getMap
	Angle = 0.0
	BaseUrl = http://localhost:8080/geoserver/
	Bbox = SRSEnvelope[1.119282692585493E7 : 1.1231962684336942E7, 1448023.0638343797 : 1487158.8223163905]
	BgColor = java.awt.Color[r=255,g=255,b=255]
	Buffer = 0
	Clip = null
	CQLFilter = null
	Crs = PROJCS["WGS 84 / Pseudo-Mercator", 
  GEOGCS["WGS 84", 
    DATUM["World Geodetic System 1984", 
      SPHEROID["WGS 84", 6378137.0, 298.257223563, AUTHORITY["EPSG","7030"]], 
      AUTHORITY["EPSG","6326"]], 
    PRIMEM["Greenwich", 0.0, AUTHORITY["EPSG","8901"]], 
    UNIT["degree", 0.017453292519943295], 
    AXIS["Geodetic longitude", EAST], 
    AXIS["Geodetic latitude", NORTH], 
    AUTHORITY["EPSG","4326"]], 
  PROJECTION["Popular Visualisation Pseudo Mercator", AUTHORITY["EPSG","1024"]], 
  PARAMETER["semi_minor", 6378137.0], 
  PARAMETER["latitude_of_origin", 0.0], 
  PARAMETER["central_meridian", 0.0], 
  PARAMETER["scale_factor", 1.0], 
  PARAMETER["false_easting", 0.0], 
  PARAMETER["false_northing", 0.0], 
  UNIT["m", 1.0], 
  AXIS["Easting", EAST], 
  AXIS["Northing", NORTH], 
  AUTHORITY["EPSG","3857"]]
	Elevation = []
	Env = {}
	Exceptions = SE_XML
	FeatureId = null
	FeatureVersion = null
	Filter = null
	Format = image/png
	FormatOptions = {}
	Get = true
	Height = 256
	Interpolations = []
	Layers = [org.geoserver.wms.MapLayerInfo@6019668e[description=<null>,label=Bridge point,layerFeatureConstraints=<null>,layerGroupMetadata={},layerInfo=SecuredLayerInfo[LayerInfoImpl[vec_s2s_vec_bridge_point_53bfffe8, resource:FeatureTypeInfoImpl[vec_s2s_vec_bridge_point_53bfffe8]]],name=vec_s2s_vec_bridge_point_53bfffe8,remoteFeatureSource=<null>,style=<null>,type=0]]
	MaxFeatures = null
	Palette = null
	RawKvp = {REQUEST=GetMap, FORMAT=image/png, _T=undefined, SRS=EPSG:3857, BBOX=11192826.92585493,1448023.0638343797,11231962.684336942,1487158.8223163905, VERSION=1.1.1, STYLES=, SERVICE=WMS, WIDTH=256, HEIGHT=256, TRANSPARENT=true, LAYERS=ws_30cad3c4:vec_s2s_vec_bridge_point_53bfffe8}
	RemoteOwsType = null
	RemoteOwsURL = null
	Request = GetMap
	RequestCharset = UTF-8
	ScaleMethod = null
	Sld = null
	SldBody = null
	SldVersion = null
	SortBy = null
	SortByArrays = null
	SRS = EPSG:3857
	StartIndex = null
	StyleBody = null
	StyleFormat = sld
	Styles = [StyleImpl[ name=style_vec_s2s_vec_bridge_point_53bfffe8]]
	StyleUrl = null
	StyleVersion = null
	Tiled = false
	TilesOrigin = null
	Time = []
	Transparent = true
	ValidateSchema = false
	Version = 1.1.1
	ViewParams = null
	Width = 256
23 Sep 08:57:16 INFO   [geoserver.flow] - releasing flow controllers for [WMS 1.1.1 GetMap]
23 Sep 08:57:16 INFO   [geoserver.flow] - Request control-flow performed, running requests: 5, blocked requests: 0
23 Sep 08:57:16 INFO   [geoserver.flow] - Request control-flow performed, running requests: 4, blocked requests: 1
23 Sep 08:57:16 INFO   [geoserver.wms] - 
Request: getMap
	Angle = 0.0
	BaseUrl = http://localhost:8080/geoserver/
	Bbox = SRSEnvelope[1.1231962684336942E7 : 1.127109844281895E7, 1448023.0638343797 : 1487158.8223163905]
	BgColor = java.awt.Color[r=255,g=255,b=255]
	Buffer = 0
	Clip = null
	CQLFilter = null
	Crs = PROJCS["WGS 84 / Pseudo-Mercator", 
  GEOGCS["WGS 84", 
    DATUM["World Geodetic System 1984", 
      SPHEROID["WGS 84", 6378137.0, 298.257223563, AUTHORITY["EPSG","7030"]], 
      AUTHORITY["EPSG","6326"]], 
    PRIMEM["Greenwich", 0.0, AUTHORITY["EPSG","8901"]], 
    UNIT["degree", 0.017453292519943295], 
    AXIS["Geodetic longitude", EAST], 
    AXIS["Geodetic latitude", NORTH], 
    AUTHORITY["EPSG","4326"]], 
  PROJECTION["Popular Visualisation Pseudo Mercator", AUTHORITY["EPSG","1024"]], 
  PARAMETER["semi_minor", 6378137.0], 
  PARAMETER["latitude_of_origin", 0.0], 
  PARAMETER["central_meridian", 0.0], 
  PARAMETER["scale_factor", 1.0], 
  PARAMETER["false_easting", 0.0], 
  PARAMETER["false_northing", 0.0], 
  UNIT["m", 1.0], 
  AXIS["Easting", EAST], 
  AXIS["Northing", NORTH], 
  AUTHORITY["EPSG","3857"]]
	Elevation = []
	Env = {}
	Exceptions = SE_XML
	FeatureId = null
	FeatureVersion = null
	Filter = null
	Format = image/png
	FormatOptions = {}
	Get = true
	Height = 256
	Interpolations = []
	Layers = [org.geoserver.wms.MapLayerInfo@418c086c[description=<null>,label=Bridge point,layerFeatureConstraints=<null>,layerGroupMetadata={},layerInfo=SecuredLayerInfo[LayerInfoImpl[vec_s2s_vec_bridge_point_53bfffe8, resource:FeatureTypeInfoImpl[vec_s2s_vec_bridge_point_53bfffe8]]],name=vec_s2s_vec_bridge_point_53bfffe8,remoteFeatureSource=<null>,style=<null>,type=0]]
	MaxFeatures = null
	Palette = null
	RawKvp = {REQUEST=GetMap, FORMAT=image/png, _T=undefined, SRS=EPSG:3857, BBOX=11231962.684336942,1448023.0638343797,11271098.44281895,1487158.8223163905, VERSION=1.1.1, STYLES=, SERVICE=WMS, WIDTH=256, HEIGHT=256, TRANSPARENT=true, LAYERS=ws_30cad3c4:vec_s2s_vec_bridge_point_53bfffe8}
	RemoteOwsType = null
	RemoteOwsURL = null
	Request = GetMap
	RequestCharset = UTF-8
	ScaleMethod = null
	Sld = null
	SldBody = null
	SldVersion = null
	SortBy = null
	SortByArrays = null
	SRS = EPSG:3857
	StartIndex = null
	StyleBody = null
	StyleFormat = sld
	Styles = [StyleImpl[ name=style_vec_s2s_vec_bridge_point_53bfffe8]]
	StyleUrl = null
	StyleVersion = null
	Tiled = false
	TilesOrigin = null
	Time = []
	Transparent = true
	ValidateSchema = false
	Version = 1.1.1
	ViewParams = null
	Width = 256
23 Sep 08:57:16 INFO   [geoserver.flow] - Request completed, running requests: 5, blocked requests: 0
23 Sep 08:57:16 INFO   [geoserver.flow] - releasing flow controllers for [WMS 1.1.1 GetMap]
23 Sep 08:57:16 INFO   [geoserver.wms] - 
Request: getMap
	Angle = 0.0
	BaseUrl = http://localhost:8080/geoserver/
	Bbox = SRSEnvelope[1.095801237496287E7 : 1.099714813344488E7, 1448023.0638343797 : 1487158.8223163905]
	BgColor = java.awt.Color[r=255,g=255,b=255]
	Buffer = 0
	Clip = null
	CQLFilter = null
	Crs = PROJCS["WGS 84 / Pseudo-Mercator", 
  GEOGCS["WGS 84", 
    DATUM["World Geodetic System 1984", 
      SPHEROID["WGS 84", 6378137.0, 298.257223563, AUTHORITY["EPSG","7030"]], 
      AUTHORITY["EPSG","6326"]], 
    PRIMEM["Greenwich", 0.0, AUTHORITY["EPSG","8901"]], 
    UNIT["degree", 0.017453292519943295], 
    AXIS["Geodetic longitude", EAST], 
    AXIS["Geodetic latitude", NORTH], 
    AUTHORITY["EPSG","4326"]], 
  PROJECTION["Popular Visualisation Pseudo Mercator", AUTHORITY["EPSG","1024"]], 
  PARAMETER["semi_minor", 6378137.0], 
  PARAMETER["latitude_of_origin", 0.0], 
  PARAMETER["central_meridian", 0.0], 
  PARAMETER["scale_factor", 1.0], 
  PARAMETER["false_easting", 0.0], 
  PARAMETER["false_northing", 0.0], 
  UNIT["m", 1.0], 
  AXIS["Easting", EAST], 
  AXIS["Northing", NORTH], 
  AUTHORITY["EPSG","3857"]]
	Elevation = []
	Env = {}
	Exceptions = SE_XML
	FeatureId = null
	FeatureVersion = null
	Filter = null
	Format = image/png
	FormatOptions = {}
	Get = true
	Height = 256
	Interpolations = []
	Layers = [org.geoserver.wms.MapLayerInfo@6e0a05c9[description=<null>,label=Bridge point,layerFeatureConstraints=<null>,layerGroupMetadata={},layerInfo=SecuredLayerInfo[LayerInfoImpl[vec_s2s_vec_bridge_point_53bfffe8, resource:FeatureTypeInfoImpl[vec_s2s_vec_bridge_point_53bfffe8]]],name=vec_s2s_vec_bridge_point_53bfffe8,remoteFeatureSource=<null>,style=<null>,type=0]]
	MaxFeatures = null
	Palette = null
	RawKvp = {REQUEST=GetMap, FORMAT=image/png, _T=undefined, SRS=EPSG:3857, BBOX=10958012.37496287,1448023.0638343797,10997148.13344488,1487158.8223163905, VERSION=1.1.1, STYLES=, SERVICE=WMS, WIDTH=256, HEIGHT=256, TRANSPARENT=true, LAYERS=ws_30cad3c4:vec_s2s_vec_bridge_point_53bfffe8}
	RemoteOwsType = null
	RemoteOwsURL = null
	Request = GetMap
	RequestCharset = UTF-8
	ScaleMethod = null
	Sld = null
	SldBody = null
	SldVersion = null
	SortBy = null
	SortByArrays = null
	SRS = EPSG:3857
	StartIndex = null
	StyleBody = null
	StyleFormat = sld
	Styles = [StyleImpl[ name=style_vec_s2s_vec_bridge_point_53bfffe8]]
	StyleUrl = null
	StyleVersion = null
	Tiled = false
	TilesOrigin = null
	Time = []
	Transparent = true
	ValidateSchema = false
	Version = 1.1.1
	ViewParams = null
	Width = 256
23 Sep 08:57:16 INFO   [geoserver.flow] - releasing flow controllers for [WMS 1.1.1 GetMap]
23 Sep 08:57:16 INFO   [geoserver.wms] - 
Request: getMap
	Angle = 0.0
	BaseUrl = http://localhost:8080/geoserver/
	Bbox = SRSEnvelope[1.0918876616480859E7 : 1.095801237496287E7, 1448023.0638343797 : 1487158.8223163905]
	BgColor = java.awt.Color[r=255,g=255,b=255]
	Buffer = 0
	Clip = null
	CQLFilter = null
	Crs = PROJCS["WGS 84 / Pseudo-Mercator", 
  GEOGCS["WGS 84", 
    DATUM["World Geodetic System 1984", 
      SPHEROID["WGS 84", 6378137.0, 298.257223563, AUTHORITY["EPSG","7030"]], 
      AUTHORITY["EPSG","6326"]], 
    PRIMEM["Greenwich", 0.0, AUTHORITY["EPSG","8901"]], 
    UNIT["degree", 0.017453292519943295], 
    AXIS["Geodetic longitude", EAST], 
    AXIS["Geodetic latitude", NORTH], 
    AUTHORITY["EPSG","4326"]], 
  PROJECTION["Popular Visualisation Pseudo Mercator", AUTHORITY["EPSG","1024"]], 
  PARAMETER["semi_minor", 6378137.0], 
  PARAMETER["latitude_of_origin", 0.0], 
  PARAMETER["central_meridian", 0.0], 
  PARAMETER["scale_factor", 1.0], 
  PARAMETER["false_easting", 0.0], 
  PARAMETER["false_northing", 0.0], 
  UNIT["m", 1.0], 
  AXIS["Easting", EAST], 
  AXIS["Northing", NORTH], 
  AUTHORITY["EPSG","3857"]]
	Elevation = []
	Env = {}
	Exceptions = SE_XML
	FeatureId = null
	FeatureVersion = null
	Filter = null
	Format = image/png
	FormatOptions = {}
	Get = true
	Height = 256
	Interpolations = []
	Layers = [org.geoserver.wms.MapLayerInfo@74d521e9[description=<null>,label=Agriculture area poly,layerFeatureConstraints=<null>,layerGroupMetadata={},layerInfo=SecuredLayerInfo[LayerInfoImpl[vec_s2s_vec_agriculture_area_pol_e832f923, resource:FeatureTypeInfoImpl[vec_s2s_vec_agriculture_area_pol_e832f923]]],name=vec_s2s_vec_agriculture_area_pol_e832f923,remoteFeatureSource=<null>,style=<null>,type=0]]
	MaxFeatures = null
	Palette = null
	RawKvp = {REQUEST=GetMap, FORMAT=image/png, _T=undefined, SRS=EPSG:3857, BBOX=10918876.616480859,1448023.0638343797,10958012.37496287,1487158.8223163905, VERSION=1.1.1, STYLES=, SERVICE=WMS, WIDTH=256, HEIGHT=256, TRANSPARENT=true, LAYERS=ws_30cad3c4:vec_s2s_vec_agriculture_area_pol_e832f923}
	RemoteOwsType = null
	RemoteOwsURL = null
	Request = GetMap
	RequestCharset = UTF-8
	ScaleMethod = null
	Sld = null
	SldBody = null
	SldVersion = null
	SortBy = null
	SortByArrays = null
	SRS = EPSG:3857
	StartIndex = null
	StyleBody = null
	StyleFormat = sld
	Styles = [StyleImpl[ name=style_vec_s2s_vec_agriculture_area_pol_e832f923]]
	StyleUrl = null
	StyleVersion = null
	Tiled = false
	TilesOrigin = null
	Time = []
	Transparent = true
	ValidateSchema = false
	Version = 1.1.1
	ViewParams = null
	Width = 256
23 Sep 08:57:16 INFO   [geoserver.flow] - Request completed, running requests: 3, blocked requests: 0
23 Sep 08:57:16 INFO   [geoserver.flow] - releasing flow controllers for [WMS 1.1.1 GetMap]
23 Sep 08:57:16 INFO   [geoserver.wms] - 
Request: getMap
	Angle = 0.0
	BaseUrl = http://localhost:8080/geoserver/
	Bbox = SRSEnvelope[1.0918876616480859E7 : 1.095801237496287E7, 1487158.8223163905 : 1526294.580798401]
	BgColor = java.awt.Color[r=255,g=255,b=255]
	Buffer = 0
	Clip = null
	CQLFilter = null
	Crs = PROJCS["WGS 84 / Pseudo-Mercator", 
  GEOGCS["WGS 84", 
    DATUM["World Geodetic System 1984", 
      SPHEROID["WGS 84", 6378137.0, 298.257223563, AUTHORITY["EPSG","7030"]], 
      AUTHORITY["EPSG","6326"]], 
    PRIMEM["Greenwich", 0.0, AUTHORITY["EPSG","8901"]], 
    UNIT["degree", 0.017453292519943295], 
    AXIS["Geodetic longitude", EAST], 
    AXIS["Geodetic latitude", NORTH], 
    AUTHORITY["EPSG","4326"]], 
  PROJECTION["Popular Visualisation Pseudo Mercator", AUTHORITY["EPSG","1024"]], 
  PARAMETER["semi_minor", 6378137.0], 
  PARAMETER["latitude_of_origin", 0.0], 
  PARAMETER["central_meridian", 0.0], 
  PARAMETER["scale_factor", 1.0], 
  PARAMETER["false_easting", 0.0], 
  PARAMETER["false_northing", 0.0], 
  UNIT["m", 1.0], 
  AXIS["Easting", EAST], 
  AXIS["Northing", NORTH], 
  AUTHORITY["EPSG","3857"]]
	Elevation = []
	Env = {}
	Exceptions = SE_XML
	FeatureId = null
	FeatureVersion = null
	Filter = null
	Format = image/png
	FormatOptions = {}
	Get = true
	Height = 256
	Interpolations = []
	Layers = [org.geoserver.wms.MapLayerInfo@66cd5d97[description=<null>,label=Agriculture area poly,layerFeatureConstraints=<null>,layerGroupMetadata={},layerInfo=SecuredLayerInfo[LayerInfoImpl[vec_s2s_vec_agriculture_area_pol_e832f923, resource:FeatureTypeInfoImpl[vec_s2s_vec_agriculture_area_pol_e832f923]]],name=vec_s2s_vec_agriculture_area_pol_e832f923,remoteFeatureSource=<null>,style=<null>,type=0]]
	MaxFeatures = null
	Palette = null
	RawKvp = {REQUEST=GetMap, FORMAT=image/png, _T=undefined, SRS=EPSG:3857, BBOX=10918876.616480859,1487158.8223163905,10958012.37496287,1526294.580798401, VERSION=1.1.1, STYLES=, SERVICE=WMS, WIDTH=256, HEIGHT=256, TRANSPARENT=true, LAYERS=ws_30cad3c4:vec_s2s_vec_agriculture_area_pol_e832f923}
	RemoteOwsType = null
	RemoteOwsURL = null
	Request = GetMap
	RequestCharset = UTF-8
	ScaleMethod = null
	Sld = null
	SldBody = null
	SldVersion = null
	SortBy = null
	SortByArrays = null
	SRS = EPSG:3857
	StartIndex = null
	StyleBody = null
	StyleFormat = sld
	Styles = [StyleImpl[ name=style_vec_s2s_vec_agriculture_area_pol_e832f923]]
	StyleUrl = null
	StyleVersion = null
	Tiled = false
	TilesOrigin = null
	Time = []
	Transparent = true
	ValidateSchema = false
	Version = 1.1.1
	ViewParams = null
	Width = 256
23 Sep 08:57:16 INFO   [geoserver.flow] - Request completed, running requests: 3, blocked requests: 0
23 Sep 08:57:16 INFO   [geoserver.flow] - Request completed, running requests: 1, blocked requests: 0
23 Sep 08:57:16 INFO   [geoserver.flow] - releasing flow controllers for [WMS 1.1.1 GetMap]
23 Sep 08:57:16 INFO   [geoserver.flow] - Request completed, running requests: 1, blocked requests: 0
23 Sep 08:57:16 INFO   [geoserver.flow] - releasing flow controllers for [WMS 1.1.1 GetMap]
23 Sep 08:57:16 INFO   [geoserver.flow] - Request completed, running requests: 0, blocked requests: 0
23 Sep 08:57:50 INFO   [geoserver.wms] - 
Request: getServiceInfo
23 Sep 08:57:50 INFO   [geoserver.wms] - 
Request: getServiceInfo
23 Sep 08:57:50 INFO   [geoserver.flow] - Request [WMS 1.1.1 GetMap] starting, processing through flow controllers
23 Sep 08:57:50 INFO   [geoserver.wms] - 
Request: getServiceInfo
23 Sep 08:57:50 INFO   [geoserver.flow] - Request control-flow performed, running requests: 1, blocked requests: 1
23 Sep 08:57:50 INFO   [geoserver.flow] - Request [WMS 1.1.1 GetMap] starting, processing through flow controllers
23 Sep 08:57:50 INFO   [geoserver.wms] - 
Request: getServiceInfo
23 Sep 08:57:50 INFO   [geoserver.wms] - 
Request: getServiceInfo
23 Sep 08:57:50 INFO   [geoserver.flow] - Request [WMS 1.1.1 GetMap] starting, processing through flow controllers
23 Sep 08:57:50 INFO   [geoserver.flow] - Request control-flow performed, running requests: 2, blocked requests: 1
23 Sep 08:57:50 INFO   [geoserver.wms] - 
Request: getServiceInfo
23 Sep 08:57:50 INFO   [geoserver.flow] - Request control-flow performed, running requests: 3, blocked requests: 2
23 Sep 08:57:50 INFO   [geoserver.flow] - Request [WMS 1.1.1 GetMap] starting, processing through flow controllers
23 Sep 08:57:50 INFO   [geoserver.flow] - Request [WMS 1.1.1 GetMap] starting, processing through flow controllers
23 Sep 08:57:50 INFO   [geoserver.flow] - Request [WMS 1.1.1 GetMap] starting, processing through flow controllers
23 Sep 08:57:50 INFO   [geoserver.flow] - Request control-flow performed, running requests: 4, blocked requests: 2
23 Sep 08:57:50 INFO   [geoserver.flow] - Request control-flow performed, running requests: 5, blocked requests: 1
23 Sep 08:57:50 INFO   [geoserver.flow] - Request control-flow performed, running requests: 6, blocked requests: 0
23 Sep 08:57:50 INFO   [geoserver.wms] - 
Request: getMap
	Angle = 0.0
	BaseUrl = http://localhost:8080/geoserver/
	Bbox = SRSEnvelope[1.1173259046613924E7 : 1.119282692585493E7, 1545862.4600394047 : 1565430.33928041]
	BgColor = java.awt.Color[r=255,g=255,b=255]
	Buffer = 0
	Clip = null
	CQLFilter = null
	Crs = PROJCS["WGS 84 / Pseudo-Mercator", 
  GEOGCS["WGS 84", 
    DATUM["World Geodetic System 1984", 
      SPHEROID["WGS 84", 6378137.0, 298.257223563, AUTHORITY["EPSG","7030"]], 
      AUTHORITY["EPSG","6326"]], 
    PRIMEM["Greenwich", 0.0, AUTHORITY["EPSG","8901"]], 
    UNIT["degree", 0.017453292519943295], 
    AXIS["Geodetic longitude", EAST], 
    AXIS["Geodetic latitude", NORTH], 
    AUTHORITY["EPSG","4326"]], 
  PROJECTION["Popular Visualisation Pseudo Mercator", AUTHORITY["EPSG","1024"]], 
  PARAMETER["semi_minor", 6378137.0], 
  PARAMETER["latitude_of_origin", 0.0], 
  PARAMETER["central_meridian", 0.0], 
  PARAMETER["scale_factor", 1.0], 
  PARAMETER["false_easting", 0.0], 
  PARAMETER["false_northing", 0.0], 
  UNIT["m", 1.0], 
  AXIS["Easting", EAST], 
  AXIS["Northing", NORTH], 
  AUTHORITY["EPSG","3857"]]
	Elevation = []
	Env = {}
	Exceptions = SE_XML
	FeatureId = null
	FeatureVersion = null
	Filter = null
	Format = image/png
	FormatOptions = {}
	Get = true
	Height = 256
	Interpolations = []
	Layers = [org.geoserver.wms.MapLayerInfo@422c5fa3[description=<null>,label=Agriculture area poly,layerFeatureConstraints=<null>,layerGroupMetadata={},layerInfo=SecuredLayerInfo[LayerInfoImpl[vec_s2s_vec_agriculture_area_pol_e832f923, resource:FeatureTypeInfoImpl[vec_s2s_vec_agriculture_area_pol_e832f923]]],name=vec_s2s_vec_agriculture_area_pol_e832f923,remoteFeatureSource=<null>,style=<null>,type=0]]
	MaxFeatures = null
	Palette = null
	RawKvp = {REQUEST=GetMap, FORMAT=image/png, SRS=EPSG:3857, BBOX=11173259.046613924,1545862.4600394047,11192826.92585493,1565430.33928041, VERSION=1.1.1, STYLES=, SERVICE=WMS, WIDTH=256, HEIGHT=256, TRANSPARENT=true, LAYERS=ws_30cad3c4:vec_s2s_vec_agriculture_area_pol_e832f923}
	RemoteOwsType = null
	RemoteOwsURL = null
	Request = GetMap
	RequestCharset = UTF-8
	ScaleMethod = null
	Sld = null
	SldBody = null
	SldVersion = null
	SortBy = null
	SortByArrays = null
	SRS = EPSG:3857
	StartIndex = null
	StyleBody = null
	StyleFormat = sld
	Styles = [StyleImpl[ name=style_vec_s2s_vec_agriculture_area_pol_e832f923]]
	StyleUrl = null
	StyleVersion = null
	Tiled = false
	TilesOrigin = null
	Time = []
	Transparent = true
	ValidateSchema = false
	Version = 1.1.1
	ViewParams = null
	Width = 256
23 Sep 08:57:50 INFO   [geoserver.flow] - releasing flow controllers for [WMS 1.1.1 GetMap]
23 Sep 08:57:50 INFO   [geoserver.flow] - Request completed, running requests: 5, blocked requests: 0
23 Sep 08:57:50 INFO   [geoserver.wms] - 
Request: getServiceInfo
23 Sep 08:57:50 INFO   [geoserver.flow] - Request [WMS 1.1.1 GetMap] starting, processing through flow controllers
23 Sep 08:57:50 INFO   [geoserver.flow] - Request control-flow performed, running requests: 6, blocked requests: 0
23 Sep 08:57:50 INFO   [geoserver.wms] - 
Request: getMap
	Angle = 0.0
	BaseUrl = http://localhost:8080/geoserver/
	Bbox = SRSEnvelope[1.115369116737292E7 : 1.1173259046613924E7, 1545862.4600394047 : 1565430.33928041]
	BgColor = java.awt.Color[r=255,g=255,b=255]
	Buffer = 0
	Clip = null
	CQLFilter = null
	Crs = PROJCS["WGS 84 / Pseudo-Mercator", 
  GEOGCS["WGS 84", 
    DATUM["World Geodetic System 1984", 
      SPHEROID["WGS 84", 6378137.0, 298.257223563, AUTHORITY["EPSG","7030"]], 
      AUTHORITY["EPSG","6326"]], 
    PRIMEM["Greenwich", 0.0, AUTHORITY["EPSG","8901"]], 
    UNIT["degree", 0.017453292519943295], 
    AXIS["Geodetic longitude", EAST], 
    AXIS["Geodetic latitude", NORTH], 
    AUTHORITY["EPSG","4326"]], 
  PROJECTION["Popular Visualisation Pseudo Mercator", AUTHORITY["EPSG","1024"]], 
  PARAMETER["semi_minor", 6378137.0], 
  PARAMETER["latitude_of_origin", 0.0], 
  PARAMETER["central_meridian", 0.0], 
  PARAMETER["scale_factor", 1.0], 
  PARAMETER["false_easting", 0.0], 
  PARAMETER["false_northing", 0.0], 
  UNIT["m", 1.0], 
  AXIS["Easting", EAST], 
  AXIS["Northing", NORTH], 
  AUTHORITY["EPSG","3857"]]
	Elevation = []
	Env = {}
	Exceptions = SE_XML
	FeatureId = null
	FeatureVersion = null
	Filter = null
	Format = image/png
	FormatOptions = {}
	Get = true
	Height = 256
	Interpolations = []
	Layers = [org.geoserver.wms.MapLayerInfo@486e0f91[description=<null>,label=Agriculture area poly,layerFeatureConstraints=<null>,layerGroupMetadata={},layerInfo=SecuredLayerInfo[LayerInfoImpl[vec_s2s_vec_agriculture_area_pol_e832f923, resource:FeatureTypeInfoImpl[vec_s2s_vec_agriculture_area_pol_e832f923]]],name=vec_s2s_vec_agriculture_area_pol_e832f923,remoteFeatureSource=<null>,style=<null>,type=0]]
	MaxFeatures = null
	Palette = null
	RawKvp = {REQUEST=GetMap, FORMAT=image/png, SRS=EPSG:3857, BBOX=11153691.16737292,1545862.4600394047,11173259.046613924,1565430.33928041, VERSION=1.1.1, STYLES=, SERVICE=WMS, WIDTH=256, HEIGHT=256, TRANSPARENT=true, LAYERS=ws_30cad3c4:vec_s2s_vec_agriculture_area_pol_e832f923}
	RemoteOwsType = null
	RemoteOwsURL = null
	Request = GetMap
	RequestCharset = UTF-8
	ScaleMethod = null
	Sld = null
	SldBody = null
	SldVersion = null
	SortBy = null
	SortByArrays = null
	SRS = EPSG:3857
	StartIndex = null
	StyleBody = null
	StyleFormat = sld
	Styles = [StyleImpl[ name=style_vec_s2s_vec_agriculture_area_pol_e832f923]]
	StyleUrl = null
	StyleVersion = null
	Tiled = false
	TilesOrigin = null
	Time = []
	Transparent = true
	ValidateSchema = false
	Version = 1.1.1
	ViewParams = null
	Width = 256
23 Sep 08:57:50 INFO   [geoserver.wms] - 
Request: getMap
	Angle = 0.0
	BaseUrl = http://localhost:8080/geoserver/
	Bbox = SRSEnvelope[1.115369116737292E7 : 1.1173259046613924E7, 1526294.580798401 : 1545862.4600394047]
	BgColor = java.awt.Color[r=255,g=255,b=255]
	Buffer = 0
	Clip = null
	CQLFilter = null
	Crs = PROJCS["WGS 84 / Pseudo-Mercator", 
  GEOGCS["WGS 84", 
    DATUM["World Geodetic System 1984", 
      SPHEROID["WGS 84", 6378137.0, 298.257223563, AUTHORITY["EPSG","7030"]], 
      AUTHORITY["EPSG","6326"]], 
    PRIMEM["Greenwich", 0.0, AUTHORITY["EPSG","8901"]], 
    UNIT["degree", 0.017453292519943295], 
    AXIS["Geodetic longitude", EAST], 
    AXIS["Geodetic latitude", NORTH], 
    AUTHORITY["EPSG","4326"]], 
  PROJECTION["Popular Visualisation Pseudo Mercator", AUTHORITY["EPSG","1024"]], 
  PARAMETER["semi_minor", 6378137.0], 
  PARAMETER["latitude_of_origin", 0.0], 
  PARAMETER["central_meridian", 0.0], 
  PARAMETER["scale_factor", 1.0], 
  PARAMETER["false_easting", 0.0], 
  PARAMETER["false_northing", 0.0], 
  UNIT["m", 1.0], 
  AXIS["Easting", EAST], 
  AXIS["Northing", NORTH], 
  AUTHORITY["EPSG","3857"]]
	Elevation = []
	Env = {}
	Exceptions = SE_XML
	FeatureId = null
	FeatureVersion = null
	Filter = null
	Format = image/png
	FormatOptions = {}
	Get = true
	Height = 256
	Interpolations = []
	Layers = [org.geoserver.wms.MapLayerInfo@6891f5b2[description=<null>,label=Agriculture area poly,layerFeatureConstraints=<null>,layerGroupMetadata={},layerInfo=SecuredLayerInfo[LayerInfoImpl[vec_s2s_vec_agriculture_area_pol_e832f923, resource:FeatureTypeInfoImpl[vec_s2s_vec_agriculture_area_pol_e832f923]]],name=vec_s2s_vec_agriculture_area_pol_e832f923,remoteFeatureSource=<null>,style=<null>,type=0]]
	MaxFeatures = null
	Palette = null
	RawKvp = {REQUEST=GetMap, FORMAT=image/png, SRS=EPSG:3857, BBOX=11153691.16737292,1526294.580798401,11173259.046613924,1545862.4600394047, VERSION=1.1.1, STYLES=, SERVICE=WMS, WIDTH=256, HEIGHT=256, TRANSPARENT=true, LAYERS=ws_30cad3c4:vec_s2s_vec_agriculture_area_pol_e832f923}
	RemoteOwsType = null
	RemoteOwsURL = null
	Request = GetMap
	RequestCharset = UTF-8
	ScaleMethod = null
	Sld = null
	SldBody = null
	SldVersion = null
	SortBy = null
	SortByArrays = null
	SRS = EPSG:3857
	StartIndex = null
	StyleBody = null
	StyleFormat = sld
	Styles = [StyleImpl[ name=style_vec_s2s_vec_agriculture_area_pol_e832f923]]
	StyleUrl = null
	StyleVersion = null
	Tiled = false
	TilesOrigin = null
	Time = []
	Transparent = true
	ValidateSchema = false
	Version = 1.1.1
	ViewParams = null
	Width = 256
23 Sep 08:57:50 INFO   [geoserver.flow] - releasing flow controllers for [WMS 1.1.1 GetMap]
23 Sep 08:57:50 INFO   [geoserver.flow] - Request completed, running requests: 5, blocked requests: 0
23 Sep 08:57:50 INFO   [geoserver.flow] - releasing flow controllers for [WMS 1.1.1 GetMap]
23 Sep 08:57:50 INFO   [geoserver.flow] - Request completed, running requests: 4, blocked requests: 0
23 Sep 08:57:50 INFO   [geoserver.wms] - 
Request: getMap
	Angle = 0.0
	BaseUrl = http://localhost:8080/geoserver/
	Bbox = SRSEnvelope[1.1114555408890909E7 : 1.1134123288131915E7, 1526294.580798401 : 1545862.4600394047]
	BgColor = java.awt.Color[r=255,g=255,b=255]
	Buffer = 0
	Clip = null
	CQLFilter = null
	Crs = PROJCS["WGS 84 / Pseudo-Mercator", 
  GEOGCS["WGS 84", 
    DATUM["World Geodetic System 1984", 
      SPHEROID["WGS 84", 6378137.0, 298.257223563, AUTHORITY["EPSG","7030"]], 
      AUTHORITY["EPSG","6326"]], 
    PRIMEM["Greenwich", 0.0, AUTHORITY["EPSG","8901"]], 
    UNIT["degree", 0.017453292519943295], 
    AXIS["Geodetic longitude", EAST], 
    AXIS["Geodetic latitude", NORTH], 
    AUTHORITY["EPSG","4326"]], 
  PROJECTION["Popular Visualisation Pseudo Mercator", AUTHORITY["EPSG","1024"]], 
  PARAMETER["semi_minor", 6378137.0], 
  PARAMETER["latitude_of_origin", 0.0], 
  PARAMETER["central_meridian", 0.0], 
  PARAMETER["scale_factor", 1.0], 
  PARAMETER["false_easting", 0.0], 
  PARAMETER["false_northing", 0.0], 
  UNIT["m", 1.0], 
  AXIS["Easting", EAST], 
  AXIS["Northing", NORTH], 
  AUTHORITY["EPSG","3857"]]
	Elevation = []
	Env = {}
	Exceptions = SE_XML
	FeatureId = null
	FeatureVersion = null
	Filter = null
	Format = image/png
	FormatOptions = {}
	Get = true
	Height = 256
	Interpolations = []
	Layers = [org.geoserver.wms.MapLayerInfo@15b394f5[description=<null>,label=Agriculture area poly,layerFeatureConstraints=<null>,layerGroupMetadata={},layerInfo=SecuredLayerInfo[LayerInfoImpl[vec_s2s_vec_agriculture_area_pol_e832f923, resource:FeatureTypeInfoImpl[vec_s2s_vec_agriculture_area_pol_e832f923]]],name=vec_s2s_vec_agriculture_area_pol_e832f923,remoteFeatureSource=<null>,style=<null>,type=0]]
	MaxFeatures = null
	Palette = null
	RawKvp = {REQUEST=GetMap, FORMAT=image/png, SRS=EPSG:3857, BBOX=11114555.408890909,1526294.580798401,11134123.288131915,1545862.4600394047, VERSION=1.1.1, STYLES=, SERVICE=WMS, WIDTH=256, HEIGHT=256, TRANSPARENT=true, LAYERS=ws_30cad3c4:vec_s2s_vec_agriculture_area_pol_e832f923}
	RemoteOwsType = null
	RemoteOwsURL = null
	Request = GetMap
	RequestCharset = UTF-8
	ScaleMethod = null
	Sld = null
	SldBody = null
	SldVersion = null
	SortBy = null
	SortByArrays = null
	SRS = EPSG:3857
	StartIndex = null
	StyleBody = null
	StyleFormat = sld
	Styles = [StyleImpl[ name=style_vec_s2s_vec_agriculture_area_pol_e832f923]]
	StyleUrl = null
	StyleVersion = null
	Tiled = false
	TilesOrigin = null
	Time = []
	Transparent = true
	ValidateSchema = false
	Version = 1.1.1
	ViewParams = null
	Width = 256
23 Sep 08:57:50 INFO   [geoserver.wms] - 
Request: getServiceInfo
23 Sep 08:57:50 INFO   [geoserver.flow] - Request [WMS 1.1.1 GetMap] starting, processing through flow controllers
23 Sep 08:57:50 INFO   [geoserver.flow] - releasing flow controllers for [WMS 1.1.1 GetMap]
23 Sep 08:57:50 INFO   [geoserver.flow] - Request control-flow performed, running requests: 4, blocked requests: 0
23 Sep 08:57:50 INFO   [geoserver.flow] - Request completed, running requests: 4, blocked requests: 0
23 Sep 08:57:50 INFO   [geoserver.wms] - 
Request: getMap
	Angle = 0.0
	BaseUrl = http://localhost:8080/geoserver/
	Bbox = SRSEnvelope[1.1114555408890909E7 : 1.1134123288131915E7, 1545862.4600394047 : 1565430.33928041]
	BgColor = java.awt.Color[r=255,g=255,b=255]
	Buffer = 0
	Clip = null
	CQLFilter = null
	Crs = PROJCS["WGS 84 / Pseudo-Mercator", 
  GEOGCS["WGS 84", 
    DATUM["World Geodetic System 1984", 
      SPHEROID["WGS 84", 6378137.0, 298.257223563, AUTHORITY["EPSG","7030"]], 
      AUTHORITY["EPSG","6326"]], 
    PRIMEM["Greenwich", 0.0, AUTHORITY["EPSG","8901"]], 
    UNIT["degree", 0.017453292519943295], 
    AXIS["Geodetic longitude", EAST], 
    AXIS["Geodetic latitude", NORTH], 
    AUTHORITY["EPSG","4326"]], 
  PROJECTION["Popular Visualisation Pseudo Mercator", AUTHORITY["EPSG","1024"]], 
  PARAMETER["semi_minor", 6378137.0], 
  PARAMETER["latitude_of_origin", 0.0], 
  PARAMETER["central_meridian", 0.0], 
  PARAMETER["scale_factor", 1.0], 
  PARAMETER["false_easting", 0.0], 
  PARAMETER["false_northing", 0.0], 
  UNIT["m", 1.0], 
  AXIS["Easting", EAST], 
  AXIS["Northing", NORTH], 
  AUTHORITY["EPSG","3857"]]
	Elevation = []
	Env = {}
	Exceptions = SE_XML
	FeatureId = null
	FeatureVersion = null
	Filter = null
	Format = image/png
	FormatOptions = {}
	Get = true
	Height = 256
	Interpolations = []
	Layers = [org.geoserver.wms.MapLayerInfo@5464e6b3[description=<null>,label=Agriculture area poly,layerFeatureConstraints=<null>,layerGroupMetadata={},layerInfo=SecuredLayerInfo[LayerInfoImpl[vec_s2s_vec_agriculture_area_pol_e832f923, resource:FeatureTypeInfoImpl[vec_s2s_vec_agriculture_area_pol_e832f923]]],name=vec_s2s_vec_agriculture_area_pol_e832f923,remoteFeatureSource=<null>,style=<null>,type=0]]
	MaxFeatures = null
	Palette = null
	RawKvp = {REQUEST=GetMap, FORMAT=image/png, SRS=EPSG:3857, BBOX=11114555.408890909,1545862.4600394047,11134123.288131915,1565430.33928041, VERSION=1.1.1, STYLES=, SERVICE=WMS, WIDTH=256, HEIGHT=256, TRANSPARENT=true, LAYERS=ws_30cad3c4:vec_s2s_vec_agriculture_area_pol_e832f923}
	RemoteOwsType = null
	RemoteOwsURL = null
	Request = GetMap
	RequestCharset = UTF-8
	ScaleMethod = null
	Sld = null
	SldBody = null
	SldVersion = null
	SortBy = null
	SortByArrays = null
	SRS = EPSG:3857
	StartIndex = null
	StyleBody = null
	StyleFormat = sld
	Styles = [StyleImpl[ name=style_vec_s2s_vec_agriculture_area_pol_e832f923]]
	StyleUrl = null
	StyleVersion = null
	Tiled = false
	TilesOrigin = null
	Time = []
	Transparent = true
	ValidateSchema = false
	Version = 1.1.1
	ViewParams = null
	Width = 256
23 Sep 08:57:50 INFO   [geoserver.wms] - 
Request: getMap
	Angle = 0.0
	BaseUrl = http://localhost:8080/geoserver/
	Bbox = SRSEnvelope[1.1173259046613924E7 : 1.119282692585493E7, 1526294.580798401 : 1545862.4600394047]
	BgColor = java.awt.Color[r=255,g=255,b=255]
	Buffer = 0
	Clip = null
	CQLFilter = null
	Crs = PROJCS["WGS 84 / Pseudo-Mercator", 
  GEOGCS["WGS 84", 
    DATUM["World Geodetic System 1984", 
      SPHEROID["WGS 84", 6378137.0, 298.257223563, AUTHORITY["EPSG","7030"]], 
      AUTHORITY["EPSG","6326"]], 
    PRIMEM["Greenwich", 0.0, AUTHORITY["EPSG","8901"]], 
    UNIT["degree", 0.017453292519943295], 
    AXIS["Geodetic longitude", EAST], 
    AXIS["Geodetic latitude", NORTH], 
    AUTHORITY["EPSG","4326"]], 
  PROJECTION["Popular Visualisation Pseudo Mercator", AUTHORITY["EPSG","1024"]], 
  PARAMETER["semi_minor", 6378137.0], 
  PARAMETER["latitude_of_origin", 0.0], 
  PARAMETER["central_meridian", 0.0], 
  PARAMETER["scale_factor", 1.0], 
  PARAMETER["false_easting", 0.0], 
  PARAMETER["false_northing", 0.0], 
  UNIT["m", 1.0], 
  AXIS["Easting", EAST], 
  AXIS["Northing", NORTH], 
  AUTHORITY["EPSG","3857"]]
	Elevation = []
	Env = {}
	Exceptions = SE_XML
	FeatureId = null
	FeatureVersion = null
	Filter = null
	Format = image/png
	FormatOptions = {}
	Get = true
	Height = 256
	Interpolations = []
	Layers = [org.geoserver.wms.MapLayerInfo@2bcbe8a9[description=<null>,label=Agriculture area poly,layerFeatureConstraints=<null>,layerGroupMetadata={},layerInfo=SecuredLayerInfo[LayerInfoImpl[vec_s2s_vec_agriculture_area_pol_e832f923, resource:FeatureTypeInfoImpl[vec_s2s_vec_agriculture_area_pol_e832f923]]],name=vec_s2s_vec_agriculture_area_pol_e832f923,remoteFeatureSource=<null>,style=<null>,type=0]]
	MaxFeatures = null
	Palette = null
	RawKvp = {REQUEST=GetMap, FORMAT=image/png, SRS=EPSG:3857, BBOX=11173259.046613924,1526294.580798401,11192826.92585493,1545862.4600394047, VERSION=1.1.1, STYLES=, SERVICE=WMS, WIDTH=256, HEIGHT=256, TRANSPARENT=true, LAYERS=ws_30cad3c4:vec_s2s_vec_agriculture_area_pol_e832f923}
	RemoteOwsType = null
	RemoteOwsURL = null
	Request = GetMap
	RequestCharset = UTF-8
	ScaleMethod = null
	Sld = null
	SldBody = null
	SldVersion = null
	SortBy = null
	SortByArrays = null
	SRS = EPSG:3857
	StartIndex = null
	StyleBody = null
	StyleFormat = sld
	Styles = [StyleImpl[ name=style_vec_s2s_vec_agriculture_area_pol_e832f923]]
	StyleUrl = null
	StyleVersion = null
	Tiled = false
	TilesOrigin = null
	Time = []
	Transparent = true
	ValidateSchema = false
	Version = 1.1.1
	ViewParams = null
	Width = 256
23 Sep 08:57:50 INFO   [geoserver.flow] - releasing flow controllers for [WMS 1.1.1 GetMap]
23 Sep 08:57:50 INFO   [geoserver.flow] - Request completed, running requests: 3, blocked requests: 0
23 Sep 08:57:51 INFO   [geoserver.flow] - releasing flow controllers for [WMS 1.1.1 GetMap]
23 Sep 08:57:51 INFO   [geoserver.flow] - Request completed, running requests: 2, blocked requests: 0
23 Sep 08:57:51 INFO   [geoserver.wms] - 
Request: getMap
	Angle = 0.0
	BaseUrl = http://localhost:8080/geoserver/
	Bbox = SRSEnvelope[1.1134123288131915E7 : 1.115369116737292E7, 1545862.4600394047 : 1565430.33928041]
	BgColor = java.awt.Color[r=255,g=255,b=255]
	Buffer = 0
	Clip = null
	CQLFilter = null
	Crs = PROJCS["WGS 84 / Pseudo-Mercator", 
  GEOGCS["WGS 84", 
    DATUM["World Geodetic System 1984", 
      SPHEROID["WGS 84", 6378137.0, 298.257223563, AUTHORITY["EPSG","7030"]], 
      AUTHORITY["EPSG","6326"]], 
    PRIMEM["Greenwich", 0.0, AUTHORITY["EPSG","8901"]], 
    UNIT["degree", 0.017453292519943295], 
    AXIS["Geodetic longitude", EAST], 
    AXIS["Geodetic latitude", NORTH], 
    AUTHORITY["EPSG","4326"]], 
  PROJECTION["Popular Visualisation Pseudo Mercator", AUTHORITY["EPSG","1024"]], 
  PARAMETER["semi_minor", 6378137.0], 
  PARAMETER["latitude_of_origin", 0.0], 
  PARAMETER["central_meridian", 0.0], 
  PARAMETER["scale_factor", 1.0], 
  PARAMETER["false_easting", 0.0], 
  PARAMETER["false_northing", 0.0], 
  UNIT["m", 1.0], 
  AXIS["Easting", EAST], 
  AXIS["Northing", NORTH], 
  AUTHORITY["EPSG","3857"]]
	Elevation = []
	Env = {}
	Exceptions = SE_XML
	FeatureId = null
	FeatureVersion = null
	Filter = null
	Format = image/png
	FormatOptions = {}
	Get = true
	Height = 256
	Interpolations = []
	Layers = [org.geoserver.wms.MapLayerInfo@69bc6692[description=<null>,label=Agriculture area poly,layerFeatureConstraints=<null>,layerGroupMetadata={},layerInfo=SecuredLayerInfo[LayerInfoImpl[vec_s2s_vec_agriculture_area_pol_e832f923, resource:FeatureTypeInfoImpl[vec_s2s_vec_agriculture_area_pol_e832f923]]],name=vec_s2s_vec_agriculture_area_pol_e832f923,remoteFeatureSource=<null>,style=<null>,type=0]]
	MaxFeatures = null
	Palette = null
	RawKvp = {REQUEST=GetMap, FORMAT=image/png, SRS=EPSG:3857, BBOX=11134123.288131915,1545862.4600394047,11153691.16737292,1565430.33928041, VERSION=1.1.1, STYLES=, SERVICE=WMS, WIDTH=256, HEIGHT=256, TRANSPARENT=true, LAYERS=ws_30cad3c4:vec_s2s_vec_agriculture_area_pol_e832f923}
	RemoteOwsType = null
	RemoteOwsURL = null
	Request = GetMap
	RequestCharset = UTF-8
	ScaleMethod = null
	Sld = null
	SldBody = null
	SldVersion = null
	SortBy = null
	SortByArrays = null
	SRS = EPSG:3857
	StartIndex = null
	StyleBody = null
	StyleFormat = sld
	Styles = [StyleImpl[ name=style_vec_s2s_vec_agriculture_area_pol_e832f923]]
	StyleUrl = null
	StyleVersion = null
	Tiled = false
	TilesOrigin = null
	Time = []
	Transparent = true
	ValidateSchema = false
	Version = 1.1.1
	ViewParams = null
	Width = 256
23 Sep 08:57:51 INFO   [geoserver.wms] - 
Request: getMap
	Angle = 0.0
	BaseUrl = http://localhost:8080/geoserver/
	Bbox = SRSEnvelope[1.1134123288131915E7 : 1.115369116737292E7, 1526294.580798401 : 1545862.4600394047]
	BgColor = java.awt.Color[r=255,g=255,b=255]
	Buffer = 0
	Clip = null
	CQLFilter = null
	Crs = PROJCS["WGS 84 / Pseudo-Mercator", 
  GEOGCS["WGS 84", 
    DATUM["World Geodetic System 1984", 
      SPHEROID["WGS 84", 6378137.0, 298.257223563, AUTHORITY["EPSG","7030"]], 
      AUTHORITY["EPSG","6326"]], 
    PRIMEM["Greenwich", 0.0, AUTHORITY["EPSG","8901"]], 
    UNIT["degree", 0.017453292519943295], 
    AXIS["Geodetic longitude", EAST], 
    AXIS["Geodetic latitude", NORTH], 
    AUTHORITY["EPSG","4326"]], 
  PROJECTION["Popular Visualisation Pseudo Mercator", AUTHORITY["EPSG","1024"]], 
  PARAMETER["semi_minor", 6378137.0], 
  PARAMETER["latitude_of_origin", 0.0], 
  PARAMETER["central_meridian", 0.0], 
  PARAMETER["scale_factor", 1.0], 
  PARAMETER["false_easting", 0.0], 
  PARAMETER["false_northing", 0.0], 
  UNIT["m", 1.0], 
  AXIS["Easting", EAST], 
  AXIS["Northing", NORTH], 
  AUTHORITY["EPSG","3857"]]
	Elevation = []
	Env = {}
	Exceptions = SE_XML
	FeatureId = null
	FeatureVersion = null
	Filter = null
	Format = image/png
	FormatOptions = {}
	Get = true
	Height = 256
	Interpolations = []
	Layers = [org.geoserver.wms.MapLayerInfo@34b35eb4[description=<null>,label=Agriculture area poly,layerFeatureConstraints=<null>,layerGroupMetadata={},layerInfo=SecuredLayerInfo[LayerInfoImpl[vec_s2s_vec_agriculture_area_pol_e832f923, resource:FeatureTypeInfoImpl[vec_s2s_vec_agriculture_area_pol_e832f923]]],name=vec_s2s_vec_agriculture_area_pol_e832f923,remoteFeatureSource=<null>,style=<null>,type=0]]
	MaxFeatures = null
	Palette = null
	RawKvp = {REQUEST=GetMap, FORMAT=image/png, SRS=EPSG:3857, BBOX=11134123.288131915,1526294.580798401,11153691.16737292,1545862.4600394047, VERSION=1.1.1, STYLES=, SERVICE=WMS, WIDTH=256, HEIGHT=256, TRANSPARENT=true, LAYERS=ws_30cad3c4:vec_s2s_vec_agriculture_area_pol_e832f923}
	RemoteOwsType = null
	RemoteOwsURL = null
	Request = GetMap
	RequestCharset = UTF-8
	ScaleMethod = null
	Sld = null
	SldBody = null
	SldVersion = null
	SortBy = null
	SortByArrays = null
	SRS = EPSG:3857
	StartIndex = null
	StyleBody = null
	StyleFormat = sld
	Styles = [StyleImpl[ name=style_vec_s2s_vec_agriculture_area_pol_e832f923]]
	StyleUrl = null
	StyleVersion = null
	Tiled = false
	TilesOrigin = null
	Time = []
	Transparent = true
	ValidateSchema = false
	Version = 1.1.1
	ViewParams = null
	Width = 256
23 Sep 08:57:51 INFO   [geoserver.flow] - releasing flow controllers for [WMS 1.1.1 GetMap]
23 Sep 08:57:51 INFO   [geoserver.flow] - Request completed, running requests: 1, blocked requests: 0
23 Sep 08:57:51 INFO   [geoserver.flow] - releasing flow controllers for [WMS 1.1.1 GetMap]
23 Sep 08:57:51 INFO   [geoserver.flow] - Request completed, running requests: 0, blocked requests: 0
23 Sep 08:58:00 INFO   [gwc.layer] - Truncating layer 'ws_30cad3c4:vec_s2s_vec_agriculture_area_pol_e832f923' due to a change in style 'style_vec_s2s_vec_agriculture_area_pol_e832f923'
23 Sep 08:58:00 INFO   [geoserver.gwc] - Saving GeoSeverTileLayer ws_30cad3c4:vec_s2s_vec_agriculture_area_pol_e832f923
23 Sep 08:58:00 INFO   [rest.catalog] - PUT layer ws_30cad3c4:vec_s2s_vec_agriculture_area_pol_e832f923
23 Sep 08:58:00 INFO   [geoserver.gwc] - Saving GeoSeverTileLayer ws_30cad3c4:vec_s2s_vec_agriculture_area_pol_e832f923
23 Sep 08:58:00 INFO   [rest.catalog] - PUT layer vec_s2s_vec_agriculture_area_pol_e832f923
23 Sep 08:58:01 INFO   [geoserver.wms] - 
Request: getServiceInfo
23 Sep 08:58:01 INFO   [geoserver.wms] - 
Request: getServiceInfo
23 Sep 08:58:01 INFO   [geoserver.wms] - 
Request: getServiceInfo
23 Sep 08:58:01 INFO   [geoserver.wms] - 
Request: getServiceInfo
23 Sep 08:58:01 INFO   [geoserver.wms] - 
Request: getServiceInfo
23 Sep 08:58:01 INFO   [geoserver.wms] - 
Request: getServiceInfo
23 Sep 08:58:01 INFO   [geoserver.flow] - Request [WMS 1.1.1 GetMap] starting, processing through flow controllers
23 Sep 08:58:01 INFO   [geoserver.flow] - Request [WMS 1.1.1 GetMap] starting, processing through flow controllers
23 Sep 08:58:01 INFO   [geoserver.flow] - Request control-flow performed, running requests: 2, blocked requests: 4
23 Sep 08:58:01 INFO   [geoserver.flow] - Request [WMS 1.1.1 GetMap] starting, processing through flow controllers
23 Sep 08:58:01 INFO   [geoserver.flow] - Request [WMS 1.1.1 GetMap] starting, processing through flow controllers
23 Sep 08:58:01 INFO   [geoserver.flow] - Request [WMS 1.1.1 GetMap] starting, processing through flow controllers
23 Sep 08:58:01 INFO   [geoserver.flow] - Request control-flow performed, running requests: 1, blocked requests: 5
23 Sep 08:58:01 INFO   [geoserver.flow] - Request control-flow performed, running requests: 5, blocked requests: 1
23 Sep 08:58:01 INFO   [geoserver.flow] - Request [WMS 1.1.1 GetMap] starting, processing through flow controllers
23 Sep 08:58:01 INFO   [geoserver.flow] - Request control-flow performed, running requests: 6, blocked requests: 0
23 Sep 08:58:01 INFO   [geoserver.flow] - Request control-flow performed, running requests: 4, blocked requests: 2
23 Sep 08:58:01 INFO   [geoserver.wms] - 
Request: getMap
	Angle = 0.0
	BaseUrl = http://localhost:8080/geoserver/
	Bbox = SRSEnvelope[1.1173259046613924E7 : 1.119282692585493E7, 1545862.4600394047 : 1565430.33928041]
	BgColor = java.awt.Color[r=255,g=255,b=255]
	Buffer = 0
	Clip = null
	CQLFilter = null
	Crs = PROJCS["WGS 84 / Pseudo-Mercator", 
  GEOGCS["WGS 84", 
    DATUM["World Geodetic System 1984", 
      SPHEROID["WGS 84", 6378137.0, 298.257223563, AUTHORITY["EPSG","7030"]], 
      AUTHORITY["EPSG","6326"]], 
    PRIMEM["Greenwich", 0.0, AUTHORITY["EPSG","8901"]], 
    UNIT["degree", 0.017453292519943295], 
    AXIS["Geodetic longitude", EAST], 
    AXIS["Geodetic latitude", NORTH], 
    AUTHORITY["EPSG","4326"]], 
  PROJECTION["Popular Visualisation Pseudo Mercator", AUTHORITY["EPSG","1024"]], 
  PARAMETER["semi_minor", 6378137.0], 
  PARAMETER["latitude_of_origin", 0.0], 
  PARAMETER["central_meridian", 0.0], 
  PARAMETER["scale_factor", 1.0], 
  PARAMETER["false_easting", 0.0], 
  PARAMETER["false_northing", 0.0], 
  UNIT["m", 1.0], 
  AXIS["Easting", EAST], 
  AXIS["Northing", NORTH], 
  AUTHORITY["EPSG","3857"]]
	Elevation = []
	Env = {}
	Exceptions = SE_XML
	FeatureId = null
	FeatureVersion = null
	Filter = null
	Format = image/png
	FormatOptions = {}
	Get = true
	Height = 256
	Interpolations = []
	Layers = [org.geoserver.wms.MapLayerInfo@7acf0897[description=<null>,label=Agriculture area poly,layerFeatureConstraints=<null>,layerGroupMetadata={},layerInfo=SecuredLayerInfo[LayerInfoImpl[vec_s2s_vec_agriculture_area_pol_e832f923, resource:FeatureTypeInfoImpl[vec_s2s_vec_agriculture_area_pol_e832f923]]],name=vec_s2s_vec_agriculture_area_pol_e832f923,remoteFeatureSource=<null>,style=<null>,type=0]]
	MaxFeatures = null
	Palette = null
	RawKvp = {_T=1790153881168, REQUEST=GetMap, FORMAT=image/png, SRS=EPSG:3857, BBOX=11173259.046613924,1545862.4600394047,11192826.92585493,1565430.33928041, VERSION=1.1.1, STYLES=, SERVICE=WMS, WIDTH=256, HEIGHT=256, TRANSPARENT=true, LAYERS=ws_30cad3c4:vec_s2s_vec_agriculture_area_pol_e832f923}
	RemoteOwsType = null
	RemoteOwsURL = null
	Request = GetMap
	RequestCharset = UTF-8
	ScaleMethod = null
	Sld = null
	SldBody = null
	SldVersion = null
	SortBy = null
	SortByArrays = null
	SRS = EPSG:3857
	StartIndex = null
	StyleBody = null
	StyleFormat = sld
	Styles = [StyleImpl[ name=style_vec_s2s_vec_agriculture_area_pol_e832f923]]
	StyleUrl = null
	StyleVersion = null
	Tiled = false
	TilesOrigin = null
	Time = []
	Transparent = true
	ValidateSchema = false
	Version = 1.1.1
	ViewParams = null
	Width = 256
23 Sep 08:58:01 INFO   [geoserver.flow] - Request control-flow performed, running requests: 3, blocked requests: 3
23 Sep 08:58:01 INFO   [geoserver.flow] - releasing flow controllers for [WMS 1.1.1 GetMap]
23 Sep 08:58:01 INFO   [geoserver.flow] - Request completed, running requests: 5, blocked requests: 0
23 Sep 08:58:01 INFO   [geoserver.wms] - 
Request: getServiceInfo
23 Sep 08:58:01 INFO   [geoserver.flow] - Request [WMS 1.1.1 GetMap] starting, processing through flow controllers
23 Sep 08:58:01 INFO   [geoserver.flow] - Request control-flow performed, running requests: 6, blocked requests: 0
23 Sep 08:58:02 CONFIG [platform.resource] - Notifying ENTRY_MODIFY change on /opt/geoserver/data_dir/gwc-layers. Created: 0, removed: 0, modified: 1
23 Sep 08:58:03 INFO   [geoserver.wms] - 
Request: getMap
	Angle = 0.0
	BaseUrl = http://localhost:8080/geoserver/
	Bbox = SRSEnvelope[1.1114555408890909E7 : 1.1134123288131915E7, 1526294.580798401 : 1545862.4600394047]
	BgColor = java.awt.Color[r=255,g=255,b=255]
	Buffer = 0
	Clip = null
	CQLFilter = null
	Crs = PROJCS["WGS 84 / Pseudo-Mercator", 
  GEOGCS["WGS 84", 
    DATUM["World Geodetic System 1984", 
      SPHEROID["WGS 84", 6378137.0, 298.257223563, AUTHORITY["EPSG","7030"]], 
      AUTHORITY["EPSG","6326"]], 
    PRIMEM["Greenwich", 0.0, AUTHORITY["EPSG","8901"]], 
    UNIT["degree", 0.017453292519943295], 
    AXIS["Geodetic longitude", EAST], 
    AXIS["Geodetic latitude", NORTH], 
    AUTHORITY["EPSG","4326"]], 
  PROJECTION["Popular Visualisation Pseudo Mercator", AUTHORITY["EPSG","1024"]], 
  PARAMETER["semi_minor", 6378137.0], 
  PARAMETER["latitude_of_origin", 0.0], 
  PARAMETER["central_meridian", 0.0], 
  PARAMETER["scale_factor", 1.0], 
  PARAMETER["false_easting", 0.0], 
  PARAMETER["false_northing", 0.0], 
  UNIT["m", 1.0], 
  AXIS["Easting", EAST], 
  AXIS["Northing", NORTH], 
  AUTHORITY["EPSG","3857"]]
	Elevation = []
	Env = {}
	Exceptions = SE_XML
	FeatureId = null
	FeatureVersion = null
	Filter = null
	Format = image/png
	FormatOptions = {}
	Get = true
	Height = 256
	Interpolations = []
	Layers = [org.geoserver.wms.MapLayerInfo@4389ff47[description=<null>,label=Agriculture area poly,layerFeatureConstraints=<null>,layerGroupMetadata={},layerInfo=SecuredLayerInfo[LayerInfoImpl[vec_s2s_vec_agriculture_area_pol_e832f923, resource:FeatureTypeInfoImpl[vec_s2s_vec_agriculture_area_pol_e832f923]]],name=vec_s2s_vec_agriculture_area_pol_e832f923,remoteFeatureSource=<null>,style=<null>,type=0]]
	MaxFeatures = null
	Palette = null
	RawKvp = {_T=1790153881168, REQUEST=GetMap, FORMAT=image/png, SRS=EPSG:3857, BBOX=11114555.408890909,1526294.580798401,11134123.288131915,1545862.4600394047, VERSION=1.1.1, STYLES=, SERVICE=WMS, WIDTH=256, HEIGHT=256, TRANSPARENT=true, LAYERS=ws_30cad3c4:vec_s2s_vec_agriculture_area_pol_e832f923}
	RemoteOwsType = null
	RemoteOwsURL = null
	Request = GetMap
	RequestCharset = UTF-8
	ScaleMethod = null
	Sld = null
	SldBody = null
	SldVersion = null
	SortBy = null
	SortByArrays = null
	SRS = EPSG:3857
	StartIndex = null
	StyleBody = null
	StyleFormat = sld
	Styles = [StyleImpl[ name=style_vec_s2s_vec_agriculture_area_pol_e832f923]]
	StyleUrl = null
	StyleVersion = null
	Tiled = false
	TilesOrigin = null
	Time = []
	Transparent = true
	ValidateSchema = false
	Version = 1.1.1
	ViewParams = null
	Width = 256
23 Sep 08:58:03 INFO   [geoserver.flow] - releasing flow controllers for [WMS 1.1.1 GetMap]
23 Sep 08:58:03 INFO   [geoserver.flow] - Request completed, running requests: 5, blocked requests: 0
23 Sep 08:58:03 INFO   [geoserver.wms] - 
Request: getServiceInfo
23 Sep 08:58:03 INFO   [geoserver.flow] - Request [WMS 1.1.1 GetMap] starting, processing through flow controllers
23 Sep 08:58:03 INFO   [geoserver.flow] - Request control-flow performed, running requests: 6, blocked requests: 0
23 Sep 08:58:03 INFO   [geoserver.wms] - 
Request: getMap
	Angle = 0.0
	BaseUrl = http://localhost:8080/geoserver/
	Bbox = SRSEnvelope[1.1173259046613924E7 : 1.119282692585493E7, 1526294.580798401 : 1545862.4600394047]
	BgColor = java.awt.Color[r=255,g=255,b=255]
	Buffer = 0
	Clip = null
	CQLFilter = null
	Crs = PROJCS["WGS 84 / Pseudo-Mercator", 
  GEOGCS["WGS 84", 
    DATUM["World Geodetic System 1984", 
      SPHEROID["WGS 84", 6378137.0, 298.257223563, AUTHORITY["EPSG","7030"]], 
      AUTHORITY["EPSG","6326"]], 
    PRIMEM["Greenwich", 0.0, AUTHORITY["EPSG","8901"]], 
    UNIT["degree", 0.017453292519943295], 
    AXIS["Geodetic longitude", EAST], 
    AXIS["Geodetic latitude", NORTH], 
    AUTHORITY["EPSG","4326"]], 
  PROJECTION["Popular Visualisation Pseudo Mercator", AUTHORITY["EPSG","1024"]], 
  PARAMETER["semi_minor", 6378137.0], 
  PARAMETER["latitude_of_origin", 0.0], 
  PARAMETER["central_meridian", 0.0], 
  PARAMETER["scale_factor", 1.0], 
  PARAMETER["false_easting", 0.0], 
  PARAMETER["false_northing", 0.0], 
  UNIT["m", 1.0], 
  AXIS["Easting", EAST], 
  AXIS["Northing", NORTH], 
  AUTHORITY["EPSG","3857"]]
	Elevation = []
	Env = {}
	Exceptions = SE_XML
	FeatureId = null
	FeatureVersion = null
	Filter = null
	Format = image/png
	FormatOptions = {}
	Get = true
	Height = 256
	Interpolations = []
	Layers = [org.geoserver.wms.MapLayerInfo@73e58a83[description=<null>,label=Agriculture area poly,layerFeatureConstraints=<null>,layerGroupMetadata={},layerInfo=SecuredLayerInfo[LayerInfoImpl[vec_s2s_vec_agriculture_area_pol_e832f923, resource:FeatureTypeInfoImpl[vec_s2s_vec_agriculture_area_pol_e832f923]]],name=vec_s2s_vec_agriculture_area_pol_e832f923,remoteFeatureSource=<null>,style=<null>,type=0]]
	MaxFeatures = null
	Palette = null
	RawKvp = {_T=1790153881168, REQUEST=GetMap, FORMAT=image/png, SRS=EPSG:3857, BBOX=11173259.046613924,1526294.580798401,11192826.92585493,1545862.4600394047, VERSION=1.1.1, STYLES=, SERVICE=WMS, WIDTH=256, HEIGHT=256, TRANSPARENT=true, LAYERS=ws_30cad3c4:vec_s2s_vec_agriculture_area_pol_e832f923}
	RemoteOwsType = null
	RemoteOwsURL = null
	Request = GetMap
	RequestCharset = UTF-8
	ScaleMethod = null
	Sld = null
	SldBody = null
	SldVersion = null
	SortBy = null
	SortByArrays = null
	SRS = EPSG:3857
	StartIndex = null
	StyleBody = null
	StyleFormat = sld
	Styles = [StyleImpl[ name=style_vec_s2s_vec_agriculture_area_pol_e832f923]]
	StyleUrl = null
	StyleVersion = null
	Tiled = false
	TilesOrigin = null
	Time = []
	Transparent = true
	ValidateSchema = false
	Version = 1.1.1
	ViewParams = null
	Width = 256
23 Sep 08:58:03 INFO   [geoserver.flow] - releasing flow controllers for [WMS 1.1.1 GetMap]
23 Sep 08:58:03 INFO   [geoserver.flow] - Request completed, running requests: 5, blocked requests: 0
23 Sep 08:58:03 INFO   [geoserver.wms] - 
Request: getMap
	Angle = 0.0
	BaseUrl = http://localhost:8080/geoserver/
	Bbox = SRSEnvelope[1.115369116737292E7 : 1.1173259046613924E7, 1545862.4600394047 : 1565430.33928041]
	BgColor = java.awt.Color[r=255,g=255,b=255]
	Buffer = 0
	Clip = null
	CQLFilter = null
	Crs = PROJCS["WGS 84 / Pseudo-Mercator", 
  GEOGCS["WGS 84", 
    DATUM["World Geodetic System 1984", 
      SPHEROID["WGS 84", 6378137.0, 298.257223563, AUTHORITY["EPSG","7030"]], 
      AUTHORITY["EPSG","6326"]], 
    PRIMEM["Greenwich", 0.0, AUTHORITY["EPSG","8901"]], 
    UNIT["degree", 0.017453292519943295], 
    AXIS["Geodetic longitude", EAST], 
    AXIS["Geodetic latitude", NORTH], 
    AUTHORITY["EPSG","4326"]], 
  PROJECTION["Popular Visualisation Pseudo Mercator", AUTHORITY["EPSG","1024"]], 
  PARAMETER["semi_minor", 6378137.0], 
  PARAMETER["latitude_of_origin", 0.0], 
  PARAMETER["central_meridian", 0.0], 
  PARAMETER["scale_factor", 1.0], 
  PARAMETER["false_easting", 0.0], 
  PARAMETER["false_northing", 0.0], 
  UNIT["m", 1.0], 
  AXIS["Easting", EAST], 
  AXIS["Northing", NORTH], 
  AUTHORITY["EPSG","3857"]]
	Elevation = []
	Env = {}
	Exceptions = SE_XML
	FeatureId = null
	FeatureVersion = null
	Filter = null
	Format = image/png
	FormatOptions = {}
	Get = true
	Height = 256
	Interpolations = []
	Layers = [org.geoserver.wms.MapLayerInfo@483e118b[description=<null>,label=Agriculture area poly,layerFeatureConstraints=<null>,layerGroupMetadata={},layerInfo=SecuredLayerInfo[LayerInfoImpl[vec_s2s_vec_agriculture_area_pol_e832f923, resource:FeatureTypeInfoImpl[vec_s2s_vec_agriculture_area_pol_e832f923]]],name=vec_s2s_vec_agriculture_area_pol_e832f923,remoteFeatureSource=<null>,style=<null>,type=0]]
	MaxFeatures = null
	Palette = null
	RawKvp = {_T=1790153881168, REQUEST=GetMap, FORMAT=image/png, SRS=EPSG:3857, BBOX=11153691.16737292,1545862.4600394047,11173259.046613924,1565430.33928041, VERSION=1.1.1, STYLES=, SERVICE=WMS, WIDTH=256, HEIGHT=256, TRANSPARENT=true, LAYERS=ws_30cad3c4:vec_s2s_vec_agriculture_area_pol_e832f923}
	RemoteOwsType = null
	RemoteOwsURL = null
	Request = GetMap
	RequestCharset = UTF-8
	ScaleMethod = null
	Sld = null
	SldBody = null
	SldVersion = null
	SortBy = null
	SortByArrays = null
	SRS = EPSG:3857
	StartIndex = null
	StyleBody = null
	StyleFormat = sld
	Styles = [StyleImpl[ name=style_vec_s2s_vec_agriculture_area_pol_e832f923]]
	StyleUrl = null
	StyleVersion = null
	Tiled = false
	TilesOrigin = null
	Time = []
	Transparent = true
	ValidateSchema = false
	Version = 1.1.1
	ViewParams = null
	Width = 256
23 Sep 08:58:03 INFO   [geoserver.wms] - 
Request: getMap
	Angle = 0.0
	BaseUrl = http://localhost:8080/geoserver/
	Bbox = SRSEnvelope[1.115369116737292E7 : 1.1173259046613924E7, 1526294.580798401 : 1545862.4600394047]
	BgColor = java.awt.Color[r=255,g=255,b=255]
	Buffer = 0
	Clip = null
	CQLFilter = null
	Crs = PROJCS["WGS 84 / Pseudo-Mercator", 
  GEOGCS["WGS 84", 
    DATUM["World Geodetic System 1984", 
      SPHEROID["WGS 84", 6378137.0, 298.257223563, AUTHORITY["EPSG","7030"]], 
      AUTHORITY["EPSG","6326"]], 
    PRIMEM["Greenwich", 0.0, AUTHORITY["EPSG","8901"]], 
    UNIT["degree", 0.017453292519943295], 
    AXIS["Geodetic longitude", EAST], 
    AXIS["Geodetic latitude", NORTH], 
    AUTHORITY["EPSG","4326"]], 
  PROJECTION["Popular Visualisation Pseudo Mercator", AUTHORITY["EPSG","1024"]], 
  PARAMETER["semi_minor", 6378137.0], 
  PARAMETER["latitude_of_origin", 0.0], 
  PARAMETER["central_meridian", 0.0], 
  PARAMETER["scale_factor", 1.0], 
  PARAMETER["false_easting", 0.0], 
  PARAMETER["false_northing", 0.0], 
  UNIT["m", 1.0], 
  AXIS["Easting", EAST], 
  AXIS["Northing", NORTH], 
  AUTHORITY["EPSG","3857"]]
	Elevation = []
	Env = {}
	Exceptions = SE_XML
	FeatureId = null
	FeatureVersion = null
	Filter = null
	Format = image/png
	FormatOptions = {}
	Get = true
	Height = 256
	Interpolations = []
	Layers = [org.geoserver.wms.MapLayerInfo@6baeaa25[description=<null>,label=Agriculture area poly,layerFeatureConstraints=<null>,layerGroupMetadata={},layerInfo=SecuredLayerInfo[LayerInfoImpl[vec_s2s_vec_agriculture_area_pol_e832f923, resource:FeatureTypeInfoImpl[vec_s2s_vec_agriculture_area_pol_e832f923]]],name=vec_s2s_vec_agriculture_area_pol_e832f923,remoteFeatureSource=<null>,style=<null>,type=0]]
	MaxFeatures = null
	Palette = null
	RawKvp = {_T=1790153881168, REQUEST=GetMap, FORMAT=image/png, SRS=EPSG:3857, BBOX=11153691.16737292,1526294.580798401,11173259.046613924,1545862.4600394047, VERSION=1.1.1, STYLES=, SERVICE=WMS, WIDTH=256, HEIGHT=256, TRANSPARENT=true, LAYERS=ws_30cad3c4:vec_s2s_vec_agriculture_area_pol_e832f923}
	RemoteOwsType = null
	RemoteOwsURL = null
	Request = GetMap
	RequestCharset = UTF-8
	ScaleMethod = null
	Sld = null
	SldBody = null
	SldVersion = null
	SortBy = null
	SortByArrays = null
	SRS = EPSG:3857
	StartIndex = null
	StyleBody = null
	StyleFormat = sld
	Styles = [StyleImpl[ name=style_vec_s2s_vec_agriculture_area_pol_e832f923]]
	StyleUrl = null
	StyleVersion = null
	Tiled = false
	TilesOrigin = null
	Time = []
	Transparent = true
	ValidateSchema = false
	Version = 1.1.1
	ViewParams = null
	Width = 256
23 Sep 08:58:03 INFO   [geoserver.flow] - releasing flow controllers for [WMS 1.1.1 GetMap]
23 Sep 08:58:03 INFO   [geoserver.flow] - Request completed, running requests: 4, blocked requests: 0
23 Sep 08:58:03 INFO   [geoserver.flow] - releasing flow controllers for [WMS 1.1.1 GetMap]
23 Sep 08:58:03 INFO   [geoserver.flow] - Request completed, running requests: 3, blocked requests: 0
23 Sep 08:58:03 CONFIG [platform.resource] - Notifying ENTRY_MODIFY change on /opt/geoserver/data_dir/styles/style_vec_s2s_vec_agriculture_area_pol_e832f923.sld. Created: 0, removed: 0, modified: 0
23 Sep 08:58:04 INFO   [geoserver.wms] - 
Request: getMap
	Angle = 0.0
	BaseUrl = http://localhost:8080/geoserver/
	Bbox = SRSEnvelope[1.1114555408890909E7 : 1.1134123288131915E7, 1545862.4600394047 : 1565430.33928041]
	BgColor = java.awt.Color[r=255,g=255,b=255]
	Buffer = 0
	Clip = null
	CQLFilter = null
	Crs = PROJCS["WGS 84 / Pseudo-Mercator", 
  GEOGCS["WGS 84", 
    DATUM["World Geodetic System 1984", 
      SPHEROID["WGS 84", 6378137.0, 298.257223563, AUTHORITY["EPSG","7030"]], 
      AUTHORITY["EPSG","6326"]], 
    PRIMEM["Greenwich", 0.0, AUTHORITY["EPSG","8901"]], 
    UNIT["degree", 0.017453292519943295], 
    AXIS["Geodetic longitude", EAST], 
    AXIS["Geodetic latitude", NORTH], 
    AUTHORITY["EPSG","4326"]], 
  PROJECTION["Popular Visualisation Pseudo Mercator", AUTHORITY["EPSG","1024"]], 
  PARAMETER["semi_minor", 6378137.0], 
  PARAMETER["latitude_of_origin", 0.0], 
  PARAMETER["central_meridian", 0.0], 
  PARAMETER["scale_factor", 1.0], 
  PARAMETER["false_easting", 0.0], 
  PARAMETER["false_northing", 0.0], 
  UNIT["m", 1.0], 
  AXIS["Easting", EAST], 
  AXIS["Northing", NORTH], 
  AUTHORITY["EPSG","3857"]]
	Elevation = []
	Env = {}
	Exceptions = SE_XML
	FeatureId = null
	FeatureVersion = null
	Filter = null
	Format = image/png
	FormatOptions = {}
	Get = true
	Height = 256
	Interpolations = []
	Layers = [org.geoserver.wms.MapLayerInfo@7e26a2ea[description=<null>,label=Agriculture area poly,layerFeatureConstraints=<null>,layerGroupMetadata={},layerInfo=SecuredLayerInfo[LayerInfoImpl[vec_s2s_vec_agriculture_area_pol_e832f923, resource:FeatureTypeInfoImpl[vec_s2s_vec_agriculture_area_pol_e832f923]]],name=vec_s2s_vec_agriculture_area_pol_e832f923,remoteFeatureSource=<null>,style=<null>,type=0]]
	MaxFeatures = null
	Palette = null
	RawKvp = {_T=1790153881168, REQUEST=GetMap, FORMAT=image/png, SRS=EPSG:3857, BBOX=11114555.408890909,1545862.4600394047,11134123.288131915,1565430.33928041, VERSION=1.1.1, STYLES=, SERVICE=WMS, WIDTH=256, HEIGHT=256, TRANSPARENT=true, LAYERS=ws_30cad3c4:vec_s2s_vec_agriculture_area_pol_e832f923}
	RemoteOwsType = null
	RemoteOwsURL = null
	Request = GetMap
	RequestCharset = UTF-8
	ScaleMethod = null
	Sld = null
	SldBody = null
	SldVersion = null
	SortBy = null
	SortByArrays = null
	SRS = EPSG:3857
	StartIndex = null
	StyleBody = null
	StyleFormat = sld
	Styles = [StyleImpl[ name=style_vec_s2s_vec_agriculture_area_pol_e832f923]]
	StyleUrl = null
	StyleVersion = null
	Tiled = false
	TilesOrigin = null
	Time = []
	Transparent = true
	ValidateSchema = false
	Version = 1.1.1
	ViewParams = null
	Width = 256
23 Sep 08:58:04 INFO   [geoserver.flow] - releasing flow controllers for [WMS 1.1.1 GetMap]
23 Sep 08:58:04 INFO   [geoserver.flow] - Request completed, running requests: 2, blocked requests: 0
23 Sep 08:58:04 INFO   [geoserver.wms] - 
Request: getMap
	Angle = 0.0
	BaseUrl = http://localhost:8080/geoserver/
	Bbox = SRSEnvelope[1.1134123288131915E7 : 1.115369116737292E7, 1545862.4600394047 : 1565430.33928041]
	BgColor = java.awt.Color[r=255,g=255,b=255]
	Buffer = 0
	Clip = null
	CQLFilter = null
	Crs = PROJCS["WGS 84 / Pseudo-Mercator", 
  GEOGCS["WGS 84", 
    DATUM["World Geodetic System 1984", 
      SPHEROID["WGS 84", 6378137.0, 298.257223563, AUTHORITY["EPSG","7030"]], 
      AUTHORITY["EPSG","6326"]], 
    PRIMEM["Greenwich", 0.0, AUTHORITY["EPSG","8901"]], 
    UNIT["degree", 0.017453292519943295], 
    AXIS["Geodetic longitude", EAST], 
    AXIS["Geodetic latitude", NORTH], 
    AUTHORITY["EPSG","4326"]], 
  PROJECTION["Popular Visualisation Pseudo Mercator", AUTHORITY["EPSG","1024"]], 
  PARAMETER["semi_minor", 6378137.0], 
  PARAMETER["latitude_of_origin", 0.0], 
  PARAMETER["central_meridian", 0.0], 
  PARAMETER["scale_factor", 1.0], 
  PARAMETER["false_easting", 0.0], 
  PARAMETER["false_northing", 0.0], 
  UNIT["m", 1.0], 
  AXIS["Easting", EAST], 
  AXIS["Northing", NORTH], 
  AUTHORITY["EPSG","3857"]]
	Elevation = []
	Env = {}
	Exceptions = SE_XML
	FeatureId = null
	FeatureVersion = null
	Filter = null
	Format = image/png
	FormatOptions = {}
	Get = true
	Height = 256
	Interpolations = []
	Layers = [org.geoserver.wms.MapLayerInfo@2823f61b[description=<null>,label=Agriculture area poly,layerFeatureConstraints=<null>,layerGroupMetadata={},layerInfo=SecuredLayerInfo[LayerInfoImpl[vec_s2s_vec_agriculture_area_pol_e832f923, resource:FeatureTypeInfoImpl[vec_s2s_vec_agriculture_area_pol_e832f923]]],name=vec_s2s_vec_agriculture_area_pol_e832f923,remoteFeatureSource=<null>,style=<null>,type=0]]
	MaxFeatures = null
	Palette = null
	RawKvp = {_T=1790153881168, REQUEST=GetMap, FORMAT=image/png, SRS=EPSG:3857, BBOX=11134123.288131915,1545862.4600394047,11153691.16737292,1565430.33928041, VERSION=1.1.1, STYLES=, SERVICE=WMS, WIDTH=256, HEIGHT=256, TRANSPARENT=true, LAYERS=ws_30cad3c4:vec_s2s_vec_agriculture_area_pol_e832f923}
	RemoteOwsType = null
	RemoteOwsURL = null
	Request = GetMap
	RequestCharset = UTF-8
	ScaleMethod = null
	Sld = null
	SldBody = null
	SldVersion = null
	SortBy = null
	SortByArrays = null
	SRS = EPSG:3857
	StartIndex = null
	StyleBody = null
	StyleFormat = sld
	Styles = [StyleImpl[ name=style_vec_s2s_vec_agriculture_area_pol_e832f923]]
	StyleUrl = null
	StyleVersion = null
	Tiled = false
	TilesOrigin = null
	Time = []
	Transparent = true
	ValidateSchema = false
	Version = 1.1.1
	ViewParams = null
	Width = 256
23 Sep 08:58:04 INFO   [geoserver.flow] - releasing flow controllers for [WMS 1.1.1 GetMap]
23 Sep 08:58:04 INFO   [geoserver.flow] - Request completed, running requests: 1, blocked requests: 0
23 Sep 08:58:04 INFO   [geoserver.wms] - 
Request: getMap
	Angle = 0.0
	BaseUrl = http://localhost:8080/geoserver/
	Bbox = SRSEnvelope[1.1134123288131915E7 : 1.115369116737292E7, 1526294.580798401 : 1545862.4600394047]
	BgColor = java.awt.Color[r=255,g=255,b=255]
	Buffer = 0
	Clip = null
	CQLFilter = null
	Crs = PROJCS["WGS 84 / Pseudo-Mercator", 
  GEOGCS["WGS 84", 
    DATUM["World Geodetic System 1984", 
      SPHEROID["WGS 84", 6378137.0, 298.257223563, AUTHORITY["EPSG","7030"]], 
      AUTHORITY["EPSG","6326"]], 
    PRIMEM["Greenwich", 0.0, AUTHORITY["EPSG","8901"]], 
    UNIT["degree", 0.017453292519943295], 
    AXIS["Geodetic longitude", EAST], 
    AXIS["Geodetic latitude", NORTH], 
    AUTHORITY["EPSG","4326"]], 
  PROJECTION["Popular Visualisation Pseudo Mercator", AUTHORITY["EPSG","1024"]], 
  PARAMETER["semi_minor", 6378137.0], 
  PARAMETER["latitude_of_origin", 0.0], 
  PARAMETER["central_meridian", 0.0], 
  PARAMETER["scale_factor", 1.0], 
  PARAMETER["false_easting", 0.0], 
  PARAMETER["false_northing", 0.0], 
  UNIT["m", 1.0], 
  AXIS["Easting", EAST], 
  AXIS["Northing", NORTH], 
  AUTHORITY["EPSG","3857"]]
	Elevation = []
	Env = {}
	Exceptions = SE_XML
	FeatureId = null
	FeatureVersion = null
	Filter = null
	Format = image/png
	FormatOptions = {}
	Get = true
	Height = 256
	Interpolations = []
	Layers = [org.geoserver.wms.MapLayerInfo@420d293[description=<null>,label=Agriculture area poly,layerFeatureConstraints=<null>,layerGroupMetadata={},layerInfo=SecuredLayerInfo[LayerInfoImpl[vec_s2s_vec_agriculture_area_pol_e832f923, resource:FeatureTypeInfoImpl[vec_s2s_vec_agriculture_area_pol_e832f923]]],name=vec_s2s_vec_agriculture_area_pol_e832f923,remoteFeatureSource=<null>,style=<null>,type=0]]
	MaxFeatures = null
	Palette = null
	RawKvp = {_T=1790153881168, REQUEST=GetMap, FORMAT=image/png, SRS=EPSG:3857, BBOX=11134123.288131915,1526294.580798401,11153691.16737292,1545862.4600394047, VERSION=1.1.1, STYLES=, SERVICE=WMS, WIDTH=256, HEIGHT=256, TRANSPARENT=true, LAYERS=ws_30cad3c4:vec_s2s_vec_agriculture_area_pol_e832f923}
	RemoteOwsType = null
	RemoteOwsURL = null
	Request = GetMap
	RequestCharset = UTF-8
	ScaleMethod = null
	Sld = null
	SldBody = null
	SldVersion = null
	SortBy = null
	SortByArrays = null
	SRS = EPSG:3857
	StartIndex = null
	StyleBody = null
	StyleFormat = sld
	Styles = [StyleImpl[ name=style_vec_s2s_vec_agriculture_area_pol_e832f923]]
	StyleUrl = null
	StyleVersion = null
	Tiled = false
	TilesOrigin = null
	Time = []
	Transparent = true
	ValidateSchema = false
	Version = 1.1.1
	ViewParams = null
	Width = 256
23 Sep 08:58:04 INFO   [geoserver.flow] - releasing flow controllers for [WMS 1.1.1 GetMap]
23 Sep 08:58:04 INFO   [geoserver.flow] - Request completed, running requests: 0, blocked requests: 0
23 Sep 08:58:50 INFO   [gwc.layer] - Truncating layer 'ws_30cad3c4:vec_s2s_vec_agriculture_area_pol_e832f923' due to a change in style 'style_vec_s2s_vec_agriculture_area_pol_e832f923'
23 Sep 08:58:50 INFO   [geoserver.gwc] - Saving GeoSeverTileLayer ws_30cad3c4:vec_s2s_vec_agriculture_area_pol_e832f923
23 Sep 08:58:50 INFO   [rest.catalog] - PUT layer ws_30cad3c4:vec_s2s_vec_agriculture_area_pol_e832f923
23 Sep 08:58:50 INFO   [geoserver.gwc] - Saving GeoSeverTileLayer ws_30cad3c4:vec_s2s_vec_agriculture_area_pol_e832f923
23 Sep 08:58:50 INFO   [rest.catalog] - PUT layer vec_s2s_vec_agriculture_area_pol_e832f923
23 Sep 08:58:50 INFO   [geoserver.wms] - 
Request: getServiceInfo
23 Sep 08:58:50 INFO   [geoserver.wms] - 
Request: getServiceInfo
23 Sep 08:58:50 INFO   [geoserver.wms] - 
Request: getServiceInfo
23 Sep 08:58:50 INFO   [geoserver.wms] - 
Request: getServiceInfo
23 Sep 08:58:50 INFO   [geoserver.wms] - 
Request: getServiceInfo
23 Sep 08:58:50 INFO   [geoserver.wms] - 
Request: getServiceInfo
23 Sep 08:58:50 INFO   [geoserver.flow] - Request [WMS 1.1.1 GetMap] starting, processing through flow controllers
23 Sep 08:58:50 INFO   [geoserver.flow] - Request [WMS 1.1.1 GetMap] starting, processing through flow controllers
23 Sep 08:58:50 INFO   [geoserver.flow] - Request [WMS 1.1.1 GetMap] starting, processing through flow controllers
23 Sep 08:58:50 INFO   [geoserver.flow] - Request [WMS 1.1.1 GetMap] starting, processing through flow controllers
23 Sep 08:58:50 INFO   [geoserver.flow] - Request control-flow performed, running requests: 2, blocked requests: 4
23 Sep 08:58:50 INFO   [geoserver.flow] - Request [WMS 1.1.1 GetMap] starting, processing through flow controllers
23 Sep 08:58:50 INFO   [geoserver.flow] - Request [WMS 1.1.1 GetMap] starting, processing through flow controllers
23 Sep 08:58:50 INFO   [geoserver.flow] - Request control-flow performed, running requests: 4, blocked requests: 2
23 Sep 08:58:50 INFO   [geoserver.flow] - Request control-flow performed, running requests: 3, blocked requests: 3
23 Sep 08:58:50 INFO   [geoserver.flow] - Request control-flow performed, running requests: 1, blocked requests: 5
23 Sep 08:58:50 INFO   [geoserver.flow] - Request control-flow performed, running requests: 5, blocked requests: 1
23 Sep 08:58:50 INFO   [geoserver.flow] - Request control-flow performed, running requests: 6, blocked requests: 0
23 Sep 08:58:50 INFO   [geoserver.wms] - 
Request: getMap
	Angle = 0.0
	BaseUrl = http://localhost:8080/geoserver/
	Bbox = SRSEnvelope[1.1173259046613924E7 : 1.119282692585493E7, 1545862.4600394047 : 1565430.33928041]
	BgColor = java.awt.Color[r=255,g=255,b=255]
	Buffer = 0
	Clip = null
	CQLFilter = null
	Crs = PROJCS["WGS 84 / Pseudo-Mercator", 
  GEOGCS["WGS 84", 
    DATUM["World Geodetic System 1984", 
      SPHEROID["WGS 84", 6378137.0, 298.257223563, AUTHORITY["EPSG","7030"]], 
      AUTHORITY["EPSG","6326"]], 
    PRIMEM["Greenwich", 0.0, AUTHORITY["EPSG","8901"]], 
    UNIT["degree", 0.017453292519943295], 
    AXIS["Geodetic longitude", EAST], 
    AXIS["Geodetic latitude", NORTH], 
    AUTHORITY["EPSG","4326"]], 
  PROJECTION["Popular Visualisation Pseudo Mercator", AUTHORITY["EPSG","1024"]], 
  PARAMETER["semi_minor", 6378137.0], 
  PARAMETER["latitude_of_origin", 0.0], 
  PARAMETER["central_meridian", 0.0], 
  PARAMETER["scale_factor", 1.0], 
  PARAMETER["false_easting", 0.0], 
  PARAMETER["false_northing", 0.0], 
  UNIT["m", 1.0], 
  AXIS["Easting", EAST], 
  AXIS["Northing", NORTH], 
  AUTHORITY["EPSG","3857"]]
	Elevation = []
	Env = {}
	Exceptions = SE_XML
	FeatureId = null
	FeatureVersion = null
	Filter = null
	Format = image/png
	FormatOptions = {}
	Get = true
	Height = 256
	Interpolations = []
	Layers = [org.geoserver.wms.MapLayerInfo@40c44ad2[description=<null>,label=Agriculture area poly,layerFeatureConstraints=<null>,layerGroupMetadata={},layerInfo=SecuredLayerInfo[LayerInfoImpl[vec_s2s_vec_agriculture_area_pol_e832f923, resource:FeatureTypeInfoImpl[vec_s2s_vec_agriculture_area_pol_e832f923]]],name=vec_s2s_vec_agriculture_area_pol_e832f923,remoteFeatureSource=<null>,style=<null>,type=0]]
	MaxFeatures = null
	Palette = null
	RawKvp = {_T=1790153930669, REQUEST=GetMap, FORMAT=image/png, SRS=EPSG:3857, BBOX=11173259.046613924,1545862.4600394047,11192826.92585493,1565430.33928041, VERSION=1.1.1, STYLES=, SERVICE=WMS, WIDTH=256, HEIGHT=256, TRANSPARENT=true, LAYERS=ws_30cad3c4:vec_s2s_vec_agriculture_area_pol_e832f923}
	RemoteOwsType = null
	RemoteOwsURL = null
	Request = GetMap
	RequestCharset = UTF-8
	ScaleMethod = null
	Sld = null
	SldBody = null
	SldVersion = null
	SortBy = null
	SortByArrays = null
	SRS = EPSG:3857
	StartIndex = null
	StyleBody = null
	StyleFormat = sld
	Styles = [StyleImpl[ name=style_vec_s2s_vec_agriculture_area_pol_e832f923]]
	StyleUrl = null
	StyleVersion = null
	Tiled = false
	TilesOrigin = null
	Time = []
	Transparent = true
	ValidateSchema = false
	Version = 1.1.1
	ViewParams = null
	Width = 256
23 Sep 08:58:50 INFO   [geoserver.flow] - releasing flow controllers for [WMS 1.1.1 GetMap]
23 Sep 08:58:50 INFO   [geoserver.flow] - Request completed, running requests: 5, blocked requests: 0
23 Sep 08:58:50 INFO   [geoserver.wms] - 
Request: getServiceInfo
23 Sep 08:58:50 INFO   [geoserver.flow] - Request [WMS 1.1.1 GetMap] starting, processing through flow controllers
23 Sep 08:58:50 INFO   [geoserver.flow] - Request control-flow performed, running requests: 6, blocked requests: 0
23 Sep 08:58:51 INFO   [geoserver.wms] - 
Request: getMap
	Angle = 0.0
	BaseUrl = http://localhost:8080/geoserver/
	Bbox = SRSEnvelope[1.1114555408890909E7 : 1.1134123288131915E7, 1526294.580798401 : 1545862.4600394047]
	BgColor = java.awt.Color[r=255,g=255,b=255]
	Buffer = 0
	Clip = null
	CQLFilter = null
	Crs = PROJCS["WGS 84 / Pseudo-Mercator", 
  GEOGCS["WGS 84", 
    DATUM["World Geodetic System 1984", 
      SPHEROID["WGS 84", 6378137.0, 298.257223563, AUTHORITY["EPSG","7030"]], 
      AUTHORITY["EPSG","6326"]], 
    PRIMEM["Greenwich", 0.0, AUTHORITY["EPSG","8901"]], 
    UNIT["degree", 0.017453292519943295], 
    AXIS["Geodetic longitude", EAST], 
    AXIS["Geodetic latitude", NORTH], 
    AUTHORITY["EPSG","4326"]], 
  PROJECTION["Popular Visualisation Pseudo Mercator", AUTHORITY["EPSG","1024"]], 
  PARAMETER["semi_minor", 6378137.0], 
  PARAMETER["latitude_of_origin", 0.0], 
  PARAMETER["central_meridian", 0.0], 
  PARAMETER["scale_factor", 1.0], 
  PARAMETER["false_easting", 0.0], 
  PARAMETER["false_northing", 0.0], 
  UNIT["m", 1.0], 
  AXIS["Easting", EAST], 
  AXIS["Northing", NORTH], 
  AUTHORITY["EPSG","3857"]]
	Elevation = []
	Env = {}
	Exceptions = SE_XML
	FeatureId = null
	FeatureVersion = null
	Filter = null
	Format = image/png
	FormatOptions = {}
	Get = true
	Height = 256
	Interpolations = []
	Layers = [org.geoserver.wms.MapLayerInfo@7dd105b1[description=<null>,label=Agriculture area poly,layerFeatureConstraints=<null>,layerGroupMetadata={},layerInfo=SecuredLayerInfo[LayerInfoImpl[vec_s2s_vec_agriculture_area_pol_e832f923, resource:FeatureTypeInfoImpl[vec_s2s_vec_agriculture_area_pol_e832f923]]],name=vec_s2s_vec_agriculture_area_pol_e832f923,remoteFeatureSource=<null>,style=<null>,type=0]]
	MaxFeatures = null
	Palette = null
	RawKvp = {_T=1790153930669, REQUEST=GetMap, FORMAT=image/png, SRS=EPSG:3857, BBOX=11114555.408890909,1526294.580798401,11134123.288131915,1545862.4600394047, VERSION=1.1.1, STYLES=, SERVICE=WMS, WIDTH=256, HEIGHT=256, TRANSPARENT=true, LAYERS=ws_30cad3c4:vec_s2s_vec_agriculture_area_pol_e832f923}
	RemoteOwsType = null
	RemoteOwsURL = null
	Request = GetMap
	RequestCharset = UTF-8
	ScaleMethod = null
	Sld = null
	SldBody = null
	SldVersion = null
	SortBy = null
	SortByArrays = null
	SRS = EPSG:3857
	StartIndex = null
	StyleBody = null
	StyleFormat = sld
	Styles = [StyleImpl[ name=style_vec_s2s_vec_agriculture_area_pol_e832f923]]
	StyleUrl = null
	StyleVersion = null
	Tiled = false
	TilesOrigin = null
	Time = []
	Transparent = true
	ValidateSchema = false
	Version = 1.1.1
	ViewParams = null
	Width = 256
23 Sep 08:58:51 INFO   [geoserver.flow] - releasing flow controllers for [WMS 1.1.1 GetMap]
23 Sep 08:58:51 INFO   [geoserver.flow] - Request completed, running requests: 5, blocked requests: 0
23 Sep 08:58:51 INFO   [geoserver.wms] - 
Request: getServiceInfo
23 Sep 08:58:51 INFO   [geoserver.flow] - Request [WMS 1.1.1 GetMap] starting, processing through flow controllers
23 Sep 08:58:51 INFO   [geoserver.flow] - Request control-flow performed, running requests: 6, blocked requests: 0
23 Sep 08:58:51 INFO   [geoserver.wms] - 
Request: getMap
	Angle = 0.0
	BaseUrl = http://localhost:8080/geoserver/
	Bbox = SRSEnvelope[1.1173259046613924E7 : 1.119282692585493E7, 1526294.580798401 : 1545862.4600394047]
	BgColor = java.awt.Color[r=255,g=255,b=255]
	Buffer = 0
	Clip = null
	CQLFilter = null
	Crs = PROJCS["WGS 84 / Pseudo-Mercator", 
  GEOGCS["WGS 84", 
    DATUM["World Geodetic System 1984", 
      SPHEROID["WGS 84", 6378137.0, 298.257223563, AUTHORITY["EPSG","7030"]], 
      AUTHORITY["EPSG","6326"]], 
    PRIMEM["Greenwich", 0.0, AUTHORITY["EPSG","8901"]], 
    UNIT["degree", 0.017453292519943295], 
    AXIS["Geodetic longitude", EAST], 
    AXIS["Geodetic latitude", NORTH], 
    AUTHORITY["EPSG","4326"]], 
  PROJECTION["Popular Visualisation Pseudo Mercator", AUTHORITY["EPSG","1024"]], 
  PARAMETER["semi_minor", 6378137.0], 
  PARAMETER["latitude_of_origin", 0.0], 
  PARAMETER["central_meridian", 0.0], 
  PARAMETER["scale_factor", 1.0], 
  PARAMETER["false_easting", 0.0], 
  PARAMETER["false_northing", 0.0], 
  UNIT["m", 1.0], 
  AXIS["Easting", EAST], 
  AXIS["Northing", NORTH], 
  AUTHORITY["EPSG","3857"]]
	Elevation = []
	Env = {}
	Exceptions = SE_XML
	FeatureId = null
	FeatureVersion = null
	Filter = null
	Format = image/png
	FormatOptions = {}
	Get = true
	Height = 256
	Interpolations = []
	Layers = [org.geoserver.wms.MapLayerInfo@d64f0de[description=<null>,label=Agriculture area poly,layerFeatureConstraints=<null>,layerGroupMetadata={},layerInfo=SecuredLayerInfo[LayerInfoImpl[vec_s2s_vec_agriculture_area_pol_e832f923, resource:FeatureTypeInfoImpl[vec_s2s_vec_agriculture_area_pol_e832f923]]],name=vec_s2s_vec_agriculture_area_pol_e832f923,remoteFeatureSource=<null>,style=<null>,type=0]]
	MaxFeatures = null
	Palette = null
	RawKvp = {_T=1790153930669, REQUEST=GetMap, FORMAT=image/png, SRS=EPSG:3857, BBOX=11173259.046613924,1526294.580798401,11192826.92585493,1545862.4600394047, VERSION=1.1.1, STYLES=, SERVICE=WMS, WIDTH=256, HEIGHT=256, TRANSPARENT=true, LAYERS=ws_30cad3c4:vec_s2s_vec_agriculture_area_pol_e832f923}
	RemoteOwsType = null
	RemoteOwsURL = null
	Request = GetMap
	RequestCharset = UTF-8
	ScaleMethod = null
	Sld = null
	SldBody = null
	SldVersion = null
	SortBy = null
	SortByArrays = null
	SRS = EPSG:3857
	StartIndex = null
	StyleBody = null
	StyleFormat = sld
	Styles = [StyleImpl[ name=style_vec_s2s_vec_agriculture_area_pol_e832f923]]
	StyleUrl = null
	StyleVersion = null
	Tiled = false
	TilesOrigin = null
	Time = []
	Transparent = true
	ValidateSchema = false
	Version = 1.1.1
	ViewParams = null
	Width = 256
23 Sep 08:58:51 INFO   [geoserver.flow] - releasing flow controllers for [WMS 1.1.1 GetMap]
23 Sep 08:58:51 INFO   [geoserver.flow] - Request completed, running requests: 5, blocked requests: 0
23 Sep 08:58:52 INFO   [geoserver.wms] - 
Request: getMap
	Angle = 0.0
	BaseUrl = http://localhost:8080/geoserver/
	Bbox = SRSEnvelope[1.115369116737292E7 : 1.1173259046613924E7, 1526294.580798401 : 1545862.4600394047]
	BgColor = java.awt.Color[r=255,g=255,b=255]
	Buffer = 0
	Clip = null
	CQLFilter = null
	Crs = PROJCS["WGS 84 / Pseudo-Mercator", 
  GEOGCS["WGS 84", 
    DATUM["World Geodetic System 1984", 
      SPHEROID["WGS 84", 6378137.0, 298.257223563, AUTHORITY["EPSG","7030"]], 
      AUTHORITY["EPSG","6326"]], 
    PRIMEM["Greenwich", 0.0, AUTHORITY["EPSG","8901"]], 
    UNIT["degree", 0.017453292519943295], 
    AXIS["Geodetic longitude", EAST], 
    AXIS["Geodetic latitude", NORTH], 
    AUTHORITY["EPSG","4326"]], 
  PROJECTION["Popular Visualisation Pseudo Mercator", AUTHORITY["EPSG","1024"]], 
  PARAMETER["semi_minor", 6378137.0], 
  PARAMETER["latitude_of_origin", 0.0], 
  PARAMETER["central_meridian", 0.0], 
  PARAMETER["scale_factor", 1.0], 
  PARAMETER["false_easting", 0.0], 
  PARAMETER["false_northing", 0.0], 
  UNIT["m", 1.0], 
  AXIS["Easting", EAST], 
  AXIS["Northing", NORTH], 
  AUTHORITY["EPSG","3857"]]
	Elevation = []
	Env = {}
	Exceptions = SE_XML
	FeatureId = null
	FeatureVersion = null
	Filter = null
	Format = image/png
	FormatOptions = {}
	Get = true
	Height = 256
	Interpolations = []
	Layers = [org.geoserver.wms.MapLayerInfo@7955c338[description=<null>,label=Agriculture area poly,layerFeatureConstraints=<null>,layerGroupMetadata={},layerInfo=SecuredLayerInfo[LayerInfoImpl[vec_s2s_vec_agriculture_area_pol_e832f923, resource:FeatureTypeInfoImpl[vec_s2s_vec_agriculture_area_pol_e832f923]]],name=vec_s2s_vec_agriculture_area_pol_e832f923,remoteFeatureSource=<null>,style=<null>,type=0]]
	MaxFeatures = null
	Palette = null
	RawKvp = {_T=1790153930669, REQUEST=GetMap, FORMAT=image/png, SRS=EPSG:3857, BBOX=11153691.16737292,1526294.580798401,11173259.046613924,1545862.4600394047, VERSION=1.1.1, STYLES=, SERVICE=WMS, WIDTH=256, HEIGHT=256, TRANSPARENT=true, LAYERS=ws_30cad3c4:vec_s2s_vec_agriculture_area_pol_e832f923}
	RemoteOwsType = null
	RemoteOwsURL = null
	Request = GetMap
	RequestCharset = UTF-8
	ScaleMethod = null
	Sld = null
	SldBody = null
	SldVersion = null
	SortBy = null
	SortByArrays = null
	SRS = EPSG:3857
	StartIndex = null
	StyleBody = null
	StyleFormat = sld
	Styles = [StyleImpl[ name=style_vec_s2s_vec_agriculture_area_pol_e832f923]]
	StyleUrl = null
	StyleVersion = null
	Tiled = false
	TilesOrigin = null
	Time = []
	Transparent = true
	ValidateSchema = false
	Version = 1.1.1
	ViewParams = null
	Width = 256
23 Sep 08:58:52 INFO   [geoserver.flow] - releasing flow controllers for [WMS 1.1.1 GetMap]
23 Sep 08:58:52 INFO   [geoserver.flow] - Request completed, running requests: 4, blocked requests: 0
23 Sep 08:58:52 INFO   [geoserver.wms] - 
Request: getMap
	Angle = 0.0
	BaseUrl = http://localhost:8080/geoserver/
	Bbox = SRSEnvelope[1.115369116737292E7 : 1.1173259046613924E7, 1545862.4600394047 : 1565430.33928041]
	BgColor = java.awt.Color[r=255,g=255,b=255]
	Buffer = 0
	Clip = null
	CQLFilter = null
	Crs = PROJCS["WGS 84 / Pseudo-Mercator", 
  GEOGCS["WGS 84", 
    DATUM["World Geodetic System 1984", 
      SPHEROID["WGS 84", 6378137.0, 298.257223563, AUTHORITY["EPSG","7030"]], 
      AUTHORITY["EPSG","6326"]], 
    PRIMEM["Greenwich", 0.0, AUTHORITY["EPSG","8901"]], 
    UNIT["degree", 0.017453292519943295], 
    AXIS["Geodetic longitude", EAST], 
    AXIS["Geodetic latitude", NORTH], 
    AUTHORITY["EPSG","4326"]], 
  PROJECTION["Popular Visualisation Pseudo Mercator", AUTHORITY["EPSG","1024"]], 
  PARAMETER["semi_minor", 6378137.0], 
  PARAMETER["latitude_of_origin", 0.0], 
  PARAMETER["central_meridian", 0.0], 
  PARAMETER["scale_factor", 1.0], 
  PARAMETER["false_easting", 0.0], 
  PARAMETER["false_northing", 0.0], 
  UNIT["m", 1.0], 
  AXIS["Easting", EAST], 
  AXIS["Northing", NORTH], 
  AUTHORITY["EPSG","3857"]]
	Elevation = []
	Env = {}
	Exceptions = SE_XML
	FeatureId = null
	FeatureVersion = null
	Filter = null
	Format = image/png
	FormatOptions = {}
	Get = true
	Height = 256
	Interpolations = []
	Layers = [org.geoserver.wms.MapLayerInfo@200e5948[description=<null>,label=Agriculture area poly,layerFeatureConstraints=<null>,layerGroupMetadata={},layerInfo=SecuredLayerInfo[LayerInfoImpl[vec_s2s_vec_agriculture_area_pol_e832f923, resource:FeatureTypeInfoImpl[vec_s2s_vec_agriculture_area_pol_e832f923]]],name=vec_s2s_vec_agriculture_area_pol_e832f923,remoteFeatureSource=<null>,style=<null>,type=0]]
	MaxFeatures = null
	Palette = null
	RawKvp = {_T=1790153930669, REQUEST=GetMap, FORMAT=image/png, SRS=EPSG:3857, BBOX=11153691.16737292,1545862.4600394047,11173259.046613924,1565430.33928041, VERSION=1.1.1, STYLES=, SERVICE=WMS, WIDTH=256, HEIGHT=256, TRANSPARENT=true, LAYERS=ws_30cad3c4:vec_s2s_vec_agriculture_area_pol_e832f923}
	RemoteOwsType = null
	RemoteOwsURL = null
	Request = GetMap
	RequestCharset = UTF-8
	ScaleMethod = null
	Sld = null
	SldBody = null
	SldVersion = null
	SortBy = null
	SortByArrays = null
	SRS = EPSG:3857
	StartIndex = null
	StyleBody = null
	StyleFormat = sld
	Styles = [StyleImpl[ name=style_vec_s2s_vec_agriculture_area_pol_e832f923]]
	StyleUrl = null
	StyleVersion = null
	Tiled = false
	TilesOrigin = null
	Time = []
	Transparent = true
	ValidateSchema = false
	Version = 1.1.1
	ViewParams = null
	Width = 256
23 Sep 08:58:52 INFO   [geoserver.flow] - releasing flow controllers for [WMS 1.1.1 GetMap]
23 Sep 08:58:52 INFO   [geoserver.flow] - Request completed, running requests: 3, blocked requests: 0
23 Sep 08:58:52 INFO   [geoserver.wms] - 
Request: getMap
	Angle = 0.0
	BaseUrl = http://localhost:8080/geoserver/
	Bbox = SRSEnvelope[1.1134123288131915E7 : 1.115369116737292E7, 1545862.4600394047 : 1565430.33928041]
	BgColor = java.awt.Color[r=255,g=255,b=255]
	Buffer = 0
	Clip = null
	CQLFilter = null
	Crs = PROJCS["WGS 84 / Pseudo-Mercator", 
  GEOGCS["WGS 84", 
    DATUM["World Geodetic System 1984", 
      SPHEROID["WGS 84", 6378137.0, 298.257223563, AUTHORITY["EPSG","7030"]], 
      AUTHORITY["EPSG","6326"]], 
    PRIMEM["Greenwich", 0.0, AUTHORITY["EPSG","8901"]], 
    UNIT["degree", 0.017453292519943295], 
    AXIS["Geodetic longitude", EAST], 
    AXIS["Geodetic latitude", NORTH], 
    AUTHORITY["EPSG","4326"]], 
  PROJECTION["Popular Visualisation Pseudo Mercator", AUTHORITY["EPSG","1024"]], 
  PARAMETER["semi_minor", 6378137.0], 
  PARAMETER["latitude_of_origin", 0.0], 
  PARAMETER["central_meridian", 0.0], 
  PARAMETER["scale_factor", 1.0], 
  PARAMETER["false_easting", 0.0], 
  PARAMETER["false_northing", 0.0], 
  UNIT["m", 1.0], 
  AXIS["Easting", EAST], 
  AXIS["Northing", NORTH], 
  AUTHORITY["EPSG","3857"]]
	Elevation = []
	Env = {}
	Exceptions = SE_XML
	FeatureId = null
	FeatureVersion = null
	Filter = null
	Format = image/png
	FormatOptions = {}
	Get = true
	Height = 256
	Interpolations = []
	Layers = [org.geoserver.wms.MapLayerInfo@f2d9228[description=<null>,label=Agriculture area poly,layerFeatureConstraints=<null>,layerGroupMetadata={},layerInfo=SecuredLayerInfo[LayerInfoImpl[vec_s2s_vec_agriculture_area_pol_e832f923, resource:FeatureTypeInfoImpl[vec_s2s_vec_agriculture_area_pol_e832f923]]],name=vec_s2s_vec_agriculture_area_pol_e832f923,remoteFeatureSource=<null>,style=<null>,type=0]]
	MaxFeatures = null
	Palette = null
	RawKvp = {_T=1790153930669, REQUEST=GetMap, FORMAT=image/png, SRS=EPSG:3857, BBOX=11134123.288131915,1545862.4600394047,11153691.16737292,1565430.33928041, VERSION=1.1.1, STYLES=, SERVICE=WMS, WIDTH=256, HEIGHT=256, TRANSPARENT=true, LAYERS=ws_30cad3c4:vec_s2s_vec_agriculture_area_pol_e832f923}
	RemoteOwsType = null
	RemoteOwsURL = null
	Request = GetMap
	RequestCharset = UTF-8
	ScaleMethod = null
	Sld = null
	SldBody = null
	SldVersion = null
	SortBy = null
	SortByArrays = null
	SRS = EPSG:3857
	StartIndex = null
	StyleBody = null
	StyleFormat = sld
	Styles = [StyleImpl[ name=style_vec_s2s_vec_agriculture_area_pol_e832f923]]
	StyleUrl = null
	StyleVersion = null
	Tiled = false
	TilesOrigin = null
	Time = []
	Transparent = true
	ValidateSchema = false
	Version = 1.1.1
	ViewParams = null
	Width = 256
23 Sep 08:58:52 INFO   [geoserver.flow] - releasing flow controllers for [WMS 1.1.1 GetMap]
23 Sep 08:58:52 INFO   [geoserver.flow] - Request completed, running requests: 2, blocked requests: 0
23 Sep 08:58:52 INFO   [geoserver.wms] - 
Request: getMap
	Angle = 0.0
	BaseUrl = http://localhost:8080/geoserver/
	Bbox = SRSEnvelope[1.1114555408890909E7 : 1.1134123288131915E7, 1545862.4600394047 : 1565430.33928041]
	BgColor = java.awt.Color[r=255,g=255,b=255]
	Buffer = 0
	Clip = null
	CQLFilter = null
	Crs = PROJCS["WGS 84 / Pseudo-Mercator", 
  GEOGCS["WGS 84", 
    DATUM["World Geodetic System 1984", 
      SPHEROID["WGS 84", 6378137.0, 298.257223563, AUTHORITY["EPSG","7030"]], 
      AUTHORITY["EPSG","6326"]], 
    PRIMEM["Greenwich", 0.0, AUTHORITY["EPSG","8901"]], 
    UNIT["degree", 0.017453292519943295], 
    AXIS["Geodetic longitude", EAST], 
    AXIS["Geodetic latitude", NORTH], 
    AUTHORITY["EPSG","4326"]], 
  PROJECTION["Popular Visualisation Pseudo Mercator", AUTHORITY["EPSG","1024"]], 
  PARAMETER["semi_minor", 6378137.0], 
  PARAMETER["latitude_of_origin", 0.0], 
  PARAMETER["central_meridian", 0.0], 
  PARAMETER["scale_factor", 1.0], 
  PARAMETER["false_easting", 0.0], 
  PARAMETER["false_northing", 0.0], 
  UNIT["m", 1.0], 
  AXIS["Easting", EAST], 
  AXIS["Northing", NORTH], 
  AUTHORITY["EPSG","3857"]]
	Elevation = []
	Env = {}
	Exceptions = SE_XML
	FeatureId = null
	FeatureVersion = null
	Filter = null
	Format = image/png
	FormatOptions = {}
	Get = true
	Height = 256
	Interpolations = []
	Layers = [org.geoserver.wms.MapLayerInfo@7aa4e551[description=<null>,label=Agriculture area poly,layerFeatureConstraints=<null>,layerGroupMetadata={},layerInfo=SecuredLayerInfo[LayerInfoImpl[vec_s2s_vec_agriculture_area_pol_e832f923, resource:FeatureTypeInfoImpl[vec_s2s_vec_agriculture_area_pol_e832f923]]],name=vec_s2s_vec_agriculture_area_pol_e832f923,remoteFeatureSource=<null>,style=<null>,type=0]]
	MaxFeatures = null
	Palette = null
	RawKvp = {_T=1790153930669, REQUEST=GetMap, FORMAT=image/png, SRS=EPSG:3857, BBOX=11114555.408890909,1545862.4600394047,11134123.288131915,1565430.33928041, VERSION=1.1.1, STYLES=, SERVICE=WMS, WIDTH=256, HEIGHT=256, TRANSPARENT=true, LAYERS=ws_30cad3c4:vec_s2s_vec_agriculture_area_pol_e832f923}
	RemoteOwsType = null
	RemoteOwsURL = null
	Request = GetMap
	RequestCharset = UTF-8
	ScaleMethod = null
	Sld = null
	SldBody = null
	SldVersion = null
	SortBy = null
	SortByArrays = null
	SRS = EPSG:3857
	StartIndex = null
	StyleBody = null
	StyleFormat = sld
	Styles = [StyleImpl[ name=style_vec_s2s_vec_agriculture_area_pol_e832f923]]
	StyleUrl = null
	StyleVersion = null
	Tiled = false
	TilesOrigin = null
	Time = []
	Transparent = true
	ValidateSchema = false
	Version = 1.1.1
	ViewParams = null
	Width = 256
23 Sep 08:58:52 INFO   [geoserver.flow] - releasing flow controllers for [WMS 1.1.1 GetMap]
23 Sep 08:58:52 INFO   [geoserver.flow] - Request completed, running requests: 1, blocked requests: 0
23 Sep 08:58:53 INFO   [geoserver.wms] - 
Request: getMap
	Angle = 0.0
	BaseUrl = http://localhost:8080/geoserver/
	Bbox = SRSEnvelope[1.1134123288131915E7 : 1.115369116737292E7, 1526294.580798401 : 1545862.4600394047]
	BgColor = java.awt.Color[r=255,g=255,b=255]
	Buffer = 0
	Clip = null
	CQLFilter = null
	Crs = PROJCS["WGS 84 / Pseudo-Mercator", 
  GEOGCS["WGS 84", 
    DATUM["World Geodetic System 1984", 
      SPHEROID["WGS 84", 6378137.0, 298.257223563, AUTHORITY["EPSG","7030"]], 
      AUTHORITY["EPSG","6326"]], 
    PRIMEM["Greenwich", 0.0, AUTHORITY["EPSG","8901"]], 
    UNIT["degree", 0.017453292519943295], 
    AXIS["Geodetic longitude", EAST], 
    AXIS["Geodetic latitude", NORTH], 
    AUTHORITY["EPSG","4326"]], 
  PROJECTION["Popular Visualisation Pseudo Mercator", AUTHORITY["EPSG","1024"]], 
  PARAMETER["semi_minor", 6378137.0], 
  PARAMETER["latitude_of_origin", 0.0], 
  PARAMETER["central_meridian", 0.0], 
  PARAMETER["scale_factor", 1.0], 
  PARAMETER["false_easting", 0.0], 
  PARAMETER["false_northing", 0.0], 
  UNIT["m", 1.0], 
  AXIS["Easting", EAST], 
  AXIS["Northing", NORTH], 
  AUTHORITY["EPSG","3857"]]
	Elevation = []
	Env = {}
	Exceptions = SE_XML
	FeatureId = null
	FeatureVersion = null
	Filter = null
	Format = image/png
	FormatOptions = {}
	Get = true
	Height = 256
	Interpolations = []
	Layers = [org.geoserver.wms.MapLayerInfo@6131258c[description=<null>,label=Agriculture area poly,layerFeatureConstraints=<null>,layerGroupMetadata={},layerInfo=SecuredLayerInfo[LayerInfoImpl[vec_s2s_vec_agriculture_area_pol_e832f923, resource:FeatureTypeInfoImpl[vec_s2s_vec_agriculture_area_pol_e832f923]]],name=vec_s2s_vec_agriculture_area_pol_e832f923,remoteFeatureSource=<null>,style=<null>,type=0]]
	MaxFeatures = null
	Palette = null
	RawKvp = {_T=1790153930669, REQUEST=GetMap, FORMAT=image/png, SRS=EPSG:3857, BBOX=11134123.288131915,1526294.580798401,11153691.16737292,1545862.4600394047, VERSION=1.1.1, STYLES=, SERVICE=WMS, WIDTH=256, HEIGHT=256, TRANSPARENT=true, LAYERS=ws_30cad3c4:vec_s2s_vec_agriculture_area_pol_e832f923}
	RemoteOwsType = null
	RemoteOwsURL = null
	Request = GetMap
	RequestCharset = UTF-8
	ScaleMethod = null
	Sld = null
	SldBody = null
	SldVersion = null
	SortBy = null
	SortByArrays = null
	SRS = EPSG:3857
	StartIndex = null
	StyleBody = null
	StyleFormat = sld
	Styles = [StyleImpl[ name=style_vec_s2s_vec_agriculture_area_pol_e832f923]]
	StyleUrl = null
	StyleVersion = null
	Tiled = false
	TilesOrigin = null
	Time = []
	Transparent = true
	ValidateSchema = false
	Version = 1.1.1
	ViewParams = null
	Width = 256
23 Sep 08:58:53 INFO   [geoserver.flow] - releasing flow controllers for [WMS 1.1.1 GetMap]
23 Sep 08:58:53 INFO   [geoserver.flow] - Request completed, running requests: 0, blocked requests: 0
23 Sep 08:58:54 CONFIG [platform.resource] - Notifying ENTRY_MODIFY change on /opt/geoserver/data_dir/gwc-layers. Created: 0, removed: 0, modified: 1
23 Sep 08:59:09 INFO   [geoserver.wms] - 
Request: getServiceInfo
23 Sep 08:59:09 INFO   [geoserver.wms] - 
Request: getServiceInfo
23 Sep 08:59:09 INFO   [geoserver.wms] - 
Request: getServiceInfo
23 Sep 08:59:09 INFO   [geoserver.flow] - Request [WMS 1.1.1 GetMap] starting, processing through flow controllers
23 Sep 08:59:09 INFO   [geoserver.wms] - 
Request: getServiceInfo
23 Sep 08:59:09 INFO   [geoserver.flow] - Request [WMS 1.1.1 GetMap] starting, processing through flow controllers
23 Sep 08:59:09 INFO   [geoserver.flow] - Request [WMS 1.1.1 GetMap] starting, processing through flow controllers
23 Sep 08:59:09 INFO   [geoserver.wms] - 
Request: getServiceInfo
23 Sep 08:59:09 INFO   [geoserver.flow] - Request control-flow performed, running requests: 2, blocked requests: 2
23 Sep 08:59:09 INFO   [geoserver.flow] - Request control-flow performed, running requests: 1, blocked requests: 2
23 Sep 08:59:09 INFO   [geoserver.flow] - Request [WMS 1.1.1 GetMap] starting, processing through flow controllers
23 Sep 08:59:10 INFO   [geoserver.flow] - Request [WMS 1.1.1 GetMap] starting, processing through flow controllers
23 Sep 08:59:09 INFO   [geoserver.flow] - Request control-flow performed, running requests: 3, blocked requests: 1
23 Sep 08:59:10 INFO   [geoserver.wms] - 
Request: getServiceInfo
23 Sep 08:59:10 INFO   [geoserver.flow] - Request control-flow performed, running requests: 4, blocked requests: 1
23 Sep 08:59:10 INFO   [geoserver.flow] - Request [WMS 1.1.1 GetMap] starting, processing through flow controllers
23 Sep 08:59:10 INFO   [geoserver.flow] - Request control-flow performed, running requests: 5, blocked requests: 0
23 Sep 08:59:10 INFO   [geoserver.flow] - Request control-flow performed, running requests: 6, blocked requests: 0
23 Sep 08:59:10 INFO   [geoserver.wms] - 
Request: getMap
	Angle = 0.0
	BaseUrl = http://localhost:8080/geoserver/
	Bbox = SRSEnvelope[1.1163475106993424E7 : 1.1173259046613924E7, 1526294.580798401 : 1536078.520418902]
	BgColor = java.awt.Color[r=255,g=255,b=255]
	Buffer = 0
	Clip = null
	CQLFilter = null
	Crs = PROJCS["WGS 84 / Pseudo-Mercator", 
  GEOGCS["WGS 84", 
    DATUM["World Geodetic System 1984", 
      SPHEROID["WGS 84", 6378137.0, 298.257223563, AUTHORITY["EPSG","7030"]], 
      AUTHORITY["EPSG","6326"]], 
    PRIMEM["Greenwich", 0.0, AUTHORITY["EPSG","8901"]], 
    UNIT["degree", 0.017453292519943295], 
    AXIS["Geodetic longitude", EAST], 
    AXIS["Geodetic latitude", NORTH], 
    AUTHORITY["EPSG","4326"]], 
  PROJECTION["Popular Visualisation Pseudo Mercator", AUTHORITY["EPSG","1024"]], 
  PARAMETER["semi_minor", 6378137.0], 
  PARAMETER["latitude_of_origin", 0.0], 
  PARAMETER["central_meridian", 0.0], 
  PARAMETER["scale_factor", 1.0], 
  PARAMETER["false_easting", 0.0], 
  PARAMETER["false_northing", 0.0], 
  UNIT["m", 1.0], 
  AXIS["Easting", EAST], 
  AXIS["Northing", NORTH], 
  AUTHORITY["EPSG","3857"]]
	Elevation = []
	Env = {}
	Exceptions = SE_XML
	FeatureId = null
	FeatureVersion = null
	Filter = null
	Format = image/png
	FormatOptions = {}
	Get = true
	Height = 256
	Interpolations = []
	Layers = [org.geoserver.wms.MapLayerInfo@1a1f3b9f[description=<null>,label=Agriculture area poly,layerFeatureConstraints=<null>,layerGroupMetadata={},layerInfo=SecuredLayerInfo[LayerInfoImpl[vec_s2s_vec_agriculture_area_pol_e832f923, resource:FeatureTypeInfoImpl[vec_s2s_vec_agriculture_area_pol_e832f923]]],name=vec_s2s_vec_agriculture_area_pol_e832f923,remoteFeatureSource=<null>,style=<null>,type=0]]
	MaxFeatures = null
	Palette = null
	RawKvp = {_T=1790153930669, REQUEST=GetMap, FORMAT=image/png, SRS=EPSG:3857, BBOX=11163475.106993424,1526294.580798401,11173259.046613924,1536078.520418902, VERSION=1.1.1, STYLES=, SERVICE=WMS, WIDTH=256, HEIGHT=256, TRANSPARENT=true, LAYERS=ws_30cad3c4:vec_s2s_vec_agriculture_area_pol_e832f923}
	RemoteOwsType = null
	RemoteOwsURL = null
	Request = GetMap
	RequestCharset = UTF-8
	ScaleMethod = null
	Sld = null
	SldBody = null
	SldVersion = null
	SortBy = null
	SortByArrays = null
	SRS = EPSG:3857
	StartIndex = null
	StyleBody = null
	StyleFormat = sld
	Styles = [StyleImpl[ name=style_vec_s2s_vec_agriculture_area_pol_e832f923]]
	StyleUrl = null
	StyleVersion = null
	Tiled = false
	TilesOrigin = null
	Time = []
	Transparent = true
	ValidateSchema = false
	Version = 1.1.1
	ViewParams = null
	Width = 256
23 Sep 08:59:10 INFO   [geoserver.wms] - 
Request: getMap
	Angle = 0.0
	BaseUrl = http://localhost:8080/geoserver/
	Bbox = SRSEnvelope[1.1173259046613924E7 : 1.1183042986234426E7, 1536078.520418902 : 1545862.4600394047]
	BgColor = java.awt.Color[r=255,g=255,b=255]
	Buffer = 0
	Clip = null
	CQLFilter = null
	Crs = PROJCS["WGS 84 / Pseudo-Mercator", 
  GEOGCS["WGS 84", 
    DATUM["World Geodetic System 1984", 
      SPHEROID["WGS 84", 6378137.0, 298.257223563, AUTHORITY["EPSG","7030"]], 
      AUTHORITY["EPSG","6326"]], 
    PRIMEM["Greenwich", 0.0, AUTHORITY["EPSG","8901"]], 
    UNIT["degree", 0.017453292519943295], 
    AXIS["Geodetic longitude", EAST], 
    AXIS["Geodetic latitude", NORTH], 
    AUTHORITY["EPSG","4326"]], 
  PROJECTION["Popular Visualisation Pseudo Mercator", AUTHORITY["EPSG","1024"]], 
  PARAMETER["semi_minor", 6378137.0], 
  PARAMETER["latitude_of_origin", 0.0], 
  PARAMETER["central_meridian", 0.0], 
  PARAMETER["scale_factor", 1.0], 
  PARAMETER["false_easting", 0.0], 
  PARAMETER["false_northing", 0.0], 
  UNIT["m", 1.0], 
  AXIS["Easting", EAST], 
  AXIS["Northing", NORTH], 
  AUTHORITY["EPSG","3857"]]
	Elevation = []
	Env = {}
	Exceptions = SE_XML
	FeatureId = null
	FeatureVersion = null
	Filter = null
	Format = image/png
	FormatOptions = {}
	Get = true
	Height = 256
	Interpolations = []
	Layers = [org.geoserver.wms.MapLayerInfo@58f931eb[description=<null>,label=Agriculture area poly,layerFeatureConstraints=<null>,layerGroupMetadata={},layerInfo=SecuredLayerInfo[LayerInfoImpl[vec_s2s_vec_agriculture_area_pol_e832f923, resource:FeatureTypeInfoImpl[vec_s2s_vec_agriculture_area_pol_e832f923]]],name=vec_s2s_vec_agriculture_area_pol_e832f923,remoteFeatureSource=<null>,style=<null>,type=0]]
	MaxFeatures = null
	Palette = null
	RawKvp = {_T=1790153930669, REQUEST=GetMap, FORMAT=image/png, SRS=EPSG:3857, BBOX=11173259.046613924,1536078.520418902,11183042.986234426,1545862.4600394047, VERSION=1.1.1, STYLES=, SERVICE=WMS, WIDTH=256, HEIGHT=256, TRANSPARENT=true, LAYERS=ws_30cad3c4:vec_s2s_vec_agriculture_area_pol_e832f923}
	RemoteOwsType = null
	RemoteOwsURL = null
	Request = GetMap
	RequestCharset = UTF-8
	ScaleMethod = null
	Sld = null
	SldBody = null
	SldVersion = null
	SortBy = null
	SortByArrays = null
	SRS = EPSG:3857
	StartIndex = null
	StyleBody = null
	StyleFormat = sld
	Styles = [StyleImpl[ name=style_vec_s2s_vec_agriculture_area_pol_e832f923]]
	StyleUrl = null
	StyleVersion = null
	Tiled = false
	TilesOrigin = null
	Time = []
	Transparent = true
	ValidateSchema = false
	Version = 1.1.1
	ViewParams = null
	Width = 256
23 Sep 08:59:10 INFO   [geoserver.flow] - releasing flow controllers for [WMS 1.1.1 GetMap]
23 Sep 08:59:10 INFO   [geoserver.flow] - Request completed, running requests: 4, blocked requests: 0
23 Sep 08:59:10 INFO   [geoserver.flow] - releasing flow controllers for [WMS 1.1.1 GetMap]
23 Sep 08:59:10 INFO   [geoserver.flow] - Request completed, running requests: 4, blocked requests: 0
23 Sep 08:59:10 INFO   [geoserver.wms] - 
Request: getServiceInfo
23 Sep 08:59:10 INFO   [geoserver.flow] - Request [WMS 1.1.1 GetMap] starting, processing through flow controllers
23 Sep 08:59:10 INFO   [geoserver.flow] - Request control-flow performed, running requests: 5, blocked requests: 0
23 Sep 08:59:10 INFO   [geoserver.wms] - 
Request: getMap
	Angle = 0.0
	BaseUrl = http://localhost:8080/geoserver/
	Bbox = SRSEnvelope[1.1173259046613924E7 : 1.1183042986234426E7, 1545862.4600394047 : 1555646.3996599081]
	BgColor = java.awt.Color[r=255,g=255,b=255]
	Buffer = 0
	Clip = null
	CQLFilter = null
	Crs = PROJCS["WGS 84 / Pseudo-Mercator", 
  GEOGCS["WGS 84", 
    DATUM["World Geodetic System 1984", 
      SPHEROID["WGS 84", 6378137.0, 298.257223563, AUTHORITY["EPSG","7030"]], 
      AUTHORITY["EPSG","6326"]], 
    PRIMEM["Greenwich", 0.0, AUTHORITY["EPSG","8901"]], 
    UNIT["degree", 0.017453292519943295], 
    AXIS["Geodetic longitude", EAST], 
    AXIS["Geodetic latitude", NORTH], 
    AUTHORITY["EPSG","4326"]], 
  PROJECTION["Popular Visualisation Pseudo Mercator", AUTHORITY["EPSG","1024"]], 
  PARAMETER["semi_minor", 6378137.0], 
  PARAMETER["latitude_of_origin", 0.0], 
  PARAMETER["central_meridian", 0.0], 
  PARAMETER["scale_factor", 1.0], 
  PARAMETER["false_easting", 0.0], 
  PARAMETER["false_northing", 0.0], 
  UNIT["m", 1.0], 
  AXIS["Easting", EAST], 
  AXIS["Northing", NORTH], 
  AUTHORITY["EPSG","3857"]]
	Elevation = []
	Env = {}
	Exceptions = SE_XML
	FeatureId = null
	FeatureVersion = null
	Filter = null
	Format = image/png
	FormatOptions = {}
	Get = true
	Height = 256
	Interpolations = []
	Layers = [org.geoserver.wms.MapLayerInfo@5284bb0a[description=<null>,label=Agriculture area poly,layerFeatureConstraints=<null>,layerGroupMetadata={},layerInfo=SecuredLayerInfo[LayerInfoImpl[vec_s2s_vec_agriculture_area_pol_e832f923, resource:FeatureTypeInfoImpl[vec_s2s_vec_agriculture_area_pol_e832f923]]],name=vec_s2s_vec_agriculture_area_pol_e832f923,remoteFeatureSource=<null>,style=<null>,type=0]]
	MaxFeatures = null
	Palette = null
	RawKvp = {_T=1790153930669, REQUEST=GetMap, FORMAT=image/png, SRS=EPSG:3857, BBOX=11173259.046613924,1545862.4600394047,11183042.986234426,1555646.3996599081, VERSION=1.1.1, STYLES=, SERVICE=WMS, WIDTH=256, HEIGHT=256, TRANSPARENT=true, LAYERS=ws_30cad3c4:vec_s2s_vec_agriculture_area_pol_e832f923}
	RemoteOwsType = null
	RemoteOwsURL = null
	Request = GetMap
	RequestCharset = UTF-8
	ScaleMethod = null
	Sld = null
	SldBody = null
	SldVersion = null
	SortBy = null
	SortByArrays = null
	SRS = EPSG:3857
	StartIndex = null
	StyleBody = null
	StyleFormat = sld
	Styles = [StyleImpl[ name=style_vec_s2s_vec_agriculture_area_pol_e832f923]]
	StyleUrl = null
	StyleVersion = null
	Tiled = false
	TilesOrigin = null
	Time = []
	Transparent = true
	ValidateSchema = false
	Version = 1.1.1
	ViewParams = null
	Width = 256
23 Sep 08:59:10 INFO   [geoserver.wms] - 
Request: getMap
	Angle = 0.0
	BaseUrl = http://localhost:8080/geoserver/
	Bbox = SRSEnvelope[1.1163475106993424E7 : 1.1173259046613924E7, 1536078.520418902 : 1545862.4600394047]
	BgColor = java.awt.Color[r=255,g=255,b=255]
	Buffer = 0
	Clip = null
	CQLFilter = null
	Crs = PROJCS["WGS 84 / Pseudo-Mercator", 
  GEOGCS["WGS 84", 
    DATUM["World Geodetic System 1984", 
      SPHEROID["WGS 84", 6378137.0, 298.257223563, AUTHORITY["EPSG","7030"]], 
      AUTHORITY["EPSG","6326"]], 
    PRIMEM["Greenwich", 0.0, AUTHORITY["EPSG","8901"]], 
    UNIT["degree", 0.017453292519943295], 
    AXIS["Geodetic longitude", EAST], 
    AXIS["Geodetic latitude", NORTH], 
    AUTHORITY["EPSG","4326"]], 
  PROJECTION["Popular Visualisation Pseudo Mercator", AUTHORITY["EPSG","1024"]], 
  PARAMETER["semi_minor", 6378137.0], 
  PARAMETER["latitude_of_origin", 0.0], 
  PARAMETER["central_meridian", 0.0], 
  PARAMETER["scale_factor", 1.0], 
  PARAMETER["false_easting", 0.0], 
  PARAMETER["false_northing", 0.0], 
  UNIT["m", 1.0], 
  AXIS["Easting", EAST], 
  AXIS["Northing", NORTH], 
  AUTHORITY["EPSG","3857"]]
	Elevation = []
	Env = {}
	Exceptions = SE_XML
	FeatureId = null
	FeatureVersion = null
	Filter = null
	Format = image/png
	FormatOptions = {}
	Get = true
	Height = 256
	Interpolations = []
	Layers = [org.geoserver.wms.MapLayerInfo@6a14e7ec[description=<null>,label=Agriculture area poly,layerFeatureConstraints=<null>,layerGroupMetadata={},layerInfo=SecuredLayerInfo[LayerInfoImpl[vec_s2s_vec_agriculture_area_pol_e832f923, resource:FeatureTypeInfoImpl[vec_s2s_vec_agriculture_area_pol_e832f923]]],name=vec_s2s_vec_agriculture_area_pol_e832f923,remoteFeatureSource=<null>,style=<null>,type=0]]
	MaxFeatures = null
	Palette = null
	RawKvp = {_T=1790153930669, REQUEST=GetMap, FORMAT=image/png, SRS=EPSG:3857, BBOX=11163475.106993424,1536078.520418902,11173259.046613924,1545862.4600394047, VERSION=1.1.1, STYLES=, SERVICE=WMS, WIDTH=256, HEIGHT=256, TRANSPARENT=true, LAYERS=ws_30cad3c4:vec_s2s_vec_agriculture_area_pol_e832f923}
	RemoteOwsType = null
	RemoteOwsURL = null
	Request = GetMap
	RequestCharset = UTF-8
	ScaleMethod = null
	Sld = null
	SldBody = null
	SldVersion = null
	SortBy = null
	SortByArrays = null
	SRS = EPSG:3857
	StartIndex = null
	StyleBody = null
	StyleFormat = sld
	Styles = [StyleImpl[ name=style_vec_s2s_vec_agriculture_area_pol_e832f923]]
	StyleUrl = null
	StyleVersion = null
	Tiled = false
	TilesOrigin = null
	Time = []
	Transparent = true
	ValidateSchema = false
	Version = 1.1.1
	ViewParams = null
	Width = 256
23 Sep 08:59:10 INFO   [geoserver.flow] - releasing flow controllers for [WMS 1.1.1 GetMap]
23 Sep 08:59:10 INFO   [geoserver.flow] - Request completed, running requests: 4, blocked requests: 0
23 Sep 08:59:10 INFO   [geoserver.wms] - 
Request: getServiceInfo
23 Sep 08:59:10 INFO   [geoserver.flow] - releasing flow controllers for [WMS 1.1.1 GetMap]
23 Sep 08:59:10 INFO   [geoserver.flow] - Request [WMS 1.1.1 GetMap] starting, processing through flow controllers
23 Sep 08:59:10 INFO   [geoserver.flow] - Request completed, running requests: 3, blocked requests: 1
23 Sep 08:59:10 INFO   [geoserver.flow] - Request control-flow performed, running requests: 4, blocked requests: 0
23 Sep 08:59:10 INFO   [geoserver.wms] - 
Request: getServiceInfo
23 Sep 08:59:10 INFO   [geoserver.flow] - Request [WMS 1.1.1 GetMap] starting, processing through flow controllers
23 Sep 08:59:10 INFO   [geoserver.flow] - Request control-flow performed, running requests: 5, blocked requests: 0
23 Sep 08:59:10 INFO   [geoserver.wms] - 
Request: getMap
	Angle = 0.0
	BaseUrl = http://localhost:8080/geoserver/
	Bbox = SRSEnvelope[1.1173259046613924E7 : 1.1183042986234426E7, 1526294.580798401 : 1536078.520418902]
	BgColor = java.awt.Color[r=255,g=255,b=255]
	Buffer = 0
	Clip = null
	CQLFilter = null
	Crs = PROJCS["WGS 84 / Pseudo-Mercator", 
  GEOGCS["WGS 84", 
    DATUM["World Geodetic System 1984", 
      SPHEROID["WGS 84", 6378137.0, 298.257223563, AUTHORITY["EPSG","7030"]], 
      AUTHORITY["EPSG","6326"]], 
    PRIMEM["Greenwich", 0.0, AUTHORITY["EPSG","8901"]], 
    UNIT["degree", 0.017453292519943295], 
    AXIS["Geodetic longitude", EAST], 
    AXIS["Geodetic latitude", NORTH], 
    AUTHORITY["EPSG","4326"]], 
  PROJECTION["Popular Visualisation Pseudo Mercator", AUTHORITY["EPSG","1024"]], 
  PARAMETER["semi_minor", 6378137.0], 
  PARAMETER["latitude_of_origin", 0.0], 
  PARAMETER["central_meridian", 0.0], 
  PARAMETER["scale_factor", 1.0], 
  PARAMETER["false_easting", 0.0], 
  PARAMETER["false_northing", 0.0], 
  UNIT["m", 1.0], 
  AXIS["Easting", EAST], 
  AXIS["Northing", NORTH], 
  AUTHORITY["EPSG","3857"]]
	Elevation = []
	Env = {}
	Exceptions = SE_XML
	FeatureId = null
	FeatureVersion = null
	Filter = null
	Format = image/png
	FormatOptions = {}
	Get = true
	Height = 256
	Interpolations = []
	Layers = [org.geoserver.wms.MapLayerInfo@6a2a98e7[description=<null>,label=Agriculture area poly,layerFeatureConstraints=<null>,layerGroupMetadata={},layerInfo=SecuredLayerInfo[LayerInfoImpl[vec_s2s_vec_agriculture_area_pol_e832f923, resource:FeatureTypeInfoImpl[vec_s2s_vec_agriculture_area_pol_e832f923]]],name=vec_s2s_vec_agriculture_area_pol_e832f923,remoteFeatureSource=<null>,style=<null>,type=0]]
	MaxFeatures = null
	Palette = null
	RawKvp = {_T=1790153930669, REQUEST=GetMap, FORMAT=image/png, SRS=EPSG:3857, BBOX=11173259.046613924,1526294.580798401,11183042.986234426,1536078.520418902, VERSION=1.1.1, STYLES=, SERVICE=WMS, WIDTH=256, HEIGHT=256, TRANSPARENT=true, LAYERS=ws_30cad3c4:vec_s2s_vec_agriculture_area_pol_e832f923}
	RemoteOwsType = null
	RemoteOwsURL = null
	Request = GetMap
	RequestCharset = UTF-8
	ScaleMethod = null
	Sld = null
	SldBody = null
	SldVersion = null
	SortBy = null
	SortByArrays = null
	SRS = EPSG:3857
	StartIndex = null
	StyleBody = null
	StyleFormat = sld
	Styles = [StyleImpl[ name=style_vec_s2s_vec_agriculture_area_pol_e832f923]]
	StyleUrl = null
	StyleVersion = null
	Tiled = false
	TilesOrigin = null
	Time = []
	Transparent = true
	ValidateSchema = false
	Version = 1.1.1
	ViewParams = null
	Width = 256
23 Sep 08:59:10 INFO   [geoserver.flow] - releasing flow controllers for [WMS 1.1.1 GetMap]
23 Sep 08:59:10 INFO   [geoserver.flow] - Request completed, running requests: 4, blocked requests: 0
23 Sep 08:59:10 INFO   [geoserver.wms] - 
Request: getMap
	Angle = 0.0
	BaseUrl = http://localhost:8080/geoserver/
	Bbox = SRSEnvelope[1.1163475106993424E7 : 1.1173259046613924E7, 1545862.4600394047 : 1555646.3996599081]
	BgColor = java.awt.Color[r=255,g=255,b=255]
	Buffer = 0
	Clip = null
	CQLFilter = null
	Crs = PROJCS["WGS 84 / Pseudo-Mercator", 
  GEOGCS["WGS 84", 
    DATUM["World Geodetic System 1984", 
      SPHEROID["WGS 84", 6378137.0, 298.257223563, AUTHORITY["EPSG","7030"]], 
      AUTHORITY["EPSG","6326"]], 
    PRIMEM["Greenwich", 0.0, AUTHORITY["EPSG","8901"]], 
    UNIT["degree", 0.017453292519943295], 
    AXIS["Geodetic longitude", EAST], 
    AXIS["Geodetic latitude", NORTH], 
    AUTHORITY["EPSG","4326"]], 
  PROJECTION["Popular Visualisation Pseudo Mercator", AUTHORITY["EPSG","1024"]], 
  PARAMETER["semi_minor", 6378137.0], 
  PARAMETER["latitude_of_origin", 0.0], 
  PARAMETER["central_meridian", 0.0], 
  PARAMETER["scale_factor", 1.0], 
  PARAMETER["false_easting", 0.0], 
  PARAMETER["false_northing", 0.0], 
  UNIT["m", 1.0], 
  AXIS["Easting", EAST], 
  AXIS["Northing", NORTH], 
  AUTHORITY["EPSG","3857"]]
	Elevation = []
	Env = {}
	Exceptions = SE_XML
	FeatureId = null
	FeatureVersion = null
	Filter = null
	Format = image/png
	FormatOptions = {}
	Get = true
	Height = 256
	Interpolations = []
	Layers = [org.geoserver.wms.MapLayerInfo@46f05556[description=<null>,label=Agriculture area poly,layerFeatureConstraints=<null>,layerGroupMetadata={},layerInfo=SecuredLayerInfo[LayerInfoImpl[vec_s2s_vec_agriculture_area_pol_e832f923, resource:FeatureTypeInfoImpl[vec_s2s_vec_agriculture_area_pol_e832f923]]],name=vec_s2s_vec_agriculture_area_pol_e832f923,remoteFeatureSource=<null>,style=<null>,type=0]]
	MaxFeatures = null
	Palette = null
	RawKvp = {_T=1790153930669, REQUEST=GetMap, FORMAT=image/png, SRS=EPSG:3857, BBOX=11163475.106993424,1545862.4600394047,11173259.046613924,1555646.3996599081, VERSION=1.1.1, STYLES=, SERVICE=WMS, WIDTH=256, HEIGHT=256, TRANSPARENT=true, LAYERS=ws_30cad3c4:vec_s2s_vec_agriculture_area_pol_e832f923}
	RemoteOwsType = null
	RemoteOwsURL = null
	Request = GetMap
	RequestCharset = UTF-8
	ScaleMethod = null
	Sld = null
	SldBody = null
	SldVersion = null
	SortBy = null
	SortByArrays = null
	SRS = EPSG:3857
	StartIndex = null
	StyleBody = null
	StyleFormat = sld
	Styles = [StyleImpl[ name=style_vec_s2s_vec_agriculture_area_pol_e832f923]]
	StyleUrl = null
	StyleVersion = null
	Tiled = false
	TilesOrigin = null
	Time = []
	Transparent = true
	ValidateSchema = false
	Version = 1.1.1
	ViewParams = null
	Width = 256
23 Sep 08:59:10 INFO   [geoserver.wms] - 
Request: getServiceInfo
23 Sep 08:59:10 INFO   [geoserver.flow] - releasing flow controllers for [WMS 1.1.1 GetMap]
23 Sep 08:59:10 INFO   [geoserver.flow] - Request [WMS 1.1.1 GetMap] starting, processing through flow controllers
23 Sep 08:59:10 INFO   [geoserver.flow] - Request completed, running requests: 3, blocked requests: 1
23 Sep 08:59:10 INFO   [geoserver.flow] - Request control-flow performed, running requests: 4, blocked requests: 0
23 Sep 08:59:10 INFO   [geoserver.wms] - 
Request: getServiceInfo
23 Sep 08:59:10 INFO   [geoserver.wms] - 
Request: getMap
	Angle = 0.0
	BaseUrl = http://localhost:8080/geoserver/
	Bbox = SRSEnvelope[1.115369116737292E7 : 1.1163475106993424E7, 1526294.580798401 : 1536078.520418902]
	BgColor = java.awt.Color[r=255,g=255,b=255]
	Buffer = 0
	Clip = null
	CQLFilter = null
	Crs = PROJCS["WGS 84 / Pseudo-Mercator", 
  GEOGCS["WGS 84", 
    DATUM["World Geodetic System 1984", 
      SPHEROID["WGS 84", 6378137.0, 298.257223563, AUTHORITY["EPSG","7030"]], 
      AUTHORITY["EPSG","6326"]], 
    PRIMEM["Greenwich", 0.0, AUTHORITY["EPSG","8901"]], 
    UNIT["degree", 0.017453292519943295], 
    AXIS["Geodetic longitude", EAST], 
    AXIS["Geodetic latitude", NORTH], 
    AUTHORITY["EPSG","4326"]], 
  PROJECTION["Popular Visualisation Pseudo Mercator", AUTHORITY["EPSG","1024"]], 
  PARAMETER["semi_minor", 6378137.0], 
  PARAMETER["latitude_of_origin", 0.0], 
  PARAMETER["central_meridian", 0.0], 
  PARAMETER["scale_factor", 1.0], 
  PARAMETER["false_easting", 0.0], 
  PARAMETER["false_northing", 0.0], 
  UNIT["m", 1.0], 
  AXIS["Easting", EAST], 
  AXIS["Northing", NORTH], 
  AUTHORITY["EPSG","3857"]]
	Elevation = []
	Env = {}
	Exceptions = SE_XML
	FeatureId = null
	FeatureVersion = null
	Filter = null
	Format = image/png
	FormatOptions = {}
	Get = true
	Height = 256
	Interpolations = []
	Layers = [org.geoserver.wms.MapLayerInfo@5ff9f69b[description=<null>,label=Agriculture area poly,layerFeatureConstraints=<null>,layerGroupMetadata={},layerInfo=SecuredLayerInfo[LayerInfoImpl[vec_s2s_vec_agriculture_area_pol_e832f923, resource:FeatureTypeInfoImpl[vec_s2s_vec_agriculture_area_pol_e832f923]]],name=vec_s2s_vec_agriculture_area_pol_e832f923,remoteFeatureSource=<null>,style=<null>,type=0]]
	MaxFeatures = null
	Palette = null
	RawKvp = {_T=1790153930669, REQUEST=GetMap, FORMAT=image/png, SRS=EPSG:3857, BBOX=11153691.16737292,1526294.580798401,11163475.106993424,1536078.520418902, VERSION=1.1.1, STYLES=, SERVICE=WMS, WIDTH=256, HEIGHT=256, TRANSPARENT=true, LAYERS=ws_30cad3c4:vec_s2s_vec_agriculture_area_pol_e832f923}
	RemoteOwsType = null
	RemoteOwsURL = null
	Request = GetMap
	RequestCharset = UTF-8
	ScaleMethod = null
	Sld = null
	SldBody = null
	SldVersion = null
	SortBy = null
	SortByArrays = null
	SRS = EPSG:3857
	StartIndex = null
	StyleBody = null
	StyleFormat = sld
	Styles = [StyleImpl[ name=style_vec_s2s_vec_agriculture_area_pol_e832f923]]
	StyleUrl = null
	StyleVersion = null
	Tiled = false
	TilesOrigin = null
	Time = []
	Transparent = true
	ValidateSchema = false
	Version = 1.1.1
	ViewParams = null
	Width = 256
23 Sep 08:59:10 INFO   [geoserver.flow] - Request [WMS 1.1.1 GetMap] starting, processing through flow controllers
23 Sep 08:59:10 INFO   [geoserver.flow] - releasing flow controllers for [WMS 1.1.1 GetMap]
23 Sep 08:59:10 INFO   [geoserver.flow] - Request control-flow performed, running requests: 4, blocked requests: 0
23 Sep 08:59:10 INFO   [geoserver.flow] - Request completed, running requests: 4, blocked requests: 0
23 Sep 08:59:10 INFO   [geoserver.wms] - 
Request: getServiceInfo
23 Sep 08:59:10 INFO   [geoserver.flow] - Request [WMS 1.1.1 GetMap] starting, processing through flow controllers
23 Sep 08:59:10 INFO   [geoserver.flow] - Request control-flow performed, running requests: 5, blocked requests: 0
23 Sep 08:59:10 INFO   [geoserver.wms] - 
Request: getMap
	Angle = 0.0
	BaseUrl = http://localhost:8080/geoserver/
	Bbox = SRSEnvelope[1.1183042986234426E7 : 1.119282692585493E7, 1536078.520418902 : 1545862.4600394047]
	BgColor = java.awt.Color[r=255,g=255,b=255]
	Buffer = 0
	Clip = null
	CQLFilter = null
	Crs = PROJCS["WGS 84 / Pseudo-Mercator", 
  GEOGCS["WGS 84", 
    DATUM["World Geodetic System 1984", 
      SPHEROID["WGS 84", 6378137.0, 298.257223563, AUTHORITY["EPSG","7030"]], 
      AUTHORITY["EPSG","6326"]], 
    PRIMEM["Greenwich", 0.0, AUTHORITY["EPSG","8901"]], 
    UNIT["degree", 0.017453292519943295], 
    AXIS["Geodetic longitude", EAST], 
    AXIS["Geodetic latitude", NORTH], 
    AUTHORITY["EPSG","4326"]], 
  PROJECTION["Popular Visualisation Pseudo Mercator", AUTHORITY["EPSG","1024"]], 
  PARAMETER["semi_minor", 6378137.0], 
  PARAMETER["latitude_of_origin", 0.0], 
  PARAMETER["central_meridian", 0.0], 
  PARAMETER["scale_factor", 1.0], 
  PARAMETER["false_easting", 0.0], 
  PARAMETER["false_northing", 0.0], 
  UNIT["m", 1.0], 
  AXIS["Easting", EAST], 
  AXIS["Northing", NORTH], 
  AUTHORITY["EPSG","3857"]]
	Elevation = []
	Env = {}
	Exceptions = SE_XML
	FeatureId = null
	FeatureVersion = null
	Filter = null
	Format = image/png
	FormatOptions = {}
	Get = true
	Height = 256
	Interpolations = []
	Layers = [org.geoserver.wms.MapLayerInfo@250501e5[description=<null>,label=Agriculture area poly,layerFeatureConstraints=<null>,layerGroupMetadata={},layerInfo=SecuredLayerInfo[LayerInfoImpl[vec_s2s_vec_agriculture_area_pol_e832f923, resource:FeatureTypeInfoImpl[vec_s2s_vec_agriculture_area_pol_e832f923]]],name=vec_s2s_vec_agriculture_area_pol_e832f923,remoteFeatureSource=<null>,style=<null>,type=0]]
	MaxFeatures = null
	Palette = null
	RawKvp = {_T=1790153930669, REQUEST=GetMap, FORMAT=image/png, SRS=EPSG:3857, BBOX=11183042.986234426,1536078.520418902,11192826.92585493,1545862.4600394047, VERSION=1.1.1, STYLES=, SERVICE=WMS, WIDTH=256, HEIGHT=256, TRANSPARENT=true, LAYERS=ws_30cad3c4:vec_s2s_vec_agriculture_area_pol_e832f923}
	RemoteOwsType = null
	RemoteOwsURL = null
	Request = GetMap
	RequestCharset = UTF-8
	ScaleMethod = null
	Sld = null
	SldBody = null
	SldVersion = null
	SortBy = null
	SortByArrays = null
	SRS = EPSG:3857
	StartIndex = null
	StyleBody = null
	StyleFormat = sld
	Styles = [StyleImpl[ name=style_vec_s2s_vec_agriculture_area_pol_e832f923]]
	StyleUrl = null
	StyleVersion = null
	Tiled = false
	TilesOrigin = null
	Time = []
	Transparent = true
	ValidateSchema = false
	Version = 1.1.1
	ViewParams = null
	Width = 256
23 Sep 08:59:10 INFO   [geoserver.wms] - 
Request: getServiceInfo
23 Sep 08:59:10 INFO   [geoserver.flow] - releasing flow controllers for [WMS 1.1.1 GetMap]
23 Sep 08:59:10 INFO   [geoserver.flow] - Request [WMS 1.1.1 GetMap] starting, processing through flow controllers
23 Sep 08:59:10 INFO   [geoserver.flow] - Request completed, running requests: 4, blocked requests: 1
23 Sep 08:59:10 INFO   [geoserver.flow] - Request control-flow performed, running requests: 5, blocked requests: 0
23 Sep 08:59:10 INFO   [geoserver.wms] - 
Request: getMap
	Angle = 0.0
	BaseUrl = http://localhost:8080/geoserver/
	Bbox = SRSEnvelope[1.1183042986234426E7 : 1.119282692585493E7, 1545862.4600394047 : 1555646.3996599081]
	BgColor = java.awt.Color[r=255,g=255,b=255]
	Buffer = 0
	Clip = null
	CQLFilter = null
	Crs = PROJCS["WGS 84 / Pseudo-Mercator", 
  GEOGCS["WGS 84", 
    DATUM["World Geodetic System 1984", 
      SPHEROID["WGS 84", 6378137.0, 298.257223563, AUTHORITY["EPSG","7030"]], 
      AUTHORITY["EPSG","6326"]], 
    PRIMEM["Greenwich", 0.0, AUTHORITY["EPSG","8901"]], 
    UNIT["degree", 0.017453292519943295], 
    AXIS["Geodetic longitude", EAST], 
    AXIS["Geodetic latitude", NORTH], 
    AUTHORITY["EPSG","4326"]], 
  PROJECTION["Popular Visualisation Pseudo Mercator", AUTHORITY["EPSG","1024"]], 
  PARAMETER["semi_minor", 6378137.0], 
  PARAMETER["latitude_of_origin", 0.0], 
  PARAMETER["central_meridian", 0.0], 
  PARAMETER["scale_factor", 1.0], 
  PARAMETER["false_easting", 0.0], 
  PARAMETER["false_northing", 0.0], 
  UNIT["m", 1.0], 
  AXIS["Easting", EAST], 
  AXIS["Northing", NORTH], 
  AUTHORITY["EPSG","3857"]]
	Elevation = []
	Env = {}
	Exceptions = SE_XML
	FeatureId = null
	FeatureVersion = null
	Filter = null
	Format = image/png
	FormatOptions = {}
	Get = true
	Height = 256
	Interpolations = []
	Layers = [org.geoserver.wms.MapLayerInfo@75b937b7[description=<null>,label=Agriculture area poly,layerFeatureConstraints=<null>,layerGroupMetadata={},layerInfo=SecuredLayerInfo[LayerInfoImpl[vec_s2s_vec_agriculture_area_pol_e832f923, resource:FeatureTypeInfoImpl[vec_s2s_vec_agriculture_area_pol_e832f923]]],name=vec_s2s_vec_agriculture_area_pol_e832f923,remoteFeatureSource=<null>,style=<null>,type=0]]
	MaxFeatures = null
	Palette = null
	RawKvp = {_T=1790153930669, REQUEST=GetMap, FORMAT=image/png, SRS=EPSG:3857, BBOX=11183042.986234426,1545862.4600394047,11192826.92585493,1555646.3996599081, VERSION=1.1.1, STYLES=, SERVICE=WMS, WIDTH=256, HEIGHT=256, TRANSPARENT=true, LAYERS=ws_30cad3c4:vec_s2s_vec_agriculture_area_pol_e832f923}
	RemoteOwsType = null
	RemoteOwsURL = null
	Request = GetMap
	RequestCharset = UTF-8
	ScaleMethod = null
	Sld = null
	SldBody = null
	SldVersion = null
	SortBy = null
	SortByArrays = null
	SRS = EPSG:3857
	StartIndex = null
	StyleBody = null
	StyleFormat = sld
	Styles = [StyleImpl[ name=style_vec_s2s_vec_agriculture_area_pol_e832f923]]
	StyleUrl = null
	StyleVersion = null
	Tiled = false
	TilesOrigin = null
	Time = []
	Transparent = true
	ValidateSchema = false
	Version = 1.1.1
	ViewParams = null
	Width = 256
23 Sep 08:59:10 INFO   [geoserver.flow] - releasing flow controllers for [WMS 1.1.1 GetMap]
23 Sep 08:59:10 INFO   [geoserver.flow] - Request completed, running requests: 4, blocked requests: 0
23 Sep 08:59:10 INFO   [geoserver.wms] - 
Request: getMap
	Angle = 0.0
	BaseUrl = http://localhost:8080/geoserver/
	Bbox = SRSEnvelope[1.115369116737292E7 : 1.1163475106993424E7, 1545862.4600394047 : 1555646.3996599081]
	BgColor = java.awt.Color[r=255,g=255,b=255]
	Buffer = 0
	Clip = null
	CQLFilter = null
	Crs = PROJCS["WGS 84 / Pseudo-Mercator", 
  GEOGCS["WGS 84", 
    DATUM["World Geodetic System 1984", 
      SPHEROID["WGS 84", 6378137.0, 298.257223563, AUTHORITY["EPSG","7030"]], 
      AUTHORITY["EPSG","6326"]], 
    PRIMEM["Greenwich", 0.0, AUTHORITY["EPSG","8901"]], 
    UNIT["degree", 0.017453292519943295], 
    AXIS["Geodetic longitude", EAST], 
    AXIS["Geodetic latitude", NORTH], 
    AUTHORITY["EPSG","4326"]], 
  PROJECTION["Popular Visualisation Pseudo Mercator", AUTHORITY["EPSG","1024"]], 
  PARAMETER["semi_minor", 6378137.0], 
  PARAMETER["latitude_of_origin", 0.0], 
  PARAMETER["central_meridian", 0.0], 
  PARAMETER["scale_factor", 1.0], 
  PARAMETER["false_easting", 0.0], 
  PARAMETER["false_northing", 0.0], 
  UNIT["m", 1.0], 
  AXIS["Easting", EAST], 
  AXIS["Northing", NORTH], 
  AUTHORITY["EPSG","3857"]]
	Elevation = []
	Env = {}
	Exceptions = SE_XML
	FeatureId = null
	FeatureVersion = null
	Filter = null
	Format = image/png
	FormatOptions = {}
	Get = true
	Height = 256
	Interpolations = []
	Layers = [org.geoserver.wms.MapLayerInfo@170b7e31[description=<null>,label=Agriculture area poly,layerFeatureConstraints=<null>,layerGroupMetadata={},layerInfo=SecuredLayerInfo[LayerInfoImpl[vec_s2s_vec_agriculture_area_pol_e832f923, resource:FeatureTypeInfoImpl[vec_s2s_vec_agriculture_area_pol_e832f923]]],name=vec_s2s_vec_agriculture_area_pol_e832f923,remoteFeatureSource=<null>,style=<null>,type=0]]
	MaxFeatures = null
	Palette = null
	RawKvp = {_T=1790153930669, REQUEST=GetMap, FORMAT=image/png, SRS=EPSG:3857, BBOX=11153691.16737292,1545862.4600394047,11163475.106993424,1555646.3996599081, VERSION=1.1.1, STYLES=, SERVICE=WMS, WIDTH=256, HEIGHT=256, TRANSPARENT=true, LAYERS=ws_30cad3c4:vec_s2s_vec_agriculture_area_pol_e832f923}
	RemoteOwsType = null
	RemoteOwsURL = null
	Request = GetMap
	RequestCharset = UTF-8
	ScaleMethod = null
	Sld = null
	SldBody = null
	SldVersion = null
	SortBy = null
	SortByArrays = null
	SRS = EPSG:3857
	StartIndex = null
	StyleBody = null
	StyleFormat = sld
	Styles = [StyleImpl[ name=style_vec_s2s_vec_agriculture_area_pol_e832f923]]
	StyleUrl = null
	StyleVersion = null
	Tiled = false
	TilesOrigin = null
	Time = []
	Transparent = true
	ValidateSchema = false
	Version = 1.1.1
	ViewParams = null
	Width = 256
23 Sep 08:59:10 INFO   [geoserver.wms] - 
Request: getServiceInfo
23 Sep 08:59:10 INFO   [geoserver.wms] - 
Request: getServiceInfo
23 Sep 08:59:10 INFO   [geoserver.flow] - Request [WMS 1.1.1 GetMap] starting, processing through flow controllers
23 Sep 08:59:10 INFO   [geoserver.flow] - Request [WMS 1.1.1 GetMap] starting, processing through flow controllers
23 Sep 08:59:10 INFO   [geoserver.flow] - Request control-flow performed, running requests: 5, blocked requests: 1
23 Sep 08:59:10 INFO   [geoserver.flow] - Request control-flow performed, running requests: 6, blocked requests: 0
23 Sep 08:59:10 INFO   [geoserver.flow] - releasing flow controllers for [WMS 1.1.1 GetMap]
23 Sep 08:59:10 INFO   [geoserver.flow] - Request completed, running requests: 5, blocked requests: 0
23 Sep 08:59:10 INFO   [geoserver.wms] - 
Request: getMap
	Angle = 0.0
	BaseUrl = http://localhost:8080/geoserver/
	Bbox = SRSEnvelope[1.1183042986234426E7 : 1.119282692585493E7, 1526294.580798401 : 1536078.520418902]
	BgColor = java.awt.Color[r=255,g=255,b=255]
	Buffer = 0
	Clip = null
	CQLFilter = null
	Crs = PROJCS["WGS 84 / Pseudo-Mercator", 
  GEOGCS["WGS 84", 
    DATUM["World Geodetic System 1984", 
      SPHEROID["WGS 84", 6378137.0, 298.257223563, AUTHORITY["EPSG","7030"]], 
      AUTHORITY["EPSG","6326"]], 
    PRIMEM["Greenwich", 0.0, AUTHORITY["EPSG","8901"]], 
    UNIT["degree", 0.017453292519943295], 
    AXIS["Geodetic longitude", EAST], 
    AXIS["Geodetic latitude", NORTH], 
    AUTHORITY["EPSG","4326"]], 
  PROJECTION["Popular Visualisation Pseudo Mercator", AUTHORITY["EPSG","1024"]], 
  PARAMETER["semi_minor", 6378137.0], 
  PARAMETER["latitude_of_origin", 0.0], 
  PARAMETER["central_meridian", 0.0], 
  PARAMETER["scale_factor", 1.0], 
  PARAMETER["false_easting", 0.0], 
  PARAMETER["false_northing", 0.0], 
  UNIT["m", 1.0], 
  AXIS["Easting", EAST], 
  AXIS["Northing", NORTH], 
  AUTHORITY["EPSG","3857"]]
	Elevation = []
	Env = {}
	Exceptions = SE_XML
	FeatureId = null
	FeatureVersion = null
	Filter = null
	Format = image/png
	FormatOptions = {}
	Get = true
	Height = 256
	Interpolations = []
	Layers = [org.geoserver.wms.MapLayerInfo@6652fb72[description=<null>,label=Agriculture area poly,layerFeatureConstraints=<null>,layerGroupMetadata={},layerInfo=SecuredLayerInfo[LayerInfoImpl[vec_s2s_vec_agriculture_area_pol_e832f923, resource:FeatureTypeInfoImpl[vec_s2s_vec_agriculture_area_pol_e832f923]]],name=vec_s2s_vec_agriculture_area_pol_e832f923,remoteFeatureSource=<null>,style=<null>,type=0]]
	MaxFeatures = null
	Palette = null
	RawKvp = {_T=1790153930669, REQUEST=GetMap, FORMAT=image/png, SRS=EPSG:3857, BBOX=11183042.986234426,1526294.580798401,11192826.92585493,1536078.520418902, VERSION=1.1.1, STYLES=, SERVICE=WMS, WIDTH=256, HEIGHT=256, TRANSPARENT=true, LAYERS=ws_30cad3c4:vec_s2s_vec_agriculture_area_pol_e832f923}
	RemoteOwsType = null
	RemoteOwsURL = null
	Request = GetMap
	RequestCharset = UTF-8
	ScaleMethod = null
	Sld = null
	SldBody = null
	SldVersion = null
	SortBy = null
	SortByArrays = null
	SRS = EPSG:3857
	StartIndex = null
	StyleBody = null
	StyleFormat = sld
	Styles = [StyleImpl[ name=style_vec_s2s_vec_agriculture_area_pol_e832f923]]
	StyleUrl = null
	StyleVersion = null
	Tiled = false
	TilesOrigin = null
	Time = []
	Transparent = true
	ValidateSchema = false
	Version = 1.1.1
	ViewParams = null
	Width = 256
23 Sep 08:59:10 INFO   [geoserver.flow] - releasing flow controllers for [WMS 1.1.1 GetMap]
23 Sep 08:59:10 INFO   [geoserver.flow] - Request completed, running requests: 4, blocked requests: 0
23 Sep 08:59:10 INFO   [geoserver.wms] - 
Request: getMap
	Angle = 0.0
	BaseUrl = http://localhost:8080/geoserver/
	Bbox = SRSEnvelope[1.115369116737292E7 : 1.1163475106993424E7, 1536078.520418902 : 1545862.4600394047]
	BgColor = java.awt.Color[r=255,g=255,b=255]
	Buffer = 0
	Clip = null
	CQLFilter = null
	Crs = PROJCS["WGS 84 / Pseudo-Mercator", 
  GEOGCS["WGS 84", 
    DATUM["World Geodetic System 1984", 
      SPHEROID["WGS 84", 6378137.0, 298.257223563, AUTHORITY["EPSG","7030"]], 
      AUTHORITY["EPSG","6326"]], 
    PRIMEM["Greenwich", 0.0, AUTHORITY["EPSG","8901"]], 
    UNIT["degree", 0.017453292519943295], 
    AXIS["Geodetic longitude", EAST], 
    AXIS["Geodetic latitude", NORTH], 
    AUTHORITY["EPSG","4326"]], 
  PROJECTION["Popular Visualisation Pseudo Mercator", AUTHORITY["EPSG","1024"]], 
  PARAMETER["semi_minor", 6378137.0], 
  PARAMETER["latitude_of_origin", 0.0], 
  PARAMETER["central_meridian", 0.0], 
  PARAMETER["scale_factor", 1.0], 
  PARAMETER["false_easting", 0.0], 
  PARAMETER["false_northing", 0.0], 
  UNIT["m", 1.0], 
  AXIS["Easting", EAST], 
  AXIS["Northing", NORTH], 
  AUTHORITY["EPSG","3857"]]
	Elevation = []
	Env = {}
	Exceptions = SE_XML
	FeatureId = null
	FeatureVersion = null
	Filter = null
	Format = image/png
	FormatOptions = {}
	Get = true
	Height = 256
	Interpolations = []
	Layers = [org.geoserver.wms.MapLayerInfo@cf3cb[description=<null>,label=Agriculture area poly,layerFeatureConstraints=<null>,layerGroupMetadata={},layerInfo=SecuredLayerInfo[LayerInfoImpl[vec_s2s_vec_agriculture_area_pol_e832f923, resource:FeatureTypeInfoImpl[vec_s2s_vec_agriculture_area_pol_e832f923]]],name=vec_s2s_vec_agriculture_area_pol_e832f923,remoteFeatureSource=<null>,style=<null>,type=0]]
	MaxFeatures = null
	Palette = null
	RawKvp = {_T=1790153930669, REQUEST=GetMap, FORMAT=image/png, SRS=EPSG:3857, BBOX=11153691.16737292,1536078.520418902,11163475.106993424,1545862.4600394047, VERSION=1.1.1, STYLES=, SERVICE=WMS, WIDTH=256, HEIGHT=256, TRANSPARENT=true, LAYERS=ws_30cad3c4:vec_s2s_vec_agriculture_area_pol_e832f923}
	RemoteOwsType = null
	RemoteOwsURL = null
	Request = GetMap
	RequestCharset = UTF-8
	ScaleMethod = null
	Sld = null
	SldBody = null
	SldVersion = null
	SortBy = null
	SortByArrays = null
	SRS = EPSG:3857
	StartIndex = null
	StyleBody = null
	StyleFormat = sld
	Styles = [StyleImpl[ name=style_vec_s2s_vec_agriculture_area_pol_e832f923]]
	StyleUrl = null
	StyleVersion = null
	Tiled = false
	TilesOrigin = null
	Time = []
	Transparent = true
	ValidateSchema = false
	Version = 1.1.1
	ViewParams = null
	Width = 256
23 Sep 08:59:10 INFO   [geoserver.flow] - releasing flow controllers for [WMS 1.1.1 GetMap]
23 Sep 08:59:10 INFO   [geoserver.flow] - Request completed, running requests: 3, blocked requests: 0
23 Sep 08:59:10 INFO   [geoserver.wms] - 
Request: getMap
	Angle = 0.0
	BaseUrl = http://localhost:8080/geoserver/
	Bbox = SRSEnvelope[1.1143907227752417E7 : 1.115369116737292E7, 1545862.4600394047 : 1555646.3996599081]
	BgColor = java.awt.Color[r=255,g=255,b=255]
	Buffer = 0
	Clip = null
	CQLFilter = null
	Crs = PROJCS["WGS 84 / Pseudo-Mercator", 
  GEOGCS["WGS 84", 
    DATUM["World Geodetic System 1984", 
      SPHEROID["WGS 84", 6378137.0, 298.257223563, AUTHORITY["EPSG","7030"]], 
      AUTHORITY["EPSG","6326"]], 
    PRIMEM["Greenwich", 0.0, AUTHORITY["EPSG","8901"]], 
    UNIT["degree", 0.017453292519943295], 
    AXIS["Geodetic longitude", EAST], 
    AXIS["Geodetic latitude", NORTH], 
    AUTHORITY["EPSG","4326"]], 
  PROJECTION["Popular Visualisation Pseudo Mercator", AUTHORITY["EPSG","1024"]], 
  PARAMETER["semi_minor", 6378137.0], 
  PARAMETER["latitude_of_origin", 0.0], 
  PARAMETER["central_meridian", 0.0], 
  PARAMETER["scale_factor", 1.0], 
  PARAMETER["false_easting", 0.0], 
  PARAMETER["false_northing", 0.0], 
  UNIT["m", 1.0], 
  AXIS["Easting", EAST], 
  AXIS["Northing", NORTH], 
  AUTHORITY["EPSG","3857"]]
	Elevation = []
	Env = {}
	Exceptions = SE_XML
	FeatureId = null
	FeatureVersion = null
	Filter = null
	Format = image/png
	FormatOptions = {}
	Get = true
	Height = 256
	Interpolations = []
	Layers = [org.geoserver.wms.MapLayerInfo@7b332b8c[description=<null>,label=Agriculture area poly,layerFeatureConstraints=<null>,layerGroupMetadata={},layerInfo=SecuredLayerInfo[LayerInfoImpl[vec_s2s_vec_agriculture_area_pol_e832f923, resource:FeatureTypeInfoImpl[vec_s2s_vec_agriculture_area_pol_e832f923]]],name=vec_s2s_vec_agriculture_area_pol_e832f923,remoteFeatureSource=<null>,style=<null>,type=0]]
	MaxFeatures = null
	Palette = null
	RawKvp = {_T=1790153930669, REQUEST=GetMap, FORMAT=image/png, SRS=EPSG:3857, BBOX=11143907.227752417,1545862.4600394047,11153691.16737292,1555646.3996599081, VERSION=1.1.1, STYLES=, SERVICE=WMS, WIDTH=256, HEIGHT=256, TRANSPARENT=true, LAYERS=ws_30cad3c4:vec_s2s_vec_agriculture_area_pol_e832f923}
	RemoteOwsType = null
	RemoteOwsURL = null
	Request = GetMap
	RequestCharset = UTF-8
	ScaleMethod = null
	Sld = null
	SldBody = null
	SldVersion = null
	SortBy = null
	SortByArrays = null
	SRS = EPSG:3857
	StartIndex = null
	StyleBody = null
	StyleFormat = sld
	Styles = [StyleImpl[ name=style_vec_s2s_vec_agriculture_area_pol_e832f923]]
	StyleUrl = null
	StyleVersion = null
	Tiled = false
	TilesOrigin = null
	Time = []
	Transparent = true
	ValidateSchema = false
	Version = 1.1.1
	ViewParams = null
	Width = 256
23 Sep 08:59:10 INFO   [geoserver.flow] - releasing flow controllers for [WMS 1.1.1 GetMap]
23 Sep 08:59:10 INFO   [geoserver.flow] - Request completed, running requests: 2, blocked requests: 0
23 Sep 08:59:10 INFO   [geoserver.wms] - 
Request: getMap
	Angle = 0.0
	BaseUrl = http://localhost:8080/geoserver/
	Bbox = SRSEnvelope[1.1143907227752417E7 : 1.115369116737292E7, 1526294.580798401 : 1536078.520418902]
	BgColor = java.awt.Color[r=255,g=255,b=255]
	Buffer = 0
	Clip = null
	CQLFilter = null
	Crs = PROJCS["WGS 84 / Pseudo-Mercator", 
  GEOGCS["WGS 84", 
    DATUM["World Geodetic System 1984", 
      SPHEROID["WGS 84", 6378137.0, 298.257223563, AUTHORITY["EPSG","7030"]], 
      AUTHORITY["EPSG","6326"]], 
    PRIMEM["Greenwich", 0.0, AUTHORITY["EPSG","8901"]], 
    UNIT["degree", 0.017453292519943295], 
    AXIS["Geodetic longitude", EAST], 
    AXIS["Geodetic latitude", NORTH], 
    AUTHORITY["EPSG","4326"]], 
  PROJECTION["Popular Visualisation Pseudo Mercator", AUTHORITY["EPSG","1024"]], 
  PARAMETER["semi_minor", 6378137.0], 
  PARAMETER["latitude_of_origin", 0.0], 
  PARAMETER["central_meridian", 0.0], 
  PARAMETER["scale_factor", 1.0], 
  PARAMETER["false_easting", 0.0], 
  PARAMETER["false_northing", 0.0], 
  UNIT["m", 1.0], 
  AXIS["Easting", EAST], 
  AXIS["Northing", NORTH], 
  AUTHORITY["EPSG","3857"]]
	Elevation = []
	Env = {}
	Exceptions = SE_XML
	FeatureId = null
	FeatureVersion = null
	Filter = null
	Format = image/png
	FormatOptions = {}
	Get = true
	Height = 256
	Interpolations = []
	Layers = [org.geoserver.wms.MapLayerInfo@75c22d74[description=<null>,label=Agriculture area poly,layerFeatureConstraints=<null>,layerGroupMetadata={},layerInfo=SecuredLayerInfo[LayerInfoImpl[vec_s2s_vec_agriculture_area_pol_e832f923, resource:FeatureTypeInfoImpl[vec_s2s_vec_agriculture_area_pol_e832f923]]],name=vec_s2s_vec_agriculture_area_pol_e832f923,remoteFeatureSource=<null>,style=<null>,type=0]]
	MaxFeatures = null
	Palette = null
	RawKvp = {_T=1790153930669, REQUEST=GetMap, FORMAT=image/png, SRS=EPSG:3857, BBOX=11143907.227752417,1526294.580798401,11153691.16737292,1536078.520418902, VERSION=1.1.1, STYLES=, SERVICE=WMS, WIDTH=256, HEIGHT=256, TRANSPARENT=true, LAYERS=ws_30cad3c4:vec_s2s_vec_agriculture_area_pol_e832f923}
	RemoteOwsType = null
	RemoteOwsURL = null
	Request = GetMap
	RequestCharset = UTF-8
	ScaleMethod = null
	Sld = null
	SldBody = null
	SldVersion = null
	SortBy = null
	SortByArrays = null
	SRS = EPSG:3857
	StartIndex = null
	StyleBody = null
	StyleFormat = sld
	Styles = [StyleImpl[ name=style_vec_s2s_vec_agriculture_area_pol_e832f923]]
	StyleUrl = null
	StyleVersion = null
	Tiled = false
	TilesOrigin = null
	Time = []
	Transparent = true
	ValidateSchema = false
	Version = 1.1.1
	ViewParams = null
	Width = 256
23 Sep 08:59:10 INFO   [geoserver.flow] - releasing flow controllers for [WMS 1.1.1 GetMap]
23 Sep 08:59:10 INFO   [geoserver.flow] - Request completed, running requests: 1, blocked requests: 0
23 Sep 08:59:10 INFO   [geoserver.wms] - 
Request: getMap
	Angle = 0.0
	BaseUrl = http://localhost:8080/geoserver/
	Bbox = SRSEnvelope[1.1143907227752417E7 : 1.115369116737292E7, 1536078.520418902 : 1545862.4600394047]
	BgColor = java.awt.Color[r=255,g=255,b=255]
	Buffer = 0
	Clip = null
	CQLFilter = null
	Crs = PROJCS["WGS 84 / Pseudo-Mercator", 
  GEOGCS["WGS 84", 
    DATUM["World Geodetic System 1984", 
      SPHEROID["WGS 84", 6378137.0, 298.257223563, AUTHORITY["EPSG","7030"]], 
      AUTHORITY["EPSG","6326"]], 
    PRIMEM["Greenwich", 0.0, AUTHORITY["EPSG","8901"]], 
    UNIT["degree", 0.017453292519943295], 
    AXIS["Geodetic longitude", EAST], 
    AXIS["Geodetic latitude", NORTH], 
    AUTHORITY["EPSG","4326"]], 
  PROJECTION["Popular Visualisation Pseudo Mercator", AUTHORITY["EPSG","1024"]], 
  PARAMETER["semi_minor", 6378137.0], 
  PARAMETER["latitude_of_origin", 0.0], 
  PARAMETER["central_meridian", 0.0], 
  PARAMETER["scale_factor", 1.0], 
  PARAMETER["false_easting", 0.0], 
  PARAMETER["false_northing", 0.0], 
  UNIT["m", 1.0], 
  AXIS["Easting", EAST], 
  AXIS["Northing", NORTH], 
  AUTHORITY["EPSG","3857"]]
	Elevation = []
	Env = {}
	Exceptions = SE_XML
	FeatureId = null
	FeatureVersion = null
	Filter = null
	Format = image/png
	FormatOptions = {}
	Get = true
	Height = 256
	Interpolations = []
	Layers = [org.geoserver.wms.MapLayerInfo@391ef23e[description=<null>,label=Agriculture area poly,layerFeatureConstraints=<null>,layerGroupMetadata={},layerInfo=SecuredLayerInfo[LayerInfoImpl[vec_s2s_vec_agriculture_area_pol_e832f923, resource:FeatureTypeInfoImpl[vec_s2s_vec_agriculture_area_pol_e832f923]]],name=vec_s2s_vec_agriculture_area_pol_e832f923,remoteFeatureSource=<null>,style=<null>,type=0]]
	MaxFeatures = null
	Palette = null
	RawKvp = {_T=1790153930669, REQUEST=GetMap, FORMAT=image/png, SRS=EPSG:3857, BBOX=11143907.227752417,1536078.520418902,11153691.16737292,1545862.4600394047, VERSION=1.1.1, STYLES=, SERVICE=WMS, WIDTH=256, HEIGHT=256, TRANSPARENT=true, LAYERS=ws_30cad3c4:vec_s2s_vec_agriculture_area_pol_e832f923}
	RemoteOwsType = null
	RemoteOwsURL = null
	Request = GetMap
	RequestCharset = UTF-8
	ScaleMethod = null
	Sld = null
	SldBody = null
	SldVersion = null
	SortBy = null
	SortByArrays = null
	SRS = EPSG:3857
	StartIndex = null
	StyleBody = null
	StyleFormat = sld
	Styles = [StyleImpl[ name=style_vec_s2s_vec_agriculture_area_pol_e832f923]]
	StyleUrl = null
	StyleVersion = null
	Tiled = false
	TilesOrigin = null
	Time = []
	Transparent = true
	ValidateSchema = false
	Version = 1.1.1
	ViewParams = null
	Width = 256
23 Sep 08:59:10 INFO   [geoserver.flow] - releasing flow controllers for [WMS 1.1.1 GetMap]
23 Sep 08:59:10 INFO   [geoserver.flow] - Request completed, running requests: 0, blocked requests: 0
23 Sep 08:59:11 INFO   [geoserver.wms] - 
Request: getServiceInfo
23 Sep 08:59:11 INFO   [geoserver.wms] - 
Request: getServiceInfo
23 Sep 08:59:11 INFO   [geoserver.flow] - Request [WMS 1.1.1 GetMap] starting, processing through flow controllers
23 Sep 08:59:11 INFO   [geoserver.flow] - Request control-flow performed, running requests: 1, blocked requests: 1
23 Sep 08:59:11 INFO   [geoserver.flow] - Request [WMS 1.1.1 GetMap] starting, processing through flow controllers
23 Sep 08:59:11 INFO   [geoserver.flow] - Request control-flow performed, running requests: 2, blocked requests: 0
23 Sep 08:59:11 INFO   [geoserver.wms] - 
Request: getMap
	Angle = 0.0
	BaseUrl = http://localhost:8080/geoserver/
	Bbox = SRSEnvelope[1.1114555408890909E7 : 1.1134123288131915E7, 1526294.580798401 : 1545862.4600394047]
	BgColor = java.awt.Color[r=255,g=255,b=255]
	Buffer = 0
	Clip = null
	CQLFilter = null
	Crs = PROJCS["WGS 84 / Pseudo-Mercator", 
  GEOGCS["WGS 84", 
    DATUM["World Geodetic System 1984", 
      SPHEROID["WGS 84", 6378137.0, 298.257223563, AUTHORITY["EPSG","7030"]], 
      AUTHORITY["EPSG","6326"]], 
    PRIMEM["Greenwich", 0.0, AUTHORITY["EPSG","8901"]], 
    UNIT["degree", 0.017453292519943295], 
    AXIS["Geodetic longitude", EAST], 
    AXIS["Geodetic latitude", NORTH], 
    AUTHORITY["EPSG","4326"]], 
  PROJECTION["Popular Visualisation Pseudo Mercator", AUTHORITY["EPSG","1024"]], 
  PARAMETER["semi_minor", 6378137.0], 
  PARAMETER["latitude_of_origin", 0.0], 
  PARAMETER["central_meridian", 0.0], 
  PARAMETER["scale_factor", 1.0], 
  PARAMETER["false_easting", 0.0], 
  PARAMETER["false_northing", 0.0], 
  UNIT["m", 1.0], 
  AXIS["Easting", EAST], 
  AXIS["Northing", NORTH], 
  AUTHORITY["EPSG","3857"]]
	Elevation = []
	Env = {}
	Exceptions = SE_XML
	FeatureId = null
	FeatureVersion = null
	Filter = null
	Format = image/png
	FormatOptions = {}
	Get = true
	Height = 256
	Interpolations = []
	Layers = [org.geoserver.wms.MapLayerInfo@73c39f20[description=<null>,label=Agriculture area poly,layerFeatureConstraints=<null>,layerGroupMetadata={},layerInfo=SecuredLayerInfo[LayerInfoImpl[vec_s2s_vec_agriculture_area_pol_e832f923, resource:FeatureTypeInfoImpl[vec_s2s_vec_agriculture_area_pol_e832f923]]],name=vec_s2s_vec_agriculture_area_pol_e832f923,remoteFeatureSource=<null>,style=<null>,type=0]]
	MaxFeatures = null
	Palette = null
	RawKvp = {_T=1790153930669, REQUEST=GetMap, FORMAT=image/png, SRS=EPSG:3857, BBOX=11114555.408890909,1526294.580798401,11134123.288131915,1545862.4600394047, VERSION=1.1.1, STYLES=, SERVICE=WMS, WIDTH=256, HEIGHT=256, TRANSPARENT=true, LAYERS=ws_30cad3c4:vec_s2s_vec_agriculture_area_pol_e832f923}
	RemoteOwsType = null
	RemoteOwsURL = null
	Request = GetMap
	RequestCharset = UTF-8
	ScaleMethod = null
	Sld = null
	SldBody = null
	SldVersion = null
	SortBy = null
	SortByArrays = null
	SRS = EPSG:3857
	StartIndex = null
	StyleBody = null
	StyleFormat = sld
	Styles = [StyleImpl[ name=style_vec_s2s_vec_agriculture_area_pol_e832f923]]
	StyleUrl = null
	StyleVersion = null
	Tiled = false
	TilesOrigin = null
	Time = []
	Transparent = true
	ValidateSchema = false
	Version = 1.1.1
	ViewParams = null
	Width = 256
23 Sep 08:59:11 INFO   [geoserver.flow] - releasing flow controllers for [WMS 1.1.1 GetMap]
23 Sep 08:59:11 INFO   [geoserver.flow] - Request completed, running requests: 1, blocked requests: 0
23 Sep 08:59:11 INFO   [geoserver.wms] - 
Request: getMap
	Angle = 0.0
	BaseUrl = http://localhost:8080/geoserver/
	Bbox = SRSEnvelope[1.1114555408890909E7 : 1.1134123288131915E7, 1545862.4600394047 : 1565430.33928041]
	BgColor = java.awt.Color[r=255,g=255,b=255]
	Buffer = 0
	Clip = null
	CQLFilter = null
	Crs = PROJCS["WGS 84 / Pseudo-Mercator", 
  GEOGCS["WGS 84", 
    DATUM["World Geodetic System 1984", 
      SPHEROID["WGS 84", 6378137.0, 298.257223563, AUTHORITY["EPSG","7030"]], 
      AUTHORITY["EPSG","6326"]], 
    PRIMEM["Greenwich", 0.0, AUTHORITY["EPSG","8901"]], 
    UNIT["degree", 0.017453292519943295], 
    AXIS["Geodetic longitude", EAST], 
    AXIS["Geodetic latitude", NORTH], 
    AUTHORITY["EPSG","4326"]], 
  PROJECTION["Popular Visualisation Pseudo Mercator", AUTHORITY["EPSG","1024"]], 
  PARAMETER["semi_minor", 6378137.0], 
  PARAMETER["latitude_of_origin", 0.0], 
  PARAMETER["central_meridian", 0.0], 
  PARAMETER["scale_factor", 1.0], 
  PARAMETER["false_easting", 0.0], 
  PARAMETER["false_northing", 0.0], 
  UNIT["m", 1.0], 
  AXIS["Easting", EAST], 
  AXIS["Northing", NORTH], 
  AUTHORITY["EPSG","3857"]]
	Elevation = []
	Env = {}
	Exceptions = SE_XML
	FeatureId = null
	FeatureVersion = null
	Filter = null
	Format = image/png
	FormatOptions = {}
	Get = true
	Height = 256
	Interpolations = []
	Layers = [org.geoserver.wms.MapLayerInfo@5e65b16b[description=<null>,label=Agriculture area poly,layerFeatureConstraints=<null>,layerGroupMetadata={},layerInfo=SecuredLayerInfo[LayerInfoImpl[vec_s2s_vec_agriculture_area_pol_e832f923, resource:FeatureTypeInfoImpl[vec_s2s_vec_agriculture_area_pol_e832f923]]],name=vec_s2s_vec_agriculture_area_pol_e832f923,remoteFeatureSource=<null>,style=<null>,type=0]]
	MaxFeatures = null
	Palette = null
	RawKvp = {_T=1790153930669, REQUEST=GetMap, FORMAT=image/png, SRS=EPSG:3857, BBOX=11114555.408890909,1545862.4600394047,11134123.288131915,1565430.33928041, VERSION=1.1.1, STYLES=, SERVICE=WMS, WIDTH=256, HEIGHT=256, TRANSPARENT=true, LAYERS=ws_30cad3c4:vec_s2s_vec_agriculture_area_pol_e832f923}
	RemoteOwsType = null
	RemoteOwsURL = null
	Request = GetMap
	RequestCharset = UTF-8
	ScaleMethod = null
	Sld = null
	SldBody = null
	SldVersion = null
	SortBy = null
	SortByArrays = null
	SRS = EPSG:3857
	StartIndex = null
	StyleBody = null
	StyleFormat = sld
	Styles = [StyleImpl[ name=style_vec_s2s_vec_agriculture_area_pol_e832f923]]
	StyleUrl = null
	StyleVersion = null
	Tiled = false
	TilesOrigin = null
	Time = []
	Transparent = true
	ValidateSchema = false
	Version = 1.1.1
	ViewParams = null
	Width = 256
23 Sep 08:59:11 INFO   [geoserver.flow] - releasing flow controllers for [WMS 1.1.1 GetMap]
23 Sep 08:59:11 INFO   [geoserver.flow] - Request completed, running requests: 0, blocked requests: 0
23 Sep 08:59:16 INFO   [geoserver.wms] - 
Request: getServiceInfo
23 Sep 08:59:16 INFO   [geoserver.wms] - 
Request: getServiceInfo
23 Sep 08:59:16 INFO   [geoserver.wms] - 
Request: getServiceInfo
23 Sep 08:59:16 INFO   [geoserver.wms] - 
Request: getServiceInfo
23 Sep 08:59:16 INFO   [geoserver.wms] - 
Request: getServiceInfo
23 Sep 08:59:16 INFO   [geoserver.wms] - 
Request: getServiceInfo
23 Sep 08:59:16 INFO   [geoserver.flow] - Request [WMS 1.1.1 GetMap] starting, processing through flow controllers
23 Sep 08:59:16 INFO   [geoserver.flow] - Request [WMS 1.1.1 GetMap] starting, processing through flow controllers
23 Sep 08:59:16 INFO   [geoserver.flow] - Request [WMS 1.1.1 GetMap] starting, processing through flow controllers
23 Sep 08:59:16 INFO   [geoserver.flow] - Request [WMS 1.1.1 GetMap] starting, processing through flow controllers
23 Sep 08:59:16 INFO   [geoserver.flow] - Request [WMS 1.1.1 GetMap] starting, processing through flow controllers
23 Sep 08:59:16 INFO   [geoserver.flow] - Request control-flow performed, running requests: 1, blocked requests: 5
23 Sep 08:59:16 INFO   [geoserver.flow] - Request [WMS 1.1.1 GetMap] starting, processing through flow controllers
23 Sep 08:59:16 INFO   [geoserver.flow] - Request control-flow performed, running requests: 2, blocked requests: 4
23 Sep 08:59:16 INFO   [geoserver.flow] - Request control-flow performed, running requests: 3, blocked requests: 3
23 Sep 08:59:16 INFO   [geoserver.flow] - Request control-flow performed, running requests: 5, blocked requests: 1
23 Sep 08:59:16 INFO   [geoserver.flow] - Request control-flow performed, running requests: 4, blocked requests: 2
23 Sep 08:59:16 INFO   [geoserver.flow] - Request control-flow performed, running requests: 6, blocked requests: 0
23 Sep 08:59:16 INFO   [geoserver.wms] - 
Request: getMap
	Angle = 0.0
	BaseUrl = http://localhost:8080/geoserver/
	Bbox = SRSEnvelope[1.1134123288131915E7 : 1.115369116737292E7, 1545862.4600394047 : 1565430.33928041]
	BgColor = java.awt.Color[r=255,g=255,b=255]
	Buffer = 0
	Clip = null
	CQLFilter = null
	Crs = PROJCS["WGS 84 / Pseudo-Mercator", 
  GEOGCS["WGS 84", 
    DATUM["World Geodetic System 1984", 
      SPHEROID["WGS 84", 6378137.0, 298.257223563, AUTHORITY["EPSG","7030"]], 
      AUTHORITY["EPSG","6326"]], 
    PRIMEM["Greenwich", 0.0, AUTHORITY["EPSG","8901"]], 
    UNIT["degree", 0.017453292519943295], 
    AXIS["Geodetic longitude", EAST], 
    AXIS["Geodetic latitude", NORTH], 
    AUTHORITY["EPSG","4326"]], 
  PROJECTION["Popular Visualisation Pseudo Mercator", AUTHORITY["EPSG","1024"]], 
  PARAMETER["semi_minor", 6378137.0], 
  PARAMETER["latitude_of_origin", 0.0], 
  PARAMETER["central_meridian", 0.0], 
  PARAMETER["scale_factor", 1.0], 
  PARAMETER["false_easting", 0.0], 
  PARAMETER["false_northing", 0.0], 
  UNIT["m", 1.0], 
  AXIS["Easting", EAST], 
  AXIS["Northing", NORTH], 
  AUTHORITY["EPSG","3857"]]
	Elevation = []
	Env = {}
	Exceptions = SE_XML
	FeatureId = null
	FeatureVersion = null
	Filter = null
	Format = image/png
	FormatOptions = {}
	Get = true
	Height = 256
	Interpolations = []
	Layers = [org.geoserver.wms.MapLayerInfo@2cf8600[description=<null>,label=Radit Boundary,layerFeatureConstraints=<null>,layerGroupMetadata={},layerInfo=SecuredLayerInfo[LayerInfoImpl[vec_s2s_vec_radit_boundary_ba3d1cda, resource:FeatureTypeInfoImpl[vec_s2s_vec_radit_boundary_ba3d1cda]]],name=vec_s2s_vec_radit_boundary_ba3d1cda,remoteFeatureSource=<null>,style=<null>,type=0]]
	MaxFeatures = null
	Palette = null
	RawKvp = {REQUEST=GetMap, FORMAT=image/png, SRS=EPSG:3857, BBOX=11134123.288131915,1545862.4600394047,11153691.16737292,1565430.33928041, VERSION=1.1.1, STYLES=, SERVICE=WMS, WIDTH=256, HEIGHT=256, TRANSPARENT=true, LAYERS=ws_30cad3c4:vec_s2s_vec_radit_boundary_ba3d1cda}
	RemoteOwsType = null
	RemoteOwsURL = null
	Request = GetMap
	RequestCharset = UTF-8
	ScaleMethod = null
	Sld = null
	SldBody = null
	SldVersion = null
	SortBy = null
	SortByArrays = null
	SRS = EPSG:3857
	StartIndex = null
	StyleBody = null
	StyleFormat = sld
	Styles = [StyleImpl[ name=style_vec_s2s_vec_radit_boundary_ba3d1cda]]
	StyleUrl = null
	StyleVersion = null
	Tiled = false
	TilesOrigin = null
	Time = []
	Transparent = true
	ValidateSchema = false
	Version = 1.1.1
	ViewParams = null
	Width = 256
23 Sep 08:59:16 INFO   [geoserver.wms] - 
Request: getMap
	Angle = 0.0
	BaseUrl = http://localhost:8080/geoserver/
	Bbox = SRSEnvelope[1.1114555408890909E7 : 1.1134123288131915E7, 1545862.4600394047 : 1565430.33928041]
	BgColor = java.awt.Color[r=255,g=255,b=255]
	Buffer = 0
	Clip = null
	CQLFilter = null
	Crs = PROJCS["WGS 84 / Pseudo-Mercator", 
  GEOGCS["WGS 84", 
    DATUM["World Geodetic System 1984", 
      SPHEROID["WGS 84", 6378137.0, 298.257223563, AUTHORITY["EPSG","7030"]], 
      AUTHORITY["EPSG","6326"]], 
    PRIMEM["Greenwich", 0.0, AUTHORITY["EPSG","8901"]], 
    UNIT["degree", 0.017453292519943295], 
    AXIS["Geodetic longitude", EAST], 
    AXIS["Geodetic latitude", NORTH], 
    AUTHORITY["EPSG","4326"]], 
  PROJECTION["Popular Visualisation Pseudo Mercator", AUTHORITY["EPSG","1024"]], 
  PARAMETER["semi_minor", 6378137.0], 
  PARAMETER["latitude_of_origin", 0.0], 
  PARAMETER["central_meridian", 0.0], 
  PARAMETER["scale_factor", 1.0], 
  PARAMETER["false_easting", 0.0], 
  PARAMETER["false_northing", 0.0], 
  UNIT["m", 1.0], 
  AXIS["Easting", EAST], 
  AXIS["Northing", NORTH], 
  AUTHORITY["EPSG","3857"]]
	Elevation = []
	Env = {}
	Exceptions = SE_XML
	FeatureId = null
	FeatureVersion = null
	Filter = null
	Format = image/png
	FormatOptions = {}
	Get = true
	Height = 256
	Interpolations = []
	Layers = [org.geoserver.wms.MapLayerInfo@68b94b86[description=<null>,label=Radit Boundary,layerFeatureConstraints=<null>,layerGroupMetadata={},layerInfo=SecuredLayerInfo[LayerInfoImpl[vec_s2s_vec_radit_boundary_ba3d1cda, resource:FeatureTypeInfoImpl[vec_s2s_vec_radit_boundary_ba3d1cda]]],name=vec_s2s_vec_radit_boundary_ba3d1cda,remoteFeatureSource=<null>,style=<null>,type=0]]
	MaxFeatures = null
	Palette = null
	RawKvp = {REQUEST=GetMap, FORMAT=image/png, SRS=EPSG:3857, BBOX=11114555.408890909,1545862.4600394047,11134123.288131915,1565430.33928041, VERSION=1.1.1, STYLES=, SERVICE=WMS, WIDTH=256, HEIGHT=256, TRANSPARENT=true, LAYERS=ws_30cad3c4:vec_s2s_vec_radit_boundary_ba3d1cda}
	RemoteOwsType = null
	RemoteOwsURL = null
	Request = GetMap
	RequestCharset = UTF-8
	ScaleMethod = null
	Sld = null
	SldBody = null
	SldVersion = null
	SortBy = null
	SortByArrays = null
	SRS = EPSG:3857
	StartIndex = null
	StyleBody = null
	StyleFormat = sld
	Styles = [StyleImpl[ name=style_vec_s2s_vec_radit_boundary_ba3d1cda]]
	StyleUrl = null
	StyleVersion = null
	Tiled = false
	TilesOrigin = null
	Time = []
	Transparent = true
	ValidateSchema = false
	Version = 1.1.1
	ViewParams = null
	Width = 256
23 Sep 08:59:16 INFO   [geoserver.wms] - 
Request: getMap
	Angle = 0.0
	BaseUrl = http://localhost:8080/geoserver/
	Bbox = SRSEnvelope[1.115369116737292E7 : 1.1173259046613924E7, 1526294.580798401 : 1545862.4600394047]
	BgColor = java.awt.Color[r=255,g=255,b=255]
	Buffer = 0
	Clip = null
	CQLFilter = null
	Crs = PROJCS["WGS 84 / Pseudo-Mercator", 
  GEOGCS["WGS 84", 
    DATUM["World Geodetic System 1984", 
      SPHEROID["WGS 84", 6378137.0, 298.257223563, AUTHORITY["EPSG","7030"]], 
      AUTHORITY["EPSG","6326"]], 
    PRIMEM["Greenwich", 0.0, AUTHORITY["EPSG","8901"]], 
    UNIT["degree", 0.017453292519943295], 
    AXIS["Geodetic longitude", EAST], 
    AXIS["Geodetic latitude", NORTH], 
    AUTHORITY["EPSG","4326"]], 
  PROJECTION["Popular Visualisation Pseudo Mercator", AUTHORITY["EPSG","1024"]], 
  PARAMETER["semi_minor", 6378137.0], 
  PARAMETER["latitude_of_origin", 0.0], 
  PARAMETER["central_meridian", 0.0], 
  PARAMETER["scale_factor", 1.0], 
  PARAMETER["false_easting", 0.0], 
  PARAMETER["false_northing", 0.0], 
  UNIT["m", 1.0], 
  AXIS["Easting", EAST], 
  AXIS["Northing", NORTH], 
  AUTHORITY["EPSG","3857"]]
	Elevation = []
	Env = {}
	Exceptions = SE_XML
	FeatureId = null
	FeatureVersion = null
	Filter = null
	Format = image/png
	FormatOptions = {}
	Get = true
	Height = 256
	Interpolations = []
	Layers = [org.geoserver.wms.MapLayerInfo@4520f219[description=<null>,label=Radit Boundary,layerFeatureConstraints=<null>,layerGroupMetadata={},layerInfo=SecuredLayerInfo[LayerInfoImpl[vec_s2s_vec_radit_boundary_ba3d1cda, resource:FeatureTypeInfoImpl[vec_s2s_vec_radit_boundary_ba3d1cda]]],name=vec_s2s_vec_radit_boundary_ba3d1cda,remoteFeatureSource=<null>,style=<null>,type=0]]
	MaxFeatures = null
	Palette = null
	RawKvp = {REQUEST=GetMap, FORMAT=image/png, SRS=EPSG:3857, BBOX=11153691.16737292,1526294.580798401,11173259.046613924,1545862.4600394047, VERSION=1.1.1, STYLES=, SERVICE=WMS, WIDTH=256, HEIGHT=256, TRANSPARENT=true, LAYERS=ws_30cad3c4:vec_s2s_vec_radit_boundary_ba3d1cda}
	RemoteOwsType = null
	RemoteOwsURL = null
	Request = GetMap
	RequestCharset = UTF-8
	ScaleMethod = null
	Sld = null
	SldBody = null
	SldVersion = null
	SortBy = null
	SortByArrays = null
	SRS = EPSG:3857
	StartIndex = null
	StyleBody = null
	StyleFormat = sld
	Styles = [StyleImpl[ name=style_vec_s2s_vec_radit_boundary_ba3d1cda]]
	StyleUrl = null
	StyleVersion = null
	Tiled = false
	TilesOrigin = null
	Time = []
	Transparent = true
	ValidateSchema = false
	Version = 1.1.1
	ViewParams = null
	Width = 256
23 Sep 08:59:16 INFO   [geoserver.wms] - 
Request: getMap
	Angle = 0.0
	BaseUrl = http://localhost:8080/geoserver/
	Bbox = SRSEnvelope[1.115369116737292E7 : 1.1173259046613924E7, 1545862.4600394047 : 1565430.33928041]
	BgColor = java.awt.Color[r=255,g=255,b=255]
	Buffer = 0
	Clip = null
	CQLFilter = null
	Crs = PROJCS["WGS 84 / Pseudo-Mercator", 
  GEOGCS["WGS 84", 
    DATUM["World Geodetic System 1984", 
      SPHEROID["WGS 84", 6378137.0, 298.257223563, AUTHORITY["EPSG","7030"]], 
      AUTHORITY["EPSG","6326"]], 
    PRIMEM["Greenwich", 0.0, AUTHORITY["EPSG","8901"]], 
    UNIT["degree", 0.017453292519943295], 
    AXIS["Geodetic longitude", EAST], 
    AXIS["Geodetic latitude", NORTH], 
    AUTHORITY["EPSG","4326"]], 
  PROJECTION["Popular Visualisation Pseudo Mercator", AUTHORITY["EPSG","1024"]], 
  PARAMETER["semi_minor", 6378137.0], 
  PARAMETER["latitude_of_origin", 0.0], 
  PARAMETER["central_meridian", 0.0], 
  PARAMETER["scale_factor", 1.0], 
  PARAMETER["false_easting", 0.0], 
  PARAMETER["false_northing", 0.0], 
  UNIT["m", 1.0], 
  AXIS["Easting", EAST], 
  AXIS["Northing", NORTH], 
  AUTHORITY["EPSG","3857"]]
	Elevation = []
	Env = {}
	Exceptions = SE_XML
	FeatureId = null
	FeatureVersion = null
	Filter = null
	Format = image/png
	FormatOptions = {}
	Get = true
	Height = 256
	Interpolations = []
	Layers = [org.geoserver.wms.MapLayerInfo@556598b3[description=<null>,label=Radit Boundary,layerFeatureConstraints=<null>,layerGroupMetadata={},layerInfo=SecuredLayerInfo[LayerInfoImpl[vec_s2s_vec_radit_boundary_ba3d1cda, resource:FeatureTypeInfoImpl[vec_s2s_vec_radit_boundary_ba3d1cda]]],name=vec_s2s_vec_radit_boundary_ba3d1cda,remoteFeatureSource=<null>,style=<null>,type=0]]
	MaxFeatures = null
	Palette = null
	RawKvp = {REQUEST=GetMap, FORMAT=image/png, SRS=EPSG:3857, BBOX=11153691.16737292,1545862.4600394047,11173259.046613924,1565430.33928041, VERSION=1.1.1, STYLES=, SERVICE=WMS, WIDTH=256, HEIGHT=256, TRANSPARENT=true, LAYERS=ws_30cad3c4:vec_s2s_vec_radit_boundary_ba3d1cda}
	RemoteOwsType = null
	RemoteOwsURL = null
	Request = GetMap
	RequestCharset = UTF-8
	ScaleMethod = null
	Sld = null
	SldBody = null
	SldVersion = null
	SortBy = null
	SortByArrays = null
	SRS = EPSG:3857
	StartIndex = null
	StyleBody = null
	StyleFormat = sld
	Styles = [StyleImpl[ name=style_vec_s2s_vec_radit_boundary_ba3d1cda]]
	StyleUrl = null
	StyleVersion = null
	Tiled = false
	TilesOrigin = null
	Time = []
	Transparent = true
	ValidateSchema = false
	Version = 1.1.1
	ViewParams = null
	Width = 256
23 Sep 08:59:16 INFO   [geoserver.flow] - releasing flow controllers for [WMS 1.1.1 GetMap]
23 Sep 08:59:16 INFO   [geoserver.flow] - Request completed, running requests: 3, blocked requests: 0
23 Sep 08:59:16 INFO   [geoserver.wms] - 
Request: getMap
	Angle = 0.0
	BaseUrl = http://localhost:8080/geoserver/
	Bbox = SRSEnvelope[1.1134123288131915E7 : 1.115369116737292E7, 1526294.580798401 : 1545862.4600394047]
	BgColor = java.awt.Color[r=255,g=255,b=255]
	Buffer = 0
	Clip = null
	CQLFilter = null
	Crs = PROJCS["WGS 84 / Pseudo-Mercator", 
  GEOGCS["WGS 84", 
    DATUM["World Geodetic System 1984", 
      SPHEROID["WGS 84", 6378137.0, 298.257223563, AUTHORITY["EPSG","7030"]], 
      AUTHORITY["EPSG","6326"]], 
    PRIMEM["Greenwich", 0.0, AUTHORITY["EPSG","8901"]], 
    UNIT["degree", 0.017453292519943295], 
    AXIS["Geodetic longitude", EAST], 
    AXIS["Geodetic latitude", NORTH], 
    AUTHORITY["EPSG","4326"]], 
  PROJECTION["Popular Visualisation Pseudo Mercator", AUTHORITY["EPSG","1024"]], 
  PARAMETER["semi_minor", 6378137.0], 
  PARAMETER["latitude_of_origin", 0.0], 
  PARAMETER["central_meridian", 0.0], 
  PARAMETER["scale_factor", 1.0], 
  PARAMETER["false_easting", 0.0], 
  PARAMETER["false_northing", 0.0], 
  UNIT["m", 1.0], 
  AXIS["Easting", EAST], 
  AXIS["Northing", NORTH], 
  AUTHORITY["EPSG","3857"]]
	Elevation = []
	Env = {}
	Exceptions = SE_XML
	FeatureId = null
	FeatureVersion = null
	Filter = null
	Format = image/png
	FormatOptions = {}
	Get = true
	Height = 256
	Interpolations = []
	Layers = [org.geoserver.wms.MapLayerInfo@22429938[description=<null>,label=Radit Boundary,layerFeatureConstraints=<null>,layerGroupMetadata={},layerInfo=SecuredLayerInfo[LayerInfoImpl[vec_s2s_vec_radit_boundary_ba3d1cda, resource:FeatureTypeInfoImpl[vec_s2s_vec_radit_boundary_ba3d1cda]]],name=vec_s2s_vec_radit_boundary_ba3d1cda,remoteFeatureSource=<null>,style=<null>,type=0]]
	MaxFeatures = null
	Palette = null
	RawKvp = {REQUEST=GetMap, FORMAT=image/png, SRS=EPSG:3857, BBOX=11134123.288131915,1526294.580798401,11153691.16737292,1545862.4600394047, VERSION=1.1.1, STYLES=, SERVICE=WMS, WIDTH=256, HEIGHT=256, TRANSPARENT=true, LAYERS=ws_30cad3c4:vec_s2s_vec_radit_boundary_ba3d1cda}
	RemoteOwsType = null
	RemoteOwsURL = null
	Request = GetMap
	RequestCharset = UTF-8
	ScaleMethod = null
	Sld = null
	SldBody = null
	SldVersion = null
	SortBy = null
	SortByArrays = null
	SRS = EPSG:3857
	StartIndex = null
	StyleBody = null
	StyleFormat = sld
	Styles = [StyleImpl[ name=style_vec_s2s_vec_radit_boundary_ba3d1cda]]
	StyleUrl = null
	StyleVersion = null
	Tiled = false
	TilesOrigin = null
	Time = []
	Transparent = true
	ValidateSchema = false
	Version = 1.1.1
	ViewParams = null
	Width = 256
23 Sep 08:59:16 INFO   [geoserver.flow] - releasing flow controllers for [WMS 1.1.1 GetMap]
23 Sep 08:59:16 INFO   [geoserver.wms] - 
Request: getMap
	Angle = 0.0
	BaseUrl = http://localhost:8080/geoserver/
	Bbox = SRSEnvelope[1.1173259046613924E7 : 1.119282692585493E7, 1545862.4600394047 : 1565430.33928041]
	BgColor = java.awt.Color[r=255,g=255,b=255]
	Buffer = 0
	Clip = null
	CQLFilter = null
	Crs = PROJCS["WGS 84 / Pseudo-Mercator", 
  GEOGCS["WGS 84", 
    DATUM["World Geodetic System 1984", 
      SPHEROID["WGS 84", 6378137.0, 298.257223563, AUTHORITY["EPSG","7030"]], 
      AUTHORITY["EPSG","6326"]], 
    PRIMEM["Greenwich", 0.0, AUTHORITY["EPSG","8901"]], 
    UNIT["degree", 0.017453292519943295], 
    AXIS["Geodetic longitude", EAST], 
    AXIS["Geodetic latitude", NORTH], 
    AUTHORITY["EPSG","4326"]], 
  PROJECTION["Popular Visualisation Pseudo Mercator", AUTHORITY["EPSG","1024"]], 
  PARAMETER["semi_minor", 6378137.0], 
  PARAMETER["latitude_of_origin", 0.0], 
  PARAMETER["central_meridian", 0.0], 
  PARAMETER["scale_factor", 1.0], 
  PARAMETER["false_easting", 0.0], 
  PARAMETER["false_northing", 0.0], 
  UNIT["m", 1.0], 
  AXIS["Easting", EAST], 
  AXIS["Northing", NORTH], 
  AUTHORITY["EPSG","3857"]]
	Elevation = []
	Env = {}
	Exceptions = SE_XML
	FeatureId = null
	FeatureVersion = null
	Filter = null
	Format = image/png
	FormatOptions = {}
	Get = true
	Height = 256
	Interpolations = []
	Layers = [org.geoserver.wms.MapLayerInfo@76285709[description=<null>,label=Radit Boundary,layerFeatureConstraints=<null>,layerGroupMetadata={},layerInfo=SecuredLayerInfo[LayerInfoImpl[vec_s2s_vec_radit_boundary_ba3d1cda, resource:FeatureTypeInfoImpl[vec_s2s_vec_radit_boundary_ba3d1cda]]],name=vec_s2s_vec_radit_boundary_ba3d1cda,remoteFeatureSource=<null>,style=<null>,type=0]]
	MaxFeatures = null
	Palette = null
	RawKvp = {REQUEST=GetMap, FORMAT=image/png, SRS=EPSG:3857, BBOX=11173259.046613924,1545862.4600394047,11192826.92585493,1565430.33928041, VERSION=1.1.1, STYLES=, SERVICE=WMS, WIDTH=256, HEIGHT=256, TRANSPARENT=true, LAYERS=ws_30cad3c4:vec_s2s_vec_radit_boundary_ba3d1cda}
	RemoteOwsType = null
	RemoteOwsURL = null
	Request = GetMap
	RequestCharset = UTF-8
	ScaleMethod = null
	Sld = null
	SldBody = null
	SldVersion = null
	SortBy = null
	SortByArrays = null
	SRS = EPSG:3857
	StartIndex = null
	StyleBody = null
	StyleFormat = sld
	Styles = [StyleImpl[ name=style_vec_s2s_vec_radit_boundary_ba3d1cda]]
	StyleUrl = null
	StyleVersion = null
	Tiled = false
	TilesOrigin = null
	Time = []
	Transparent = true
	ValidateSchema = false
	Version = 1.1.1
	ViewParams = null
	Width = 256
23 Sep 08:59:16 INFO   [geoserver.flow] - releasing flow controllers for [WMS 1.1.1 GetMap]
23 Sep 08:59:16 INFO   [geoserver.flow] - releasing flow controllers for [WMS 1.1.1 GetMap]
23 Sep 08:59:16 INFO   [geoserver.flow] - Request completed, running requests: 2, blocked requests: 0
23 Sep 08:59:16 INFO   [geoserver.flow] - releasing flow controllers for [WMS 1.1.1 GetMap]
23 Sep 08:59:16 INFO   [geoserver.flow] - Request completed, running requests: 0, blocked requests: 0
23 Sep 08:59:16 INFO   [geoserver.wms] - 
Request: getServiceInfo
23 Sep 08:59:16 INFO   [geoserver.flow] - releasing flow controllers for [WMS 1.1.1 GetMap]
23 Sep 08:59:16 INFO   [geoserver.flow] - Request completed, running requests: 0, blocked requests: 0
23 Sep 08:59:16 INFO   [geoserver.wms] - 
Request: getServiceInfo
23 Sep 08:59:16 INFO   [geoserver.flow] - Request completed, running requests: 0, blocked requests: 0
23 Sep 08:59:16 INFO   [geoserver.flow] - Request completed, running requests: 0, blocked requests: 1
23 Sep 08:59:16 INFO   [geoserver.flow] - Request [WMS 1.1.1 GetMap] starting, processing through flow controllers
23 Sep 08:59:16 INFO   [geoserver.flow] - Request [WMS 1.1.1 GetMap] starting, processing through flow controllers
23 Sep 08:59:16 INFO   [geoserver.flow] - Request control-flow performed, running requests: 1, blocked requests: 1
23 Sep 08:59:16 INFO   [geoserver.flow] - Request control-flow performed, running requests: 2, blocked requests: 0
23 Sep 08:59:16 INFO   [geoserver.wms] - 
Request: getMap
	Angle = 0.0
	BaseUrl = http://localhost:8080/geoserver/
	Bbox = SRSEnvelope[1.1173259046613924E7 : 1.119282692585493E7, 1526294.580798401 : 1545862.4600394047]
	BgColor = java.awt.Color[r=255,g=255,b=255]
	Buffer = 0
	Clip = null
	CQLFilter = null
	Crs = PROJCS["WGS 84 / Pseudo-Mercator", 
  GEOGCS["WGS 84", 
    DATUM["World Geodetic System 1984", 
      SPHEROID["WGS 84", 6378137.0, 298.257223563, AUTHORITY["EPSG","7030"]], 
      AUTHORITY["EPSG","6326"]], 
    PRIMEM["Greenwich", 0.0, AUTHORITY["EPSG","8901"]], 
    UNIT["degree", 0.017453292519943295], 
    AXIS["Geodetic longitude", EAST], 
    AXIS["Geodetic latitude", NORTH], 
    AUTHORITY["EPSG","4326"]], 
  PROJECTION["Popular Visualisation Pseudo Mercator", AUTHORITY["EPSG","1024"]], 
  PARAMETER["semi_minor", 6378137.0], 
  PARAMETER["latitude_of_origin", 0.0], 
  PARAMETER["central_meridian", 0.0], 
  PARAMETER["scale_factor", 1.0], 
  PARAMETER["false_easting", 0.0], 
  PARAMETER["false_northing", 0.0], 
  UNIT["m", 1.0], 
  AXIS["Easting", EAST], 
  AXIS["Northing", NORTH], 
  AUTHORITY["EPSG","3857"]]
	Elevation = []
	Env = {}
	Exceptions = SE_XML
	FeatureId = null
	FeatureVersion = null
	Filter = null
	Format = image/png
	FormatOptions = {}
	Get = true
	Height = 256
	Interpolations = []
	Layers = [org.geoserver.wms.MapLayerInfo@16cc64dc[description=<null>,label=Radit Boundary,layerFeatureConstraints=<null>,layerGroupMetadata={},layerInfo=SecuredLayerInfo[LayerInfoImpl[vec_s2s_vec_radit_boundary_ba3d1cda, resource:FeatureTypeInfoImpl[vec_s2s_vec_radit_boundary_ba3d1cda]]],name=vec_s2s_vec_radit_boundary_ba3d1cda,remoteFeatureSource=<null>,style=<null>,type=0]]
	MaxFeatures = null
	Palette = null
	RawKvp = {REQUEST=GetMap, FORMAT=image/png, SRS=EPSG:3857, BBOX=11173259.046613924,1526294.580798401,11192826.92585493,1545862.4600394047, VERSION=1.1.1, STYLES=, SERVICE=WMS, WIDTH=256, HEIGHT=256, TRANSPARENT=true, LAYERS=ws_30cad3c4:vec_s2s_vec_radit_boundary_ba3d1cda}
	RemoteOwsType = null
	RemoteOwsURL = null
	Request = GetMap
	RequestCharset = UTF-8
	ScaleMethod = null
	Sld = null
	SldBody = null
	SldVersion = null
	SortBy = null
	SortByArrays = null
	SRS = EPSG:3857
	StartIndex = null
	StyleBody = null
	StyleFormat = sld
	Styles = [StyleImpl[ name=style_vec_s2s_vec_radit_boundary_ba3d1cda]]
	StyleUrl = null
	StyleVersion = null
	Tiled = false
	TilesOrigin = null
	Time = []
	Transparent = true
	ValidateSchema = false
	Version = 1.1.1
	ViewParams = null
	Width = 256
23 Sep 08:59:16 INFO   [geoserver.wms] - 
Request: getMap
	Angle = 0.0
	BaseUrl = http://localhost:8080/geoserver/
	Bbox = SRSEnvelope[1.1114555408890909E7 : 1.1134123288131915E7, 1526294.580798401 : 1545862.4600394047]
	BgColor = java.awt.Color[r=255,g=255,b=255]
	Buffer = 0
	Clip = null
	CQLFilter = null
	Crs = PROJCS["WGS 84 / Pseudo-Mercator", 
  GEOGCS["WGS 84", 
    DATUM["World Geodetic System 1984", 
      SPHEROID["WGS 84", 6378137.0, 298.257223563, AUTHORITY["EPSG","7030"]], 
      AUTHORITY["EPSG","6326"]], 
    PRIMEM["Greenwich", 0.0, AUTHORITY["EPSG","8901"]], 
    UNIT["degree", 0.017453292519943295], 
    AXIS["Geodetic longitude", EAST], 
    AXIS["Geodetic latitude", NORTH], 
    AUTHORITY["EPSG","4326"]], 
  PROJECTION["Popular Visualisation Pseudo Mercator", AUTHORITY["EPSG","1024"]], 
  PARAMETER["semi_minor", 6378137.0], 
  PARAMETER["latitude_of_origin", 0.0], 
  PARAMETER["central_meridian", 0.0], 
  PARAMETER["scale_factor", 1.0], 
  PARAMETER["false_easting", 0.0], 
  PARAMETER["false_northing", 0.0], 
  UNIT["m", 1.0], 
  AXIS["Easting", EAST], 
  AXIS["Northing", NORTH], 
  AUTHORITY["EPSG","3857"]]
	Elevation = []
	Env = {}
	Exceptions = SE_XML
	FeatureId = null
	FeatureVersion = null
	Filter = null
	Format = image/png
	FormatOptions = {}
	Get = true
	Height = 256
	Interpolations = []
	Layers = [org.geoserver.wms.MapLayerInfo@59aeaf5b[description=<null>,label=Radit Boundary,layerFeatureConstraints=<null>,layerGroupMetadata={},layerInfo=SecuredLayerInfo[LayerInfoImpl[vec_s2s_vec_radit_boundary_ba3d1cda, resource:FeatureTypeInfoImpl[vec_s2s_vec_radit_boundary_ba3d1cda]]],name=vec_s2s_vec_radit_boundary_ba3d1cda,remoteFeatureSource=<null>,style=<null>,type=0]]
	MaxFeatures = null
	Palette = null
	RawKvp = {REQUEST=GetMap, FORMAT=image/png, SRS=EPSG:3857, BBOX=11114555.408890909,1526294.580798401,11134123.288131915,1545862.4600394047, VERSION=1.1.1, STYLES=, SERVICE=WMS, WIDTH=256, HEIGHT=256, TRANSPARENT=true, LAYERS=ws_30cad3c4:vec_s2s_vec_radit_boundary_ba3d1cda}
	RemoteOwsType = null
	RemoteOwsURL = null
	Request = GetMap
	RequestCharset = UTF-8
	ScaleMethod = null
	Sld = null
	SldBody = null
	SldVersion = null
	SortBy = null
	SortByArrays = null
	SRS = EPSG:3857
	StartIndex = null
	StyleBody = null
	StyleFormat = sld
	Styles = [StyleImpl[ name=style_vec_s2s_vec_radit_boundary_ba3d1cda]]
	StyleUrl = null
	StyleVersion = null
	Tiled = false
	TilesOrigin = null
	Time = []
	Transparent = true
	ValidateSchema = false
	Version = 1.1.1
	ViewParams = null
	Width = 256
23 Sep 08:59:16 INFO   [geoserver.flow] - releasing flow controllers for [WMS 1.1.1 GetMap]
23 Sep 08:59:16 INFO   [geoserver.flow] - Request completed, running requests: 1, blocked requests: 0
23 Sep 08:59:16 INFO   [geoserver.flow] - releasing flow controllers for [WMS 1.1.1 GetMap]
23 Sep 08:59:16 INFO   [geoserver.flow] - Request completed, running requests: 0, blocked requests: 0
23 Sep 08:59:39 INFO   [gwc.layer] - Truncating layer 'ws_30cad3c4:vec_s2s_vec_radit_boundary_ba3d1cda' due to a change in style 'style_vec_s2s_vec_radit_boundary_ba3d1cda'
23 Sep 08:59:39 INFO   [geoserver.gwc] - Saving GeoSeverTileLayer ws_30cad3c4:vec_s2s_vec_radit_boundary_ba3d1cda
23 Sep 08:59:39 INFO   [rest.catalog] - PUT layer ws_30cad3c4:vec_s2s_vec_radit_boundary_ba3d1cda
23 Sep 08:59:39 INFO   [geoserver.gwc] - Saving GeoSeverTileLayer ws_30cad3c4:vec_s2s_vec_radit_boundary_ba3d1cda
23 Sep 08:59:40 INFO   [rest.catalog] - PUT layer vec_s2s_vec_radit_boundary_ba3d1cda
23 Sep 08:59:40 INFO   [geoserver.wms] - 
Request: getServiceInfo
23 Sep 08:59:40 INFO   [geoserver.wms] - 
Request: getServiceInfo
23 Sep 08:59:40 INFO   [geoserver.wms] - 
Request: getServiceInfo
23 Sep 08:59:40 INFO   [geoserver.wms] - 
Request: getServiceInfo
23 Sep 08:59:40 INFO   [geoserver.wms] - 
Request: getServiceInfo
23 Sep 08:59:40 INFO   [geoserver.wms] - 
Request: getServiceInfo
23 Sep 08:59:40 INFO   [geoserver.flow] - Request [WMS 1.1.1 GetMap] starting, processing through flow controllers
23 Sep 08:59:40 INFO   [geoserver.flow] - Request control-flow performed, running requests: 1, blocked requests: 5
23 Sep 08:59:40 INFO   [geoserver.flow] - Request [WMS 1.1.1 GetMap] starting, processing through flow controllers
23 Sep 08:59:40 INFO   [geoserver.flow] - Request control-flow performed, running requests: 2, blocked requests: 4
23 Sep 08:59:40 INFO   [geoserver.flow] - Request [WMS 1.1.1 GetMap] starting, processing through flow controllers
23 Sep 08:59:40 INFO   [geoserver.flow] - Request [WMS 1.1.1 GetMap] starting, processing through flow controllers
23 Sep 08:59:40 INFO   [geoserver.flow] - Request [WMS 1.1.1 GetMap] starting, processing through flow controllers
23 Sep 08:59:40 INFO   [geoserver.flow] - Request control-flow performed, running requests: 3, blocked requests: 3
23 Sep 08:59:40 INFO   [geoserver.flow] - Request [WMS 1.1.1 GetMap] starting, processing through flow controllers
23 Sep 08:59:40 INFO   [geoserver.flow] - Request control-flow performed, running requests: 5, blocked requests: 1
23 Sep 08:59:40 INFO   [geoserver.flow] - Request control-flow performed, running requests: 4, blocked requests: 2
23 Sep 08:59:40 INFO   [geoserver.flow] - Request control-flow performed, running requests: 6, blocked requests: 0
23 Sep 08:59:40 INFO   [geoserver.wms] - 
Request: getMap
	Angle = 0.0
	BaseUrl = http://localhost:8080/geoserver/
	Bbox = SRSEnvelope[1.115369116737292E7 : 1.1173259046613924E7, 1545862.4600394047 : 1565430.33928041]
	BgColor = java.awt.Color[r=255,g=255,b=255]
	Buffer = 0
	Clip = null
	CQLFilter = null
	Crs = PROJCS["WGS 84 / Pseudo-Mercator", 
  GEOGCS["WGS 84", 
    DATUM["World Geodetic System 1984", 
      SPHEROID["WGS 84", 6378137.0, 298.257223563, AUTHORITY["EPSG","7030"]], 
      AUTHORITY["EPSG","6326"]], 
    PRIMEM["Greenwich", 0.0, AUTHORITY["EPSG","8901"]], 
    UNIT["degree", 0.017453292519943295], 
    AXIS["Geodetic longitude", EAST], 
    AXIS["Geodetic latitude", NORTH], 
    AUTHORITY["EPSG","4326"]], 
  PROJECTION["Popular Visualisation Pseudo Mercator", AUTHORITY["EPSG","1024"]], 
  PARAMETER["semi_minor", 6378137.0], 
  PARAMETER["latitude_of_origin", 0.0], 
  PARAMETER["central_meridian", 0.0], 
  PARAMETER["scale_factor", 1.0], 
  PARAMETER["false_easting", 0.0], 
  PARAMETER["false_northing", 0.0], 
  UNIT["m", 1.0], 
  AXIS["Easting", EAST], 
  AXIS["Northing", NORTH], 
  AUTHORITY["EPSG","3857"]]
	Elevation = []
	Env = {}
	Exceptions = SE_XML
	FeatureId = null
	FeatureVersion = null
	Filter = null
	Format = image/png
	FormatOptions = {}
	Get = true
	Height = 256
	Interpolations = []
	Layers = [org.geoserver.wms.MapLayerInfo@392972f6[description=<null>,label=Radit Boundary,layerFeatureConstraints=<null>,layerGroupMetadata={},layerInfo=SecuredLayerInfo[LayerInfoImpl[vec_s2s_vec_radit_boundary_ba3d1cda, resource:FeatureTypeInfoImpl[vec_s2s_vec_radit_boundary_ba3d1cda]]],name=vec_s2s_vec_radit_boundary_ba3d1cda,remoteFeatureSource=<null>,style=<null>,type=0]]
	MaxFeatures = null
	Palette = null
	RawKvp = {_T=1790153980122, REQUEST=GetMap, FORMAT=image/png, SRS=EPSG:3857, BBOX=11153691.16737292,1545862.4600394047,11173259.046613924,1565430.33928041, VERSION=1.1.1, STYLES=, SERVICE=WMS, WIDTH=256, HEIGHT=256, TRANSPARENT=true, LAYERS=ws_30cad3c4:vec_s2s_vec_radit_boundary_ba3d1cda}
	RemoteOwsType = null
	RemoteOwsURL = null
	Request = GetMap
	RequestCharset = UTF-8
	ScaleMethod = null
	Sld = null
	SldBody = null
	SldVersion = null
	SortBy = null
	SortByArrays = null
	SRS = EPSG:3857
	StartIndex = null
	StyleBody = null
	StyleFormat = sld
	Styles = [StyleImpl[ name=style_vec_s2s_vec_radit_boundary_ba3d1cda]]
	StyleUrl = null
	StyleVersion = null
	Tiled = false
	TilesOrigin = null
	Time = []
	Transparent = true
	ValidateSchema = false
	Version = 1.1.1
	ViewParams = null
	Width = 256
23 Sep 08:59:40 INFO   [geoserver.wms] - 
Request: getMap
	Angle = 0.0
	BaseUrl = http://localhost:8080/geoserver/
	Bbox = SRSEnvelope[1.1134123288131915E7 : 1.115369116737292E7, 1545862.4600394047 : 1565430.33928041]
	BgColor = java.awt.Color[r=255,g=255,b=255]
	Buffer = 0
	Clip = null
	CQLFilter = null
	Crs = PROJCS["WGS 84 / Pseudo-Mercator", 
  GEOGCS["WGS 84", 
    DATUM["World Geodetic System 1984", 
      SPHEROID["WGS 84", 6378137.0, 298.257223563, AUTHORITY["EPSG","7030"]], 
      AUTHORITY["EPSG","6326"]], 
    PRIMEM["Greenwich", 0.0, AUTHORITY["EPSG","8901"]], 
    UNIT["degree", 0.017453292519943295], 
    AXIS["Geodetic longitude", EAST], 
    AXIS["Geodetic latitude", NORTH], 
    AUTHORITY["EPSG","4326"]], 
  PROJECTION["Popular Visualisation Pseudo Mercator", AUTHORITY["EPSG","1024"]], 
  PARAMETER["semi_minor", 6378137.0], 
  PARAMETER["latitude_of_origin", 0.0], 
  PARAMETER["central_meridian", 0.0], 
  PARAMETER["scale_factor", 1.0], 
  PARAMETER["false_easting", 0.0], 
  PARAMETER["false_northing", 0.0], 
  UNIT["m", 1.0], 
  AXIS["Easting", EAST], 
  AXIS["Northing", NORTH], 
  AUTHORITY["EPSG","3857"]]
	Elevation = []
	Env = {}
	Exceptions = SE_XML
	FeatureId = null
	FeatureVersion = null
	Filter = null
	Format = image/png
	FormatOptions = {}
	Get = true
	Height = 256
	Interpolations = []
	Layers = [org.geoserver.wms.MapLayerInfo@f99eb0d[description=<null>,label=Radit Boundary,layerFeatureConstraints=<null>,layerGroupMetadata={},layerInfo=SecuredLayerInfo[LayerInfoImpl[vec_s2s_vec_radit_boundary_ba3d1cda, resource:FeatureTypeInfoImpl[vec_s2s_vec_radit_boundary_ba3d1cda]]],name=vec_s2s_vec_radit_boundary_ba3d1cda,remoteFeatureSource=<null>,style=<null>,type=0]]
	MaxFeatures = null
	Palette = null
	RawKvp = {_T=1790153980122, REQUEST=GetMap, FORMAT=image/png, SRS=EPSG:3857, BBOX=11134123.288131915,1545862.4600394047,11153691.16737292,1565430.33928041, VERSION=1.1.1, STYLES=, SERVICE=WMS, WIDTH=256, HEIGHT=256, TRANSPARENT=true, LAYERS=ws_30cad3c4:vec_s2s_vec_radit_boundary_ba3d1cda}
	RemoteOwsType = null
	RemoteOwsURL = null
	Request = GetMap
	RequestCharset = UTF-8
	ScaleMethod = null
	Sld = null
	SldBody = null
	SldVersion = null
	SortBy = null
	SortByArrays = null
	SRS = EPSG:3857
	StartIndex = null
	StyleBody = null
	StyleFormat = sld
	Styles = [StyleImpl[ name=style_vec_s2s_vec_radit_boundary_ba3d1cda]]
	StyleUrl = null
	StyleVersion = null
	Tiled = false
	TilesOrigin = null
	Time = []
	Transparent = true
	ValidateSchema = false
	Version = 1.1.1
	ViewParams = null
	Width = 256
23 Sep 08:59:40 INFO   [geoserver.wms] - 
Request: getMap
	Angle = 0.0
	BaseUrl = http://localhost:8080/geoserver/
	Bbox = SRSEnvelope[1.115369116737292E7 : 1.1173259046613924E7, 1526294.580798401 : 1545862.4600394047]
	BgColor = java.awt.Color[r=255,g=255,b=255]
	Buffer = 0
	Clip = null
	CQLFilter = null
	Crs = PROJCS["WGS 84 / Pseudo-Mercator", 
  GEOGCS["WGS 84", 
    DATUM["World Geodetic System 1984", 
      SPHEROID["WGS 84", 6378137.0, 298.257223563, AUTHORITY["EPSG","7030"]], 
      AUTHORITY["EPSG","6326"]], 
    PRIMEM["Greenwich", 0.0, AUTHORITY["EPSG","8901"]], 
    UNIT["degree", 0.017453292519943295], 
    AXIS["Geodetic longitude", EAST], 
    AXIS["Geodetic latitude", NORTH], 
    AUTHORITY["EPSG","4326"]], 
  PROJECTION["Popular Visualisation Pseudo Mercator", AUTHORITY["EPSG","1024"]], 
  PARAMETER["semi_minor", 6378137.0], 
  PARAMETER["latitude_of_origin", 0.0], 
  PARAMETER["central_meridian", 0.0], 
  PARAMETER["scale_factor", 1.0], 
  PARAMETER["false_easting", 0.0], 
  PARAMETER["false_northing", 0.0], 
  UNIT["m", 1.0], 
  AXIS["Easting", EAST], 
  AXIS["Northing", NORTH], 
  AUTHORITY["EPSG","3857"]]
	Elevation = []
	Env = {}
	Exceptions = SE_XML
	FeatureId = null
	FeatureVersion = null
	Filter = null
	Format = image/png
	FormatOptions = {}
	Get = true
	Height = 256
	Interpolations = []
	Layers = [org.geoserver.wms.MapLayerInfo@70306972[description=<null>,label=Radit Boundary,layerFeatureConstraints=<null>,layerGroupMetadata={},layerInfo=SecuredLayerInfo[LayerInfoImpl[vec_s2s_vec_radit_boundary_ba3d1cda, resource:FeatureTypeInfoImpl[vec_s2s_vec_radit_boundary_ba3d1cda]]],name=vec_s2s_vec_radit_boundary_ba3d1cda,remoteFeatureSource=<null>,style=<null>,type=0]]
	MaxFeatures = null
	Palette = null
	RawKvp = {_T=1790153980122, REQUEST=GetMap, FORMAT=image/png, SRS=EPSG:3857, BBOX=11153691.16737292,1526294.580798401,11173259.046613924,1545862.4600394047, VERSION=1.1.1, STYLES=, SERVICE=WMS, WIDTH=256, HEIGHT=256, TRANSPARENT=true, LAYERS=ws_30cad3c4:vec_s2s_vec_radit_boundary_ba3d1cda}
	RemoteOwsType = null
	RemoteOwsURL = null
	Request = GetMap
	RequestCharset = UTF-8
	ScaleMethod = null
	Sld = null
	SldBody = null
	SldVersion = null
	SortBy = null
	SortByArrays = null
	SRS = EPSG:3857
	StartIndex = null
	StyleBody = null
	StyleFormat = sld
	Styles = [StyleImpl[ name=style_vec_s2s_vec_radit_boundary_ba3d1cda]]
	StyleUrl = null
	StyleVersion = null
	Tiled = false
	TilesOrigin = null
	Time = []
	Transparent = true
	ValidateSchema = false
	Version = 1.1.1
	ViewParams = null
	Width = 256
23 Sep 08:59:40 INFO   [geoserver.wms] - 
Request: getMap
	Angle = 0.0
	BaseUrl = http://localhost:8080/geoserver/
	Bbox = SRSEnvelope[1.1134123288131915E7 : 1.115369116737292E7, 1526294.580798401 : 1545862.4600394047]
	BgColor = java.awt.Color[r=255,g=255,b=255]
	Buffer = 0
	Clip = null
	CQLFilter = null
	Crs = PROJCS["WGS 84 / Pseudo-Mercator", 
  GEOGCS["WGS 84", 
    DATUM["World Geodetic System 1984", 
      SPHEROID["WGS 84", 6378137.0, 298.257223563, AUTHORITY["EPSG","7030"]], 
      AUTHORITY["EPSG","6326"]], 
    PRIMEM["Greenwich", 0.0, AUTHORITY["EPSG","8901"]], 
    UNIT["degree", 0.017453292519943295], 
    AXIS["Geodetic longitude", EAST], 
    AXIS["Geodetic latitude", NORTH], 
    AUTHORITY["EPSG","4326"]], 
  PROJECTION["Popular Visualisation Pseudo Mercator", AUTHORITY["EPSG","1024"]], 
  PARAMETER["semi_minor", 6378137.0], 
  PARAMETER["latitude_of_origin", 0.0], 
  PARAMETER["central_meridian", 0.0], 
  PARAMETER["scale_factor", 1.0], 
  PARAMETER["false_easting", 0.0], 
  PARAMETER["false_northing", 0.0], 
  UNIT["m", 1.0], 
  AXIS["Easting", EAST], 
  AXIS["Northing", NORTH], 
  AUTHORITY["EPSG","3857"]]
	Elevation = []
	Env = {}
	Exceptions = SE_XML
	FeatureId = null
	FeatureVersion = null
	Filter = null
	Format = image/png
	FormatOptions = {}
	Get = true
	Height = 256
	Interpolations = []
	Layers = [org.geoserver.wms.MapLayerInfo@d38cbc8[description=<null>,label=Radit Boundary,layerFeatureConstraints=<null>,layerGroupMetadata={},layerInfo=SecuredLayerInfo[LayerInfoImpl[vec_s2s_vec_radit_boundary_ba3d1cda, resource:FeatureTypeInfoImpl[vec_s2s_vec_radit_boundary_ba3d1cda]]],name=vec_s2s_vec_radit_boundary_ba3d1cda,remoteFeatureSource=<null>,style=<null>,type=0]]
	MaxFeatures = null
	Palette = null
	RawKvp = {_T=1790153980122, REQUEST=GetMap, FORMAT=image/png, SRS=EPSG:3857, BBOX=11134123.288131915,1526294.580798401,11153691.16737292,1545862.4600394047, VERSION=1.1.1, STYLES=, SERVICE=WMS, WIDTH=256, HEIGHT=256, TRANSPARENT=true, LAYERS=ws_30cad3c4:vec_s2s_vec_radit_boundary_ba3d1cda}
	RemoteOwsType = null
	RemoteOwsURL = null
	Request = GetMap
	RequestCharset = UTF-8
	ScaleMethod = null
	Sld = null
	SldBody = null
	SldVersion = null
	SortBy = null
	SortByArrays = null
	SRS = EPSG:3857
	StartIndex = null
	StyleBody = null
	StyleFormat = sld
	Styles = [StyleImpl[ name=style_vec_s2s_vec_radit_boundary_ba3d1cda]]
	StyleUrl = null
	StyleVersion = null
	Tiled = false
	TilesOrigin = null
	Time = []
	Transparent = true
	ValidateSchema = false
	Version = 1.1.1
	ViewParams = null
	Width = 256
23 Sep 08:59:40 INFO   [geoserver.flow] - releasing flow controllers for [WMS 1.1.1 GetMap]
23 Sep 08:59:40 INFO   [geoserver.flow] - releasing flow controllers for [WMS 1.1.1 GetMap]
23 Sep 08:59:40 INFO   [geoserver.wms] - 
Request: getMap
	Angle = 0.0
	BaseUrl = http://localhost:8080/geoserver/
	Bbox = SRSEnvelope[1.1173259046613924E7 : 1.119282692585493E7, 1545862.4600394047 : 1565430.33928041]
	BgColor = java.awt.Color[r=255,g=255,b=255]
	Buffer = 0
	Clip = null
	CQLFilter = null
	Crs = PROJCS["WGS 84 / Pseudo-Mercator", 
  GEOGCS["WGS 84", 
    DATUM["World Geodetic System 1984", 
      SPHEROID["WGS 84", 6378137.0, 298.257223563, AUTHORITY["EPSG","7030"]], 
      AUTHORITY["EPSG","6326"]], 
    PRIMEM["Greenwich", 0.0, AUTHORITY["EPSG","8901"]], 
    UNIT["degree", 0.017453292519943295], 
    AXIS["Geodetic longitude", EAST], 
    AXIS["Geodetic latitude", NORTH], 
    AUTHORITY["EPSG","4326"]], 
  PROJECTION["Popular Visualisation Pseudo Mercator", AUTHORITY["EPSG","1024"]], 
  PARAMETER["semi_minor", 6378137.0], 
  PARAMETER["latitude_of_origin", 0.0], 
  PARAMETER["central_meridian", 0.0], 
  PARAMETER["scale_factor", 1.0], 
  PARAMETER["false_easting", 0.0], 
  PARAMETER["false_northing", 0.0], 
  UNIT["m", 1.0], 
  AXIS["Easting", EAST], 
  AXIS["Northing", NORTH], 
  AUTHORITY["EPSG","3857"]]
	Elevation = []
	Env = {}
	Exceptions = SE_XML
	FeatureId = null
	FeatureVersion = null
	Filter = null
	Format = image/png
	FormatOptions = {}
	Get = true
	Height = 256
	Interpolations = []
	Layers = [org.geoserver.wms.MapLayerInfo@136ccb32[description=<null>,label=Radit Boundary,layerFeatureConstraints=<null>,layerGroupMetadata={},layerInfo=SecuredLayerInfo[LayerInfoImpl[vec_s2s_vec_radit_boundary_ba3d1cda, resource:FeatureTypeInfoImpl[vec_s2s_vec_radit_boundary_ba3d1cda]]],name=vec_s2s_vec_radit_boundary_ba3d1cda,remoteFeatureSource=<null>,style=<null>,type=0]]
	MaxFeatures = null
	Palette = null
	RawKvp = {_T=1790153980122, REQUEST=GetMap, FORMAT=image/png, SRS=EPSG:3857, BBOX=11173259.046613924,1545862.4600394047,11192826.92585493,1565430.33928041, VERSION=1.1.1, STYLES=, SERVICE=WMS, WIDTH=256, HEIGHT=256, TRANSPARENT=true, LAYERS=ws_30cad3c4:vec_s2s_vec_radit_boundary_ba3d1cda}
	RemoteOwsType = null
	RemoteOwsURL = null
	Request = GetMap
	RequestCharset = UTF-8
	ScaleMethod = null
	Sld = null
	SldBody = null
	SldVersion = null
	SortBy = null
	SortByArrays = null
	SRS = EPSG:3857
	StartIndex = null
	StyleBody = null
	StyleFormat = sld
	Styles = [StyleImpl[ name=style_vec_s2s_vec_radit_boundary_ba3d1cda]]
	StyleUrl = null
	StyleVersion = null
	Tiled = false
	TilesOrigin = null
	Time = []
	Transparent = true
	ValidateSchema = false
	Version = 1.1.1
	ViewParams = null
	Width = 256
23 Sep 08:59:40 INFO   [geoserver.wms] - 
Request: getMap
	Angle = 0.0
	BaseUrl = http://localhost:8080/geoserver/
	Bbox = SRSEnvelope[1.1114555408890909E7 : 1.1134123288131915E7, 1545862.4600394047 : 1565430.33928041]
	BgColor = java.awt.Color[r=255,g=255,b=255]
	Buffer = 0
	Clip = null
	CQLFilter = null
	Crs = PROJCS["WGS 84 / Pseudo-Mercator", 
  GEOGCS["WGS 84", 
    DATUM["World Geodetic System 1984", 
      SPHEROID["WGS 84", 6378137.0, 298.257223563, AUTHORITY["EPSG","7030"]], 
      AUTHORITY["EPSG","6326"]], 
    PRIMEM["Greenwich", 0.0, AUTHORITY["EPSG","8901"]], 
    UNIT["degree", 0.017453292519943295], 
    AXIS["Geodetic longitude", EAST], 
    AXIS["Geodetic latitude", NORTH], 
    AUTHORITY["EPSG","4326"]], 
  PROJECTION["Popular Visualisation Pseudo Mercator", AUTHORITY["EPSG","1024"]], 
  PARAMETER["semi_minor", 6378137.0], 
  PARAMETER["latitude_of_origin", 0.0], 
  PARAMETER["central_meridian", 0.0], 
  PARAMETER["scale_factor", 1.0], 
  PARAMETER["false_easting", 0.0], 
  PARAMETER["false_northing", 0.0], 
  UNIT["m", 1.0], 
  AXIS["Easting", EAST], 
  AXIS["Northing", NORTH], 
  AUTHORITY["EPSG","3857"]]
	Elevation = []
	Env = {}
	Exceptions = SE_XML
	FeatureId = null
	FeatureVersion = null
	Filter = null
	Format = image/png
	FormatOptions = {}
	Get = true
	Height = 256
	Interpolations = []
	Layers = [org.geoserver.wms.MapLayerInfo@11887e1b[description=<null>,label=Radit Boundary,layerFeatureConstraints=<null>,layerGroupMetadata={},layerInfo=SecuredLayerInfo[LayerInfoImpl[vec_s2s_vec_radit_boundary_ba3d1cda, resource:FeatureTypeInfoImpl[vec_s2s_vec_radit_boundary_ba3d1cda]]],name=vec_s2s_vec_radit_boundary_ba3d1cda,remoteFeatureSource=<null>,style=<null>,type=0]]
	MaxFeatures = null
	Palette = null
	RawKvp = {_T=1790153980122, REQUEST=GetMap, FORMAT=image/png, SRS=EPSG:3857, BBOX=11114555.408890909,1545862.4600394047,11134123.288131915,1565430.33928041, VERSION=1.1.1, STYLES=, SERVICE=WMS, WIDTH=256, HEIGHT=256, TRANSPARENT=true, LAYERS=ws_30cad3c4:vec_s2s_vec_radit_boundary_ba3d1cda}
	RemoteOwsType = null
	RemoteOwsURL = null
	Request = GetMap
	RequestCharset = UTF-8
	ScaleMethod = null
	Sld = null
	SldBody = null
	SldVersion = null
	SortBy = null
	SortByArrays = null
	SRS = EPSG:3857
	StartIndex = null
	StyleBody = null
	StyleFormat = sld
	Styles = [StyleImpl[ name=style_vec_s2s_vec_radit_boundary_ba3d1cda]]
	StyleUrl = null
	StyleVersion = null
	Tiled = false
	TilesOrigin = null
	Time = []
	Transparent = true
	ValidateSchema = false
	Version = 1.1.1
	ViewParams = null
	Width = 256
23 Sep 08:59:40 INFO   [geoserver.flow] - Request completed, running requests: 2, blocked requests: 0
23 Sep 08:59:40 INFO   [geoserver.flow] - releasing flow controllers for [WMS 1.1.1 GetMap]
23 Sep 08:59:40 INFO   [geoserver.flow] - releasing flow controllers for [WMS 1.1.1 GetMap]
23 Sep 08:59:40 INFO   [geoserver.flow] - Request completed, running requests: 4, blocked requests: 0
23 Sep 08:59:40 INFO   [geoserver.flow] - Request completed, running requests: 0, blocked requests: 0
23 Sep 08:59:40 INFO   [geoserver.flow] - releasing flow controllers for [WMS 1.1.1 GetMap]
23 Sep 08:59:40 INFO   [geoserver.flow] - releasing flow controllers for [WMS 1.1.1 GetMap]
23 Sep 08:59:40 INFO   [geoserver.flow] - Request completed, running requests: 0, blocked requests: 0
23 Sep 08:59:40 INFO   [geoserver.flow] - Request completed, running requests: 0, blocked requests: 0
23 Sep 08:59:40 INFO   [geoserver.flow] - Request completed, running requests: 0, blocked requests: 0
23 Sep 08:59:40 INFO   [geoserver.wms] - 
Request: getServiceInfo
23 Sep 08:59:40 INFO   [geoserver.wms] - 
Request: getServiceInfo
23 Sep 08:59:40 INFO   [geoserver.flow] - Request [WMS 1.1.1 GetMap] starting, processing through flow controllers
23 Sep 08:59:40 INFO   [geoserver.flow] - Request control-flow performed, running requests: 1, blocked requests: 1
23 Sep 08:59:40 INFO   [geoserver.flow] - Request [WMS 1.1.1 GetMap] starting, processing through flow controllers
23 Sep 08:59:40 INFO   [geoserver.flow] - Request control-flow performed, running requests: 2, blocked requests: 0
23 Sep 08:59:40 INFO   [geoserver.wms] - 
Request: getMap
	Angle = 0.0
	BaseUrl = http://localhost:8080/geoserver/
	Bbox = SRSEnvelope[1.1114555408890909E7 : 1.1134123288131915E7, 1526294.580798401 : 1545862.4600394047]
	BgColor = java.awt.Color[r=255,g=255,b=255]
	Buffer = 0
	Clip = null
	CQLFilter = null
	Crs = PROJCS["WGS 84 / Pseudo-Mercator", 
  GEOGCS["WGS 84", 
    DATUM["World Geodetic System 1984", 
      SPHEROID["WGS 84", 6378137.0, 298.257223563, AUTHORITY["EPSG","7030"]], 
      AUTHORITY["EPSG","6326"]], 
    PRIMEM["Greenwich", 0.0, AUTHORITY["EPSG","8901"]], 
    UNIT["degree", 0.017453292519943295], 
    AXIS["Geodetic longitude", EAST], 
    AXIS["Geodetic latitude", NORTH], 
    AUTHORITY["EPSG","4326"]], 
  PROJECTION["Popular Visualisation Pseudo Mercator", AUTHORITY["EPSG","1024"]], 
  PARAMETER["semi_minor", 6378137.0], 
  PARAMETER["latitude_of_origin", 0.0], 
  PARAMETER["central_meridian", 0.0], 
  PARAMETER["scale_factor", 1.0], 
  PARAMETER["false_easting", 0.0], 
  PARAMETER["false_northing", 0.0], 
  UNIT["m", 1.0], 
  AXIS["Easting", EAST], 
  AXIS["Northing", NORTH], 
  AUTHORITY["EPSG","3857"]]
	Elevation = []
	Env = {}
	Exceptions = SE_XML
	FeatureId = null
	FeatureVersion = null
	Filter = null
	Format = image/png
	FormatOptions = {}
	Get = true
	Height = 256
	Interpolations = []
	Layers = [org.geoserver.wms.MapLayerInfo@42f5ffff[description=<null>,label=Radit Boundary,layerFeatureConstraints=<null>,layerGroupMetadata={},layerInfo=SecuredLayerInfo[LayerInfoImpl[vec_s2s_vec_radit_boundary_ba3d1cda, resource:FeatureTypeInfoImpl[vec_s2s_vec_radit_boundary_ba3d1cda]]],name=vec_s2s_vec_radit_boundary_ba3d1cda,remoteFeatureSource=<null>,style=<null>,type=0]]
	MaxFeatures = null
	Palette = null
	RawKvp = {_T=1790153980122, REQUEST=GetMap, FORMAT=image/png, SRS=EPSG:3857, BBOX=11114555.408890909,1526294.580798401,11134123.288131915,1545862.4600394047, VERSION=1.1.1, STYLES=, SERVICE=WMS, WIDTH=256, HEIGHT=256, TRANSPARENT=true, LAYERS=ws_30cad3c4:vec_s2s_vec_radit_boundary_ba3d1cda}
	RemoteOwsType = null
	RemoteOwsURL = null
	Request = GetMap
	RequestCharset = UTF-8
	ScaleMethod = null
	Sld = null
	SldBody = null
	SldVersion = null
	SortBy = null
	SortByArrays = null
	SRS = EPSG:3857
	StartIndex = null
	StyleBody = null
	StyleFormat = sld
	Styles = [StyleImpl[ name=style_vec_s2s_vec_radit_boundary_ba3d1cda]]
	StyleUrl = null
	StyleVersion = null
	Tiled = false
	TilesOrigin = null
	Time = []
	Transparent = true
	ValidateSchema = false
	Version = 1.1.1
	ViewParams = null
	Width = 256
23 Sep 08:59:40 INFO   [geoserver.wms] - 
Request: getMap
	Angle = 0.0
	BaseUrl = http://localhost:8080/geoserver/
	Bbox = SRSEnvelope[1.1173259046613924E7 : 1.119282692585493E7, 1526294.580798401 : 1545862.4600394047]
	BgColor = java.awt.Color[r=255,g=255,b=255]
	Buffer = 0
	Clip = null
	CQLFilter = null
	Crs = PROJCS["WGS 84 / Pseudo-Mercator", 
  GEOGCS["WGS 84", 
    DATUM["World Geodetic System 1984", 
      SPHEROID["WGS 84", 6378137.0, 298.257223563, AUTHORITY["EPSG","7030"]], 
      AUTHORITY["EPSG","6326"]], 
    PRIMEM["Greenwich", 0.0, AUTHORITY["EPSG","8901"]], 
    UNIT["degree", 0.017453292519943295], 
    AXIS["Geodetic longitude", EAST], 
    AXIS["Geodetic latitude", NORTH], 
    AUTHORITY["EPSG","4326"]], 
  PROJECTION["Popular Visualisation Pseudo Mercator", AUTHORITY["EPSG","1024"]], 
  PARAMETER["semi_minor", 6378137.0], 
  PARAMETER["latitude_of_origin", 0.0], 
  PARAMETER["central_meridian", 0.0], 
  PARAMETER["scale_factor", 1.0], 
  PARAMETER["false_easting", 0.0], 
  PARAMETER["false_northing", 0.0], 
  UNIT["m", 1.0], 
  AXIS["Easting", EAST], 
  AXIS["Northing", NORTH], 
  AUTHORITY["EPSG","3857"]]
	Elevation = []
	Env = {}
	Exceptions = SE_XML
	FeatureId = null
	FeatureVersion = null
	Filter = null
	Format = image/png
	FormatOptions = {}
	Get = true
	Height = 256
	Interpolations = []
	Layers = [org.geoserver.wms.MapLayerInfo@34018355[description=<null>,label=Radit Boundary,layerFeatureConstraints=<null>,layerGroupMetadata={},layerInfo=SecuredLayerInfo[LayerInfoImpl[vec_s2s_vec_radit_boundary_ba3d1cda, resource:FeatureTypeInfoImpl[vec_s2s_vec_radit_boundary_ba3d1cda]]],name=vec_s2s_vec_radit_boundary_ba3d1cda,remoteFeatureSource=<null>,style=<null>,type=0]]
	MaxFeatures = null
	Palette = null
	RawKvp = {_T=1790153980122, REQUEST=GetMap, FORMAT=image/png, SRS=EPSG:3857, BBOX=11173259.046613924,1526294.580798401,11192826.92585493,1545862.4600394047, VERSION=1.1.1, STYLES=, SERVICE=WMS, WIDTH=256, HEIGHT=256, TRANSPARENT=true, LAYERS=ws_30cad3c4:vec_s2s_vec_radit_boundary_ba3d1cda}
	RemoteOwsType = null
	RemoteOwsURL = null
	Request = GetMap
	RequestCharset = UTF-8
	ScaleMethod = null
	Sld = null
	SldBody = null
	SldVersion = null
	SortBy = null
	SortByArrays = null
	SRS = EPSG:3857
	StartIndex = null
	StyleBody = null
	StyleFormat = sld
	Styles = [StyleImpl[ name=style_vec_s2s_vec_radit_boundary_ba3d1cda]]
	StyleUrl = null
	StyleVersion = null
	Tiled = false
	TilesOrigin = null
	Time = []
	Transparent = true
	ValidateSchema = false
	Version = 1.1.1
	ViewParams = null
	Width = 256
23 Sep 08:59:40 INFO   [geoserver.flow] - releasing flow controllers for [WMS 1.1.1 GetMap]
23 Sep 08:59:40 INFO   [geoserver.flow] - Request completed, running requests: 1, blocked requests: 0
23 Sep 08:59:40 INFO   [geoserver.flow] - releasing flow controllers for [WMS 1.1.1 GetMap]
23 Sep 08:59:40 INFO   [geoserver.flow] - Request completed, running requests: 0, blocked requests: 0
23 Sep 08:59:40 CONFIG [platform.resource] - Notifying ENTRY_MODIFY change on /opt/geoserver/data_dir/gwc-layers. Created: 0, removed: 0, modified: 1
23 Sep 08:59:41 CONFIG [platform.resource] - Notifying ENTRY_MODIFY change on /opt/geoserver/data_dir/styles/style_vec_s2s_vec_radit_boundary_ba3d1cda.sld. Created: 0, removed: 0, modified: 0
23 Sep 08:59:43 INFO   [geoserver.wms] - 
Request: getServiceInfo
23 Sep 08:59:43 INFO   [geoserver.wms] - 
Request: getServiceInfo
23 Sep 08:59:43 INFO   [geoserver.wms] - 
Request: getServiceInfo
23 Sep 08:59:43 INFO   [geoserver.wms] - 
Request: getServiceInfo
23 Sep 08:59:43 INFO   [geoserver.flow] - Request [WMS 1.1.1 GetMap] starting, processing through flow controllers
23 Sep 08:59:43 INFO   [geoserver.flow] - Request [WMS 1.1.1 GetMap] starting, processing through flow controllers
23 Sep 08:59:43 INFO   [geoserver.flow] - Request [WMS 1.1.1 GetMap] starting, processing through flow controllers
23 Sep 08:59:43 INFO   [geoserver.flow] - Request control-flow performed, running requests: 3, blocked requests: 1
23 Sep 08:59:43 INFO   [geoserver.flow] - Request control-flow performed, running requests: 1, blocked requests: 3
23 Sep 08:59:43 INFO   [geoserver.flow] - Request [WMS 1.1.1 GetMap] starting, processing through flow controllers
23 Sep 08:59:43 INFO   [geoserver.flow] - Request control-flow performed, running requests: 4, blocked requests: 0
23 Sep 08:59:43 INFO   [geoserver.flow] - Request control-flow performed, running requests: 2, blocked requests: 2
23 Sep 08:59:43 INFO   [geoserver.wms] - 
Request: getMap
	Angle = 0.0
	BaseUrl = http://localhost:8080/geoserver/
	Bbox = SRSEnvelope[1.1094987529649906E7 : 1.1114555408890909E7, 1545862.4600394047 : 1565430.33928041]
	BgColor = java.awt.Color[r=255,g=255,b=255]
	Buffer = 0
	Clip = null
	CQLFilter = null
	Crs = PROJCS["WGS 84 / Pseudo-Mercator", 
  GEOGCS["WGS 84", 
    DATUM["World Geodetic System 1984", 
      SPHEROID["WGS 84", 6378137.0, 298.257223563, AUTHORITY["EPSG","7030"]], 
      AUTHORITY["EPSG","6326"]], 
    PRIMEM["Greenwich", 0.0, AUTHORITY["EPSG","8901"]], 
    UNIT["degree", 0.017453292519943295], 
    AXIS["Geodetic longitude", EAST], 
    AXIS["Geodetic latitude", NORTH], 
    AUTHORITY["EPSG","4326"]], 
  PROJECTION["Popular Visualisation Pseudo Mercator", AUTHORITY["EPSG","1024"]], 
  PARAMETER["semi_minor", 6378137.0], 
  PARAMETER["latitude_of_origin", 0.0], 
  PARAMETER["central_meridian", 0.0], 
  PARAMETER["scale_factor", 1.0], 
  PARAMETER["false_easting", 0.0], 
  PARAMETER["false_northing", 0.0], 
  UNIT["m", 1.0], 
  AXIS["Easting", EAST], 
  AXIS["Northing", NORTH], 
  AUTHORITY["EPSG","3857"]]
	Elevation = []
	Env = {}
	Exceptions = SE_XML
	FeatureId = null
	FeatureVersion = null
	Filter = null
	Format = image/png
	FormatOptions = {}
	Get = true
	Height = 256
	Interpolations = []
	Layers = [org.geoserver.wms.MapLayerInfo@79abf012[description=<null>,label=Radit Boundary,layerFeatureConstraints=<null>,layerGroupMetadata={},layerInfo=SecuredLayerInfo[LayerInfoImpl[vec_s2s_vec_radit_boundary_ba3d1cda, resource:FeatureTypeInfoImpl[vec_s2s_vec_radit_boundary_ba3d1cda]]],name=vec_s2s_vec_radit_boundary_ba3d1cda,remoteFeatureSource=<null>,style=<null>,type=0]]
	MaxFeatures = null
	Palette = null
	RawKvp = {_T=1790153980122, REQUEST=GetMap, FORMAT=image/png, SRS=EPSG:3857, BBOX=11094987.529649906,1545862.4600394047,11114555.408890909,1565430.33928041, VERSION=1.1.1, STYLES=, SERVICE=WMS, WIDTH=256, HEIGHT=256, TRANSPARENT=true, LAYERS=ws_30cad3c4:vec_s2s_vec_radit_boundary_ba3d1cda}
	RemoteOwsType = null
	RemoteOwsURL = null
	Request = GetMap
	RequestCharset = UTF-8
	ScaleMethod = null
	Sld = null
	SldBody = null
	SldVersion = null
	SortBy = null
	SortByArrays = null
	SRS = EPSG:3857
	StartIndex = null
	StyleBody = null
	StyleFormat = sld
	Styles = [StyleImpl[ name=style_vec_s2s_vec_radit_boundary_ba3d1cda]]
	StyleUrl = null
	StyleVersion = null
	Tiled = false
	TilesOrigin = null
	Time = []
	Transparent = true
	ValidateSchema = false
	Version = 1.1.1
	ViewParams = null
	Width = 256
23 Sep 08:59:43 INFO   [geoserver.wms] - 
Request: getMap
	Angle = 0.0
	BaseUrl = http://localhost:8080/geoserver/
	Bbox = SRSEnvelope[1.1094987529649906E7 : 1.1114555408890909E7, 1565430.33928041 : 1584998.2185214155]
	BgColor = java.awt.Color[r=255,g=255,b=255]
	Buffer = 0
	Clip = null
	CQLFilter = null
	Crs = PROJCS["WGS 84 / Pseudo-Mercator", 
  GEOGCS["WGS 84", 
    DATUM["World Geodetic System 1984", 
      SPHEROID["WGS 84", 6378137.0, 298.257223563, AUTHORITY["EPSG","7030"]], 
      AUTHORITY["EPSG","6326"]], 
    PRIMEM["Greenwich", 0.0, AUTHORITY["EPSG","8901"]], 
    UNIT["degree", 0.017453292519943295], 
    AXIS["Geodetic longitude", EAST], 
    AXIS["Geodetic latitude", NORTH], 
    AUTHORITY["EPSG","4326"]], 
  PROJECTION["Popular Visualisation Pseudo Mercator", AUTHORITY["EPSG","1024"]], 
  PARAMETER["semi_minor", 6378137.0], 
  PARAMETER["latitude_of_origin", 0.0], 
  PARAMETER["central_meridian", 0.0], 
  PARAMETER["scale_factor", 1.0], 
  PARAMETER["false_easting", 0.0], 
  PARAMETER["false_northing", 0.0], 
  UNIT["m", 1.0], 
  AXIS["Easting", EAST], 
  AXIS["Northing", NORTH], 
  AUTHORITY["EPSG","3857"]]
	Elevation = []
	Env = {}
	Exceptions = SE_XML
	FeatureId = null
	FeatureVersion = null
	Filter = null
	Format = image/png
	FormatOptions = {}
	Get = true
	Height = 256
	Interpolations = []
	Layers = [org.geoserver.wms.MapLayerInfo@3cf79b38[description=<null>,label=Radit Boundary,layerFeatureConstraints=<null>,layerGroupMetadata={},layerInfo=SecuredLayerInfo[LayerInfoImpl[vec_s2s_vec_radit_boundary_ba3d1cda, resource:FeatureTypeInfoImpl[vec_s2s_vec_radit_boundary_ba3d1cda]]],name=vec_s2s_vec_radit_boundary_ba3d1cda,remoteFeatureSource=<null>,style=<null>,type=0]]
	MaxFeatures = null
	Palette = null
	RawKvp = {_T=1790153980122, REQUEST=GetMap, FORMAT=image/png, SRS=EPSG:3857, BBOX=11094987.529649906,1565430.33928041,11114555.408890909,1584998.2185214155, VERSION=1.1.1, STYLES=, SERVICE=WMS, WIDTH=256, HEIGHT=256, TRANSPARENT=true, LAYERS=ws_30cad3c4:vec_s2s_vec_radit_boundary_ba3d1cda}
	RemoteOwsType = null
	RemoteOwsURL = null
	Request = GetMap
	RequestCharset = UTF-8
	ScaleMethod = null
	Sld = null
	SldBody = null
	SldVersion = null
	SortBy = null
	SortByArrays = null
	SRS = EPSG:3857
	StartIndex = null
	StyleBody = null
	StyleFormat = sld
	Styles = [StyleImpl[ name=style_vec_s2s_vec_radit_boundary_ba3d1cda]]
	StyleUrl = null
	StyleVersion = null
	Tiled = false
	TilesOrigin = null
	Time = []
	Transparent = true
	ValidateSchema = false
	Version = 1.1.1
	ViewParams = null
	Width = 256
23 Sep 08:59:43 INFO   [geoserver.flow] - releasing flow controllers for [WMS 1.1.1 GetMap]
23 Sep 08:59:43 INFO   [geoserver.flow] - releasing flow controllers for [WMS 1.1.1 GetMap]
23 Sep 08:59:43 INFO   [geoserver.wms] - 
Request: getMap
	Angle = 0.0
	BaseUrl = http://localhost:8080/geoserver/
	Bbox = SRSEnvelope[1.1114555408890909E7 : 1.1134123288131915E7, 1565430.33928041 : 1584998.2185214155]
	BgColor = java.awt.Color[r=255,g=255,b=255]
	Buffer = 0
	Clip = null
	CQLFilter = null
	Crs = PROJCS["WGS 84 / Pseudo-Mercator", 
  GEOGCS["WGS 84", 
    DATUM["World Geodetic System 1984", 
      SPHEROID["WGS 84", 6378137.0, 298.257223563, AUTHORITY["EPSG","7030"]], 
      AUTHORITY["EPSG","6326"]], 
    PRIMEM["Greenwich", 0.0, AUTHORITY["EPSG","8901"]], 
    UNIT["degree", 0.017453292519943295], 
    AXIS["Geodetic longitude", EAST], 
    AXIS["Geodetic latitude", NORTH], 
    AUTHORITY["EPSG","4326"]], 
  PROJECTION["Popular Visualisation Pseudo Mercator", AUTHORITY["EPSG","1024"]], 
  PARAMETER["semi_minor", 6378137.0], 
  PARAMETER["latitude_of_origin", 0.0], 
  PARAMETER["central_meridian", 0.0], 
  PARAMETER["scale_factor", 1.0], 
  PARAMETER["false_easting", 0.0], 
  PARAMETER["false_northing", 0.0], 
  UNIT["m", 1.0], 
  AXIS["Easting", EAST], 
  AXIS["Northing", NORTH], 
  AUTHORITY["EPSG","3857"]]
	Elevation = []
	Env = {}
	Exceptions = SE_XML
	FeatureId = null
	FeatureVersion = null
	Filter = null
	Format = image/png
	FormatOptions = {}
	Get = true
	Height = 256
	Interpolations = []
	Layers = [org.geoserver.wms.MapLayerInfo@64637e84[description=<null>,label=Radit Boundary,layerFeatureConstraints=<null>,layerGroupMetadata={},layerInfo=SecuredLayerInfo[LayerInfoImpl[vec_s2s_vec_radit_boundary_ba3d1cda, resource:FeatureTypeInfoImpl[vec_s2s_vec_radit_boundary_ba3d1cda]]],name=vec_s2s_vec_radit_boundary_ba3d1cda,remoteFeatureSource=<null>,style=<null>,type=0]]
	MaxFeatures = null
	Palette = null
	RawKvp = {_T=1790153980122, REQUEST=GetMap, FORMAT=image/png, SRS=EPSG:3857, BBOX=11114555.408890909,1565430.33928041,11134123.288131915,1584998.2185214155, VERSION=1.1.1, STYLES=, SERVICE=WMS, WIDTH=256, HEIGHT=256, TRANSPARENT=true, LAYERS=ws_30cad3c4:vec_s2s_vec_radit_boundary_ba3d1cda}
	RemoteOwsType = null
	RemoteOwsURL = null
	Request = GetMap
	RequestCharset = UTF-8
	ScaleMethod = null
	Sld = null
	SldBody = null
	SldVersion = null
	SortBy = null
	SortByArrays = null
	SRS = EPSG:3857
	StartIndex = null
	StyleBody = null
	StyleFormat = sld
	Styles = [StyleImpl[ name=style_vec_s2s_vec_radit_boundary_ba3d1cda]]
	StyleUrl = null
	StyleVersion = null
	Tiled = false
	TilesOrigin = null
	Time = []
	Transparent = true
	ValidateSchema = false
	Version = 1.1.1
	ViewParams = null
	Width = 256
23 Sep 08:59:43 INFO   [geoserver.flow] - Request completed, running requests: 2, blocked requests: 0
23 Sep 08:59:43 INFO   [geoserver.flow] - Request completed, running requests: 2, blocked requests: 0
23 Sep 08:59:43 INFO   [geoserver.wms] - 
Request: getMap
	Angle = 0.0
	BaseUrl = http://localhost:8080/geoserver/
	Bbox = SRSEnvelope[1.115369116737292E7 : 1.1173259046613924E7, 1565430.33928041 : 1584998.2185214155]
	BgColor = java.awt.Color[r=255,g=255,b=255]
	Buffer = 0
	Clip = null
	CQLFilter = null
	Crs = PROJCS["WGS 84 / Pseudo-Mercator", 
  GEOGCS["WGS 84", 
    DATUM["World Geodetic System 1984", 
      SPHEROID["WGS 84", 6378137.0, 298.257223563, AUTHORITY["EPSG","7030"]], 
      AUTHORITY["EPSG","6326"]], 
    PRIMEM["Greenwich", 0.0, AUTHORITY["EPSG","8901"]], 
    UNIT["degree", 0.017453292519943295], 
    AXIS["Geodetic longitude", EAST], 
    AXIS["Geodetic latitude", NORTH], 
    AUTHORITY["EPSG","4326"]], 
  PROJECTION["Popular Visualisation Pseudo Mercator", AUTHORITY["EPSG","1024"]], 
  PARAMETER["semi_minor", 6378137.0], 
  PARAMETER["latitude_of_origin", 0.0], 
  PARAMETER["central_meridian", 0.0], 
  PARAMETER["scale_factor", 1.0], 
  PARAMETER["false_easting", 0.0], 
  PARAMETER["false_northing", 0.0], 
  UNIT["m", 1.0], 
  AXIS["Easting", EAST], 
  AXIS["Northing", NORTH], 
  AUTHORITY["EPSG","3857"]]
	Elevation = []
	Env = {}
	Exceptions = SE_XML
	FeatureId = null
	FeatureVersion = null
	Filter = null
	Format = image/png
	FormatOptions = {}
	Get = true
	Height = 256
	Interpolations = []
	Layers = [org.geoserver.wms.MapLayerInfo@3af88c95[description=<null>,label=Radit Boundary,layerFeatureConstraints=<null>,layerGroupMetadata={},layerInfo=SecuredLayerInfo[LayerInfoImpl[vec_s2s_vec_radit_boundary_ba3d1cda, resource:FeatureTypeInfoImpl[vec_s2s_vec_radit_boundary_ba3d1cda]]],name=vec_s2s_vec_radit_boundary_ba3d1cda,remoteFeatureSource=<null>,style=<null>,type=0]]
	MaxFeatures = null
	Palette = null
	RawKvp = {_T=1790153980122, REQUEST=GetMap, FORMAT=image/png, SRS=EPSG:3857, BBOX=11153691.16737292,1565430.33928041,11173259.046613924,1584998.2185214155, VERSION=1.1.1, STYLES=, SERVICE=WMS, WIDTH=256, HEIGHT=256, TRANSPARENT=true, LAYERS=ws_30cad3c4:vec_s2s_vec_radit_boundary_ba3d1cda}
	RemoteOwsType = null
	RemoteOwsURL = null
	Request = GetMap
	RequestCharset = UTF-8
	ScaleMethod = null
	Sld = null
	SldBody = null
	SldVersion = null
	SortBy = null
	SortByArrays = null
	SRS = EPSG:3857
	StartIndex = null
	StyleBody = null
	StyleFormat = sld
	Styles = [StyleImpl[ name=style_vec_s2s_vec_radit_boundary_ba3d1cda]]
	StyleUrl = null
	StyleVersion = null
	Tiled = false
	TilesOrigin = null
	Time = []
	Transparent = true
	ValidateSchema = false
	Version = 1.1.1
	ViewParams = null
	Width = 256
23 Sep 08:59:43 INFO   [geoserver.flow] - releasing flow controllers for [WMS 1.1.1 GetMap]
23 Sep 08:59:43 INFO   [geoserver.flow] - Request completed, running requests: 1, blocked requests: 0
23 Sep 08:59:43 INFO   [geoserver.wms] - 
Request: getServiceInfo
23 Sep 08:59:43 INFO   [geoserver.flow] - releasing flow controllers for [WMS 1.1.1 GetMap]
23 Sep 08:59:43 INFO   [geoserver.flow] - Request completed, running requests: 0, blocked requests: 0
23 Sep 08:59:43 INFO   [geoserver.wms] - 
Request: getServiceInfo
23 Sep 08:59:43 INFO   [geoserver.flow] - Request [WMS 1.1.1 GetMap] starting, processing through flow controllers
23 Sep 08:59:43 INFO   [geoserver.flow] - Request [WMS 1.1.1 GetMap] starting, processing through flow controllers
23 Sep 08:59:43 INFO   [geoserver.flow] - Request control-flow performed, running requests: 1, blocked requests: 1
23 Sep 08:59:43 INFO   [geoserver.flow] - Request control-flow performed, running requests: 2, blocked requests: 0
23 Sep 08:59:43 INFO   [geoserver.wms] - 
Request: getMap
	Angle = 0.0
	BaseUrl = http://localhost:8080/geoserver/
	Bbox = SRSEnvelope[1.1094987529649906E7 : 1.1114555408890909E7, 1526294.580798401 : 1545862.4600394047]
	BgColor = java.awt.Color[r=255,g=255,b=255]
	Buffer = 0
	Clip = null
	CQLFilter = null
	Crs = PROJCS["WGS 84 / Pseudo-Mercator", 
  GEOGCS["WGS 84", 
    DATUM["World Geodetic System 1984", 
      SPHEROID["WGS 84", 6378137.0, 298.257223563, AUTHORITY["EPSG","7030"]], 
      AUTHORITY["EPSG","6326"]], 
    PRIMEM["Greenwich", 0.0, AUTHORITY["EPSG","8901"]], 
    UNIT["degree", 0.017453292519943295], 
    AXIS["Geodetic longitude", EAST], 
    AXIS["Geodetic latitude", NORTH], 
    AUTHORITY["EPSG","4326"]], 
  PROJECTION["Popular Visualisation Pseudo Mercator", AUTHORITY["EPSG","1024"]], 
  PARAMETER["semi_minor", 6378137.0], 
  PARAMETER["latitude_of_origin", 0.0], 
  PARAMETER["central_meridian", 0.0], 
  PARAMETER["scale_factor", 1.0], 
  PARAMETER["false_easting", 0.0], 
  PARAMETER["false_northing", 0.0], 
  UNIT["m", 1.0], 
  AXIS["Easting", EAST], 
  AXIS["Northing", NORTH], 
  AUTHORITY["EPSG","3857"]]
	Elevation = []
	Env = {}
	Exceptions = SE_XML
	FeatureId = null
	FeatureVersion = null
	Filter = null
	Format = image/png
	FormatOptions = {}
	Get = true
	Height = 256
	Interpolations = []
	Layers = [org.geoserver.wms.MapLayerInfo@9168e9[description=<null>,label=Radit Boundary,layerFeatureConstraints=<null>,layerGroupMetadata={},layerInfo=SecuredLayerInfo[LayerInfoImpl[vec_s2s_vec_radit_boundary_ba3d1cda, resource:FeatureTypeInfoImpl[vec_s2s_vec_radit_boundary_ba3d1cda]]],name=vec_s2s_vec_radit_boundary_ba3d1cda,remoteFeatureSource=<null>,style=<null>,type=0]]
	MaxFeatures = null
	Palette = null
	RawKvp = {_T=1790153980122, REQUEST=GetMap, FORMAT=image/png, SRS=EPSG:3857, BBOX=11094987.529649906,1526294.580798401,11114555.408890909,1545862.4600394047, VERSION=1.1.1, STYLES=, SERVICE=WMS, WIDTH=256, HEIGHT=256, TRANSPARENT=true, LAYERS=ws_30cad3c4:vec_s2s_vec_radit_boundary_ba3d1cda}
	RemoteOwsType = null
	RemoteOwsURL = null
	Request = GetMap
	RequestCharset = UTF-8
	ScaleMethod = null
	Sld = null
	SldBody = null
	SldVersion = null
	SortBy = null
	SortByArrays = null
	SRS = EPSG:3857
	StartIndex = null
	StyleBody = null
	StyleFormat = sld
	Styles = [StyleImpl[ name=style_vec_s2s_vec_radit_boundary_ba3d1cda]]
	StyleUrl = null
	StyleVersion = null
	Tiled = false
	TilesOrigin = null
	Time = []
	Transparent = true
	ValidateSchema = false
	Version = 1.1.1
	ViewParams = null
	Width = 256
23 Sep 08:59:43 INFO   [geoserver.wms] - 
Request: getMap
	Angle = 0.0
	BaseUrl = http://localhost:8080/geoserver/
	Bbox = SRSEnvelope[1.1134123288131915E7 : 1.115369116737292E7, 1565430.33928041 : 1584998.2185214155]
	BgColor = java.awt.Color[r=255,g=255,b=255]
	Buffer = 0
	Clip = null
	CQLFilter = null
	Crs = PROJCS["WGS 84 / Pseudo-Mercator", 
  GEOGCS["WGS 84", 
    DATUM["World Geodetic System 1984", 
      SPHEROID["WGS 84", 6378137.0, 298.257223563, AUTHORITY["EPSG","7030"]], 
      AUTHORITY["EPSG","6326"]], 
    PRIMEM["Greenwich", 0.0, AUTHORITY["EPSG","8901"]], 
    UNIT["degree", 0.017453292519943295], 
    AXIS["Geodetic longitude", EAST], 
    AXIS["Geodetic latitude", NORTH], 
    AUTHORITY["EPSG","4326"]], 
  PROJECTION["Popular Visualisation Pseudo Mercator", AUTHORITY["EPSG","1024"]], 
  PARAMETER["semi_minor", 6378137.0], 
  PARAMETER["latitude_of_origin", 0.0], 
  PARAMETER["central_meridian", 0.0], 
  PARAMETER["scale_factor", 1.0], 
  PARAMETER["false_easting", 0.0], 
  PARAMETER["false_northing", 0.0], 
  UNIT["m", 1.0], 
  AXIS["Easting", EAST], 
  AXIS["Northing", NORTH], 
  AUTHORITY["EPSG","3857"]]
	Elevation = []
	Env = {}
	Exceptions = SE_XML
	FeatureId = null
	FeatureVersion = null
	Filter = null
	Format = image/png
	FormatOptions = {}
	Get = true
	Height = 256
	Interpolations = []
	Layers = [org.geoserver.wms.MapLayerInfo@78eb800c[description=<null>,label=Radit Boundary,layerFeatureConstraints=<null>,layerGroupMetadata={},layerInfo=SecuredLayerInfo[LayerInfoImpl[vec_s2s_vec_radit_boundary_ba3d1cda, resource:FeatureTypeInfoImpl[vec_s2s_vec_radit_boundary_ba3d1cda]]],name=vec_s2s_vec_radit_boundary_ba3d1cda,remoteFeatureSource=<null>,style=<null>,type=0]]
	MaxFeatures = null
	Palette = null
	RawKvp = {_T=1790153980122, REQUEST=GetMap, FORMAT=image/png, SRS=EPSG:3857, BBOX=11134123.288131915,1565430.33928041,11153691.16737292,1584998.2185214155, VERSION=1.1.1, STYLES=, SERVICE=WMS, WIDTH=256, HEIGHT=256, TRANSPARENT=true, LAYERS=ws_30cad3c4:vec_s2s_vec_radit_boundary_ba3d1cda}
	RemoteOwsType = null
	RemoteOwsURL = null
	Request = GetMap
	RequestCharset = UTF-8
	ScaleMethod = null
	Sld = null
	SldBody = null
	SldVersion = null
	SortBy = null
	SortByArrays = null
	SRS = EPSG:3857
	StartIndex = null
	StyleBody = null
	StyleFormat = sld
	Styles = [StyleImpl[ name=style_vec_s2s_vec_radit_boundary_ba3d1cda]]
	StyleUrl = null
	StyleVersion = null
	Tiled = false
	TilesOrigin = null
	Time = []
	Transparent = true
	ValidateSchema = false
	Version = 1.1.1
	ViewParams = null
	Width = 256
23 Sep 08:59:43 INFO   [geoserver.flow] - releasing flow controllers for [WMS 1.1.1 GetMap]
23 Sep 08:59:43 INFO   [geoserver.flow] - Request completed, running requests: 1, blocked requests: 0
23 Sep 08:59:43 INFO   [geoserver.flow] - releasing flow controllers for [WMS 1.1.1 GetMap]
23 Sep 08:59:43 INFO   [geoserver.flow] - Request completed, running requests: 0, blocked requests: 0
23 Sep 08:59:43 INFO   [geoserver.wms] - 
Request: getServiceInfo
23 Sep 08:59:43 INFO   [geoserver.flow] - Request [WMS 1.1.1 GetMap] starting, processing through flow controllers
23 Sep 08:59:43 INFO   [geoserver.flow] - Request control-flow performed, running requests: 1, blocked requests: 0
23 Sep 08:59:43 INFO   [geoserver.wms] - 
Request: getMap
	Angle = 0.0
	BaseUrl = http://localhost:8080/geoserver/
	Bbox = SRSEnvelope[1.1173259046613924E7 : 1.119282692585493E7, 1565430.33928041 : 1584998.2185214155]
	BgColor = java.awt.Color[r=255,g=255,b=255]
	Buffer = 0
	Clip = null
	CQLFilter = null
	Crs = PROJCS["WGS 84 / Pseudo-Mercator", 
  GEOGCS["WGS 84", 
    DATUM["World Geodetic System 1984", 
      SPHEROID["WGS 84", 6378137.0, 298.257223563, AUTHORITY["EPSG","7030"]], 
      AUTHORITY["EPSG","6326"]], 
    PRIMEM["Greenwich", 0.0, AUTHORITY["EPSG","8901"]], 
    UNIT["degree", 0.017453292519943295], 
    AXIS["Geodetic longitude", EAST], 
    AXIS["Geodetic latitude", NORTH], 
    AUTHORITY["EPSG","4326"]], 
  PROJECTION["Popular Visualisation Pseudo Mercator", AUTHORITY["EPSG","1024"]], 
  PARAMETER["semi_minor", 6378137.0], 
  PARAMETER["latitude_of_origin", 0.0], 
  PARAMETER["central_meridian", 0.0], 
  PARAMETER["scale_factor", 1.0], 
  PARAMETER["false_easting", 0.0], 
  PARAMETER["false_northing", 0.0], 
  UNIT["m", 1.0], 
  AXIS["Easting", EAST], 
  AXIS["Northing", NORTH], 
  AUTHORITY["EPSG","3857"]]
	Elevation = []
	Env = {}
	Exceptions = SE_XML
	FeatureId = null
	FeatureVersion = null
	Filter = null
	Format = image/png
	FormatOptions = {}
	Get = true
	Height = 256
	Interpolations = []
	Layers = [org.geoserver.wms.MapLayerInfo@52f7206e[description=<null>,label=Radit Boundary,layerFeatureConstraints=<null>,layerGroupMetadata={},layerInfo=SecuredLayerInfo[LayerInfoImpl[vec_s2s_vec_radit_boundary_ba3d1cda, resource:FeatureTypeInfoImpl[vec_s2s_vec_radit_boundary_ba3d1cda]]],name=vec_s2s_vec_radit_boundary_ba3d1cda,remoteFeatureSource=<null>,style=<null>,type=0]]
	MaxFeatures = null
	Palette = null
	RawKvp = {_T=1790153980122, REQUEST=GetMap, FORMAT=image/png, SRS=EPSG:3857, BBOX=11173259.046613924,1565430.33928041,11192826.92585493,1584998.2185214155, VERSION=1.1.1, STYLES=, SERVICE=WMS, WIDTH=256, HEIGHT=256, TRANSPARENT=true, LAYERS=ws_30cad3c4:vec_s2s_vec_radit_boundary_ba3d1cda}
	RemoteOwsType = null
	RemoteOwsURL = null
	Request = GetMap
	RequestCharset = UTF-8
	ScaleMethod = null
	Sld = null
	SldBody = null
	SldVersion = null
	SortBy = null
	SortByArrays = null
	SRS = EPSG:3857
	StartIndex = null
	StyleBody = null
	StyleFormat = sld
	Styles = [StyleImpl[ name=style_vec_s2s_vec_radit_boundary_ba3d1cda]]
	StyleUrl = null
	StyleVersion = null
	Tiled = false
	TilesOrigin = null
	Time = []
	Transparent = true
	ValidateSchema = false
	Version = 1.1.1
	ViewParams = null
	Width = 256
23 Sep 08:59:43 INFO   [geoserver.flow] - releasing flow controllers for [WMS 1.1.1 GetMap]
23 Sep 08:59:43 INFO   [geoserver.flow] - Request completed, running requests: 0, blocked requests: 0
23 Sep 08:59:44 INFO   [geoserver.wms] - 
Request: getServiceInfo
23 Sep 08:59:44 INFO   [geoserver.wms] - 
Request: getServiceInfo
23 Sep 08:59:44 INFO   [geoserver.flow] - Request [WMS 1.1.1 GetMap] starting, processing through flow controllers
23 Sep 08:59:44 INFO   [geoserver.wms] - 
Request: getServiceInfo
23 Sep 08:59:44 INFO   [geoserver.flow] - Request [WMS 1.1.1 GetMap] starting, processing through flow controllers
23 Sep 08:59:44 INFO   [geoserver.flow] - Request control-flow performed, running requests: 2, blocked requests: 0
23 Sep 08:59:44 INFO   [geoserver.flow] - Request control-flow performed, running requests: 1, blocked requests: 0
23 Sep 08:59:44 INFO   [geoserver.wms] - 
Request: getServiceInfo
23 Sep 08:59:44 INFO   [geoserver.wms] - 
Request: getServiceInfo
23 Sep 08:59:44 INFO   [geoserver.flow] - Request [WMS 1.1.1 GetMap] starting, processing through flow controllers
23 Sep 08:59:44 INFO   [geoserver.flow] - Request [WMS 1.1.1 GetMap] starting, processing through flow controllers
23 Sep 08:59:44 INFO   [geoserver.wms] - 
Request: getServiceInfo
23 Sep 08:59:44 INFO   [geoserver.flow] - Request control-flow performed, running requests: 3, blocked requests: 2
23 Sep 08:59:44 INFO   [geoserver.flow] - Request [WMS 1.1.1 GetMap] starting, processing through flow controllers
23 Sep 08:59:44 INFO   [geoserver.wms] - 
Request: getMap
	Angle = 0.0
	BaseUrl = http://localhost:8080/geoserver/
	Bbox = SRSEnvelope[1.1134123288131915E7 : 1.1143907227752417E7, 1565430.33928041 : 1575214.2789009125]
	BgColor = java.awt.Color[r=255,g=255,b=255]
	Buffer = 0
	Clip = null
	CQLFilter = null
	Crs = PROJCS["WGS 84 / Pseudo-Mercator", 
  GEOGCS["WGS 84", 
    DATUM["World Geodetic System 1984", 
      SPHEROID["WGS 84", 6378137.0, 298.257223563, AUTHORITY["EPSG","7030"]], 
      AUTHORITY["EPSG","6326"]], 
    PRIMEM["Greenwich", 0.0, AUTHORITY["EPSG","8901"]], 
    UNIT["degree", 0.017453292519943295], 
    AXIS["Geodetic longitude", EAST], 
    AXIS["Geodetic latitude", NORTH], 
    AUTHORITY["EPSG","4326"]], 
  PROJECTION["Popular Visualisation Pseudo Mercator", AUTHORITY["EPSG","1024"]], 
  PARAMETER["semi_minor", 6378137.0], 
  PARAMETER["latitude_of_origin", 0.0], 
  PARAMETER["central_meridian", 0.0], 
  PARAMETER["scale_factor", 1.0], 
  PARAMETER["false_easting", 0.0], 
  PARAMETER["false_northing", 0.0], 
  UNIT["m", 1.0], 
  AXIS["Easting", EAST], 
  AXIS["Northing", NORTH], 
  AUTHORITY["EPSG","3857"]]
	Elevation = []
	Env = {}
	Exceptions = SE_XML
	FeatureId = null
	FeatureVersion = null
	Filter = null
	Format = image/png
	FormatOptions = {}
	Get = true
	Height = 256
	Interpolations = []
	Layers = [org.geoserver.wms.MapLayerInfo@5b5218f0[description=<null>,label=Radit Boundary,layerFeatureConstraints=<null>,layerGroupMetadata={},layerInfo=SecuredLayerInfo[LayerInfoImpl[vec_s2s_vec_radit_boundary_ba3d1cda, resource:FeatureTypeInfoImpl[vec_s2s_vec_radit_boundary_ba3d1cda]]],name=vec_s2s_vec_radit_boundary_ba3d1cda,remoteFeatureSource=<null>,style=<null>,type=0]]
	MaxFeatures = null
	Palette = null
	RawKvp = {_T=1790153980122, REQUEST=GetMap, FORMAT=image/png, SRS=EPSG:3857, BBOX=11134123.288131915,1565430.33928041,11143907.227752417,1575214.2789009125, VERSION=1.1.1, STYLES=, SERVICE=WMS, WIDTH=256, HEIGHT=256, TRANSPARENT=true, LAYERS=ws_30cad3c4:vec_s2s_vec_radit_boundary_ba3d1cda}
	RemoteOwsType = null
	RemoteOwsURL = null
	Request = GetMap
	RequestCharset = UTF-8
	ScaleMethod = null
	Sld = null
	SldBody = null
	SldVersion = null
	SortBy = null
	SortByArrays = null
	SRS = EPSG:3857
	StartIndex = null
	StyleBody = null
	StyleFormat = sld
	Styles = [StyleImpl[ name=style_vec_s2s_vec_radit_boundary_ba3d1cda]]
	StyleUrl = null
	StyleVersion = null
	Tiled = false
	TilesOrigin = null
	Time = []
	Transparent = true
	ValidateSchema = false
	Version = 1.1.1
	ViewParams = null
	Width = 256
23 Sep 08:59:44 INFO   [geoserver.wms] - 
Request: getMap
	Angle = 0.0
	BaseUrl = http://localhost:8080/geoserver/
	Bbox = SRSEnvelope[1.1143907227752417E7 : 1.115369116737292E7, 1545862.4600394047 : 1555646.3996599081]
	BgColor = java.awt.Color[r=255,g=255,b=255]
	Buffer = 0
	Clip = null
	CQLFilter = null
	Crs = PROJCS["WGS 84 / Pseudo-Mercator", 
  GEOGCS["WGS 84", 
    DATUM["World Geodetic System 1984", 
      SPHEROID["WGS 84", 6378137.0, 298.257223563, AUTHORITY["EPSG","7030"]], 
      AUTHORITY["EPSG","6326"]], 
    PRIMEM["Greenwich", 0.0, AUTHORITY["EPSG","8901"]], 
    UNIT["degree", 0.017453292519943295], 
    AXIS["Geodetic longitude", EAST], 
    AXIS["Geodetic latitude", NORTH], 
    AUTHORITY["EPSG","4326"]], 
  PROJECTION["Popular Visualisation Pseudo Mercator", AUTHORITY["EPSG","1024"]], 
  PARAMETER["semi_minor", 6378137.0], 
  PARAMETER["latitude_of_origin", 0.0], 
  PARAMETER["central_meridian", 0.0], 
  PARAMETER["scale_factor", 1.0], 
  PARAMETER["false_easting", 0.0], 
  PARAMETER["false_northing", 0.0], 
  UNIT["m", 1.0], 
  AXIS["Easting", EAST], 
  AXIS["Northing", NORTH], 
  AUTHORITY["EPSG","3857"]]
	Elevation = []
	Env = {}
	Exceptions = SE_XML
	FeatureId = null
	FeatureVersion = null
	Filter = null
	Format = image/png
	FormatOptions = {}
	Get = true
	Height = 256
	Interpolations = []
	Layers = [org.geoserver.wms.MapLayerInfo@7cd94404[description=<null>,label=Radit Boundary,layerFeatureConstraints=<null>,layerGroupMetadata={},layerInfo=SecuredLayerInfo[LayerInfoImpl[vec_s2s_vec_radit_boundary_ba3d1cda, resource:FeatureTypeInfoImpl[vec_s2s_vec_radit_boundary_ba3d1cda]]],name=vec_s2s_vec_radit_boundary_ba3d1cda,remoteFeatureSource=<null>,style=<null>,type=0]]
	MaxFeatures = null
	Palette = null
	RawKvp = {_T=1790153980122, REQUEST=GetMap, FORMAT=image/png, SRS=EPSG:3857, BBOX=11143907.227752417,1545862.4600394047,11153691.16737292,1555646.3996599081, VERSION=1.1.1, STYLES=, SERVICE=WMS, WIDTH=256, HEIGHT=256, TRANSPARENT=true, LAYERS=ws_30cad3c4:vec_s2s_vec_radit_boundary_ba3d1cda}
	RemoteOwsType = null
	RemoteOwsURL = null
	Request = GetMap
	RequestCharset = UTF-8
	ScaleMethod = null
	Sld = null
	SldBody = null
	SldVersion = null
	SortBy = null
	SortByArrays = null
	SRS = EPSG:3857
	StartIndex = null
	StyleBody = null
	StyleFormat = sld
	Styles = [StyleImpl[ name=style_vec_s2s_vec_radit_boundary_ba3d1cda]]
	StyleUrl = null
	StyleVersion = null
	Tiled = false
	TilesOrigin = null
	Time = []
	Transparent = true
	ValidateSchema = false
	Version = 1.1.1
	ViewParams = null
	Width = 256
23 Sep 08:59:44 INFO   [geoserver.flow] - Request control-flow performed, running requests: 4, blocked requests: 1
23 Sep 08:59:44 INFO   [geoserver.flow] - Request [WMS 1.1.1 GetMap] starting, processing through flow controllers
23 Sep 08:59:44 INFO   [geoserver.flow] - Request control-flow performed, running requests: 6, blocked requests: 0
23 Sep 08:59:44 INFO   [geoserver.flow] - Request control-flow performed, running requests: 5, blocked requests: 1
23 Sep 08:59:44 INFO   [geoserver.flow] - releasing flow controllers for [WMS 1.1.1 GetMap]
23 Sep 08:59:44 INFO   [geoserver.flow] - releasing flow controllers for [WMS 1.1.1 GetMap]
23 Sep 08:59:44 INFO   [geoserver.wms] - 
Request: getMap
	Angle = 0.0
	BaseUrl = http://localhost:8080/geoserver/
	Bbox = SRSEnvelope[1.1143907227752417E7 : 1.115369116737292E7, 1565430.33928041 : 1575214.2789009125]
	BgColor = java.awt.Color[r=255,g=255,b=255]
	Buffer = 0
	Clip = null
	CQLFilter = null
	Crs = PROJCS["WGS 84 / Pseudo-Mercator", 
  GEOGCS["WGS 84", 
    DATUM["World Geodetic System 1984", 
      SPHEROID["WGS 84", 6378137.0, 298.257223563, AUTHORITY["EPSG","7030"]], 
      AUTHORITY["EPSG","6326"]], 
    PRIMEM["Greenwich", 0.0, AUTHORITY["EPSG","8901"]], 
    UNIT["degree", 0.017453292519943295], 
    AXIS["Geodetic longitude", EAST], 
    AXIS["Geodetic latitude", NORTH], 
    AUTHORITY["EPSG","4326"]], 
  PROJECTION["Popular Visualisation Pseudo Mercator", AUTHORITY["EPSG","1024"]], 
  PARAMETER["semi_minor", 6378137.0], 
  PARAMETER["latitude_of_origin", 0.0], 
  PARAMETER["central_meridian", 0.0], 
  PARAMETER["scale_factor", 1.0], 
  PARAMETER["false_easting", 0.0], 
  PARAMETER["false_northing", 0.0], 
  UNIT["m", 1.0], 
  AXIS["Easting", EAST], 
  AXIS["Northing", NORTH], 
  AUTHORITY["EPSG","3857"]]
	Elevation = []
	Env = {}
	Exceptions = SE_XML
	FeatureId = null
	FeatureVersion = null
	Filter = null
	Format = image/png
	FormatOptions = {}
	Get = true
	Height = 256
	Interpolations = []
	Layers = [org.geoserver.wms.MapLayerInfo@30dec9f8[description=<null>,label=Radit Boundary,layerFeatureConstraints=<null>,layerGroupMetadata={},layerInfo=SecuredLayerInfo[LayerInfoImpl[vec_s2s_vec_radit_boundary_ba3d1cda, resource:FeatureTypeInfoImpl[vec_s2s_vec_radit_boundary_ba3d1cda]]],name=vec_s2s_vec_radit_boundary_ba3d1cda,remoteFeatureSource=<null>,style=<null>,type=0]]
	MaxFeatures = null
	Palette = null
	RawKvp = {_T=1790153980122, REQUEST=GetMap, FORMAT=image/png, SRS=EPSG:3857, BBOX=11143907.227752417,1565430.33928041,11153691.16737292,1575214.2789009125, VERSION=1.1.1, STYLES=, SERVICE=WMS, WIDTH=256, HEIGHT=256, TRANSPARENT=true, LAYERS=ws_30cad3c4:vec_s2s_vec_radit_boundary_ba3d1cda}
	RemoteOwsType = null
	RemoteOwsURL = null
	Request = GetMap
	RequestCharset = UTF-8
	ScaleMethod = null
	Sld = null
	SldBody = null
	SldVersion = null
	SortBy = null
	SortByArrays = null
	SRS = EPSG:3857
	StartIndex = null
	StyleBody = null
	StyleFormat = sld
	Styles = [StyleImpl[ name=style_vec_s2s_vec_radit_boundary_ba3d1cda]]
	StyleUrl = null
	StyleVersion = null
	Tiled = false
	TilesOrigin = null
	Time = []
	Transparent = true
	ValidateSchema = false
	Version = 1.1.1
	ViewParams = null
	Width = 256
23 Sep 08:59:44 INFO   [geoserver.wms] - 
Request: getMap
	Angle = 0.0
	BaseUrl = http://localhost:8080/geoserver/
	Bbox = SRSEnvelope[1.1134123288131915E7 : 1.1143907227752417E7, 1555646.3996599081 : 1565430.33928041]
	BgColor = java.awt.Color[r=255,g=255,b=255]
	Buffer = 0
	Clip = null
	CQLFilter = null
	Crs = PROJCS["WGS 84 / Pseudo-Mercator", 
  GEOGCS["WGS 84", 
    DATUM["World Geodetic System 1984", 
      SPHEROID["WGS 84", 6378137.0, 298.257223563, AUTHORITY["EPSG","7030"]], 
      AUTHORITY["EPSG","6326"]], 
    PRIMEM["Greenwich", 0.0, AUTHORITY["EPSG","8901"]], 
    UNIT["degree", 0.017453292519943295], 
    AXIS["Geodetic longitude", EAST], 
    AXIS["Geodetic latitude", NORTH], 
    AUTHORITY["EPSG","4326"]], 
  PROJECTION["Popular Visualisation Pseudo Mercator", AUTHORITY["EPSG","1024"]], 
  PARAMETER["semi_minor", 6378137.0], 
  PARAMETER["latitude_of_origin", 0.0], 
  PARAMETER["central_meridian", 0.0], 
  PARAMETER["scale_factor", 1.0], 
  PARAMETER["false_easting", 0.0], 
  PARAMETER["false_northing", 0.0], 
  UNIT["m", 1.0], 
  AXIS["Easting", EAST], 
  AXIS["Northing", NORTH], 
  AUTHORITY["EPSG","3857"]]
	Elevation = []
	Env = {}
	Exceptions = SE_XML
	FeatureId = null
	FeatureVersion = null
	Filter = null
	Format = image/png
	FormatOptions = {}
	Get = true
	Height = 256
	Interpolations = []
	Layers = [org.geoserver.wms.MapLayerInfo@fb98800[description=<null>,label=Radit Boundary,layerFeatureConstraints=<null>,layerGroupMetadata={},layerInfo=SecuredLayerInfo[LayerInfoImpl[vec_s2s_vec_radit_boundary_ba3d1cda, resource:FeatureTypeInfoImpl[vec_s2s_vec_radit_boundary_ba3d1cda]]],name=vec_s2s_vec_radit_boundary_ba3d1cda,remoteFeatureSource=<null>,style=<null>,type=0]]
	MaxFeatures = null
	Palette = null
	RawKvp = {_T=1790153980122, REQUEST=GetMap, FORMAT=image/png, SRS=EPSG:3857, BBOX=11134123.288131915,1555646.3996599081,11143907.227752417,1565430.33928041, VERSION=1.1.1, STYLES=, SERVICE=WMS, WIDTH=256, HEIGHT=256, TRANSPARENT=true, LAYERS=ws_30cad3c4:vec_s2s_vec_radit_boundary_ba3d1cda}
	RemoteOwsType = null
	RemoteOwsURL = null
	Request = GetMap
	RequestCharset = UTF-8
	ScaleMethod = null
	Sld = null
	SldBody = null
	SldVersion = null
	SortBy = null
	SortByArrays = null
	SRS = EPSG:3857
	StartIndex = null
	StyleBody = null
	StyleFormat = sld
	Styles = [StyleImpl[ name=style_vec_s2s_vec_radit_boundary_ba3d1cda]]
	StyleUrl = null
	StyleVersion = null
	Tiled = false
	TilesOrigin = null
	Time = []
	Transparent = true
	ValidateSchema = false
	Version = 1.1.1
	ViewParams = null
	Width = 256
23 Sep 08:59:44 INFO   [geoserver.wms] - 
Request: getMap
	Angle = 0.0
	BaseUrl = http://localhost:8080/geoserver/
	Bbox = SRSEnvelope[1.1134123288131915E7 : 1.1143907227752417E7, 1545862.4600394047 : 1555646.3996599081]
	BgColor = java.awt.Color[r=255,g=255,b=255]
	Buffer = 0
	Clip = null
	CQLFilter = null
	Crs = PROJCS["WGS 84 / Pseudo-Mercator", 
  GEOGCS["WGS 84", 
    DATUM["World Geodetic System 1984", 
      SPHEROID["WGS 84", 6378137.0, 298.257223563, AUTHORITY["EPSG","7030"]], 
      AUTHORITY["EPSG","6326"]], 
    PRIMEM["Greenwich", 0.0, AUTHORITY["EPSG","8901"]], 
    UNIT["degree", 0.017453292519943295], 
    AXIS["Geodetic longitude", EAST], 
    AXIS["Geodetic latitude", NORTH], 
    AUTHORITY["EPSG","4326"]], 
  PROJECTION["Popular Visualisation Pseudo Mercator", AUTHORITY["EPSG","1024"]], 
  PARAMETER["semi_minor", 6378137.0], 
  PARAMETER["latitude_of_origin", 0.0], 
  PARAMETER["central_meridian", 0.0], 
  PARAMETER["scale_factor", 1.0], 
  PARAMETER["false_easting", 0.0], 
  PARAMETER["false_northing", 0.0], 
  UNIT["m", 1.0], 
  AXIS["Easting", EAST], 
  AXIS["Northing", NORTH], 
  AUTHORITY["EPSG","3857"]]
	Elevation = []
	Env = {}
	Exceptions = SE_XML
	FeatureId = null
	FeatureVersion = null
	Filter = null
	Format = image/png
	FormatOptions = {}
	Get = true
	Height = 256
	Interpolations = []
	Layers = [org.geoserver.wms.MapLayerInfo@483b6863[description=<null>,label=Radit Boundary,layerFeatureConstraints=<null>,layerGroupMetadata={},layerInfo=SecuredLayerInfo[LayerInfoImpl[vec_s2s_vec_radit_boundary_ba3d1cda, resource:FeatureTypeInfoImpl[vec_s2s_vec_radit_boundary_ba3d1cda]]],name=vec_s2s_vec_radit_boundary_ba3d1cda,remoteFeatureSource=<null>,style=<null>,type=0]]
	MaxFeatures = null
	Palette = null
	RawKvp = {_T=1790153980122, REQUEST=GetMap, FORMAT=image/png, SRS=EPSG:3857, BBOX=11134123.288131915,1545862.4600394047,11143907.227752417,1555646.3996599081, VERSION=1.1.1, STYLES=, SERVICE=WMS, WIDTH=256, HEIGHT=256, TRANSPARENT=true, LAYERS=ws_30cad3c4:vec_s2s_vec_radit_boundary_ba3d1cda}
	RemoteOwsType = null
	RemoteOwsURL = null
	Request = GetMap
	RequestCharset = UTF-8
	ScaleMethod = null
	Sld = null
	SldBody = null
	SldVersion = null
	SortBy = null
	SortByArrays = null
	SRS = EPSG:3857
	StartIndex = null
	StyleBody = null
	StyleFormat = sld
	Styles = [StyleImpl[ name=style_vec_s2s_vec_radit_boundary_ba3d1cda]]
	StyleUrl = null
	StyleVersion = null
	Tiled = false
	TilesOrigin = null
	Time = []
	Transparent = true
	ValidateSchema = false
	Version = 1.1.1
	ViewParams = null
	Width = 256
23 Sep 08:59:44 INFO   [geoserver.flow] - releasing flow controllers for [WMS 1.1.1 GetMap]
23 Sep 08:59:44 INFO   [geoserver.flow] - Request completed, running requests: 3, blocked requests: 0
23 Sep 08:59:44 INFO   [geoserver.wms] - 
Request: getMap
	Angle = 0.0
	BaseUrl = http://localhost:8080/geoserver/
	Bbox = SRSEnvelope[1.1143907227752417E7 : 1.115369116737292E7, 1555646.3996599081 : 1565430.33928041]
	BgColor = java.awt.Color[r=255,g=255,b=255]
	Buffer = 0
	Clip = null
	CQLFilter = null
	Crs = PROJCS["WGS 84 / Pseudo-Mercator", 
  GEOGCS["WGS 84", 
    DATUM["World Geodetic System 1984", 
      SPHEROID["WGS 84", 6378137.0, 298.257223563, AUTHORITY["EPSG","7030"]], 
      AUTHORITY["EPSG","6326"]], 
    PRIMEM["Greenwich", 0.0, AUTHORITY["EPSG","8901"]], 
    UNIT["degree", 0.017453292519943295], 
    AXIS["Geodetic longitude", EAST], 
    AXIS["Geodetic latitude", NORTH], 
    AUTHORITY["EPSG","4326"]], 
  PROJECTION["Popular Visualisation Pseudo Mercator", AUTHORITY["EPSG","1024"]], 
  PARAMETER["semi_minor", 6378137.0], 
  PARAMETER["latitude_of_origin", 0.0], 
  PARAMETER["central_meridian", 0.0], 
  PARAMETER["scale_factor", 1.0], 
  PARAMETER["false_easting", 0.0], 
  PARAMETER["false_northing", 0.0], 
  UNIT["m", 1.0], 
  AXIS["Easting", EAST], 
  AXIS["Northing", NORTH], 
  AUTHORITY["EPSG","3857"]]
	Elevation = []
	Env = {}
	Exceptions = SE_XML
	FeatureId = null
	FeatureVersion = null
	Filter = null
	Format = image/png
	FormatOptions = {}
	Get = true
	Height = 256
	Interpolations = []
	Layers = [org.geoserver.wms.MapLayerInfo@7221b24d[description=<null>,label=Radit Boundary,layerFeatureConstraints=<null>,layerGroupMetadata={},layerInfo=SecuredLayerInfo[LayerInfoImpl[vec_s2s_vec_radit_boundary_ba3d1cda, resource:FeatureTypeInfoImpl[vec_s2s_vec_radit_boundary_ba3d1cda]]],name=vec_s2s_vec_radit_boundary_ba3d1cda,remoteFeatureSource=<null>,style=<null>,type=0]]
	MaxFeatures = null
	Palette = null
	RawKvp = {_T=1790153980122, REQUEST=GetMap, FORMAT=image/png, SRS=EPSG:3857, BBOX=11143907.227752417,1555646.3996599081,11153691.16737292,1565430.33928041, VERSION=1.1.1, STYLES=, SERVICE=WMS, WIDTH=256, HEIGHT=256, TRANSPARENT=true, LAYERS=ws_30cad3c4:vec_s2s_vec_radit_boundary_ba3d1cda}
	RemoteOwsType = null
	RemoteOwsURL = null
	Request = GetMap
	RequestCharset = UTF-8
	ScaleMethod = null
	Sld = null
	SldBody = null
	SldVersion = null
	SortBy = null
	SortByArrays = null
	SRS = EPSG:3857
	StartIndex = null
	StyleBody = null
	StyleFormat = sld
	Styles = [StyleImpl[ name=style_vec_s2s_vec_radit_boundary_ba3d1cda]]
	StyleUrl = null
	StyleVersion = null
	Tiled = false
	TilesOrigin = null
	Time = []
	Transparent = true
	ValidateSchema = false
	Version = 1.1.1
	ViewParams = null
	Width = 256
23 Sep 08:59:44 INFO   [geoserver.flow] - Request completed, running requests: 4, blocked requests: 0
23 Sep 08:59:44 INFO   [geoserver.flow] - releasing flow controllers for [WMS 1.1.1 GetMap]
23 Sep 08:59:44 INFO   [geoserver.flow] - releasing flow controllers for [WMS 1.1.1 GetMap]
23 Sep 08:59:44 INFO   [geoserver.flow] - Request completed, running requests: 4, blocked requests: 0
23 Sep 08:59:44 INFO   [geoserver.flow] - Request completed, running requests: 1, blocked requests: 0
23 Sep 08:59:44 INFO   [geoserver.wms] - 
Request: getServiceInfo
23 Sep 08:59:44 INFO   [geoserver.wms] - 
Request: getServiceInfo
23 Sep 08:59:44 INFO   [geoserver.wms] - 
Request: getServiceInfo
23 Sep 08:59:44 INFO   [geoserver.flow] - Request completed, running requests: 1, blocked requests: 0
23 Sep 08:59:44 INFO   [geoserver.flow] - releasing flow controllers for [WMS 1.1.1 GetMap]
23 Sep 08:59:44 INFO   [geoserver.flow] - Request [WMS 1.1.1 GetMap] starting, processing through flow controllers
23 Sep 08:59:44 INFO   [geoserver.wms] - 
Request: getServiceInfo
23 Sep 08:59:44 INFO   [geoserver.flow] - Request completed, running requests: 1, blocked requests: 1
23 Sep 08:59:44 INFO   [geoserver.flow] - Request [WMS 1.1.1 GetMap] starting, processing through flow controllers
23 Sep 08:59:44 INFO   [geoserver.flow] - Request control-flow performed, running requests: 1, blocked requests: 0
23 Sep 08:59:44 INFO   [geoserver.flow] - Request [WMS 1.1.1 GetMap] starting, processing through flow controllers
23 Sep 08:59:44 INFO   [geoserver.flow] - Request [WMS 1.1.1 GetMap] starting, processing through flow controllers
23 Sep 08:59:44 INFO   [geoserver.flow] - Request control-flow performed, running requests: 3, blocked requests: 1
23 Sep 08:59:44 INFO   [geoserver.flow] - Request control-flow performed, running requests: 2, blocked requests: 2
23 Sep 08:59:44 INFO   [geoserver.flow] - Request control-flow performed, running requests: 4, blocked requests: 0
23 Sep 08:59:44 INFO   [geoserver.wms] - 
Request: getMap
	Angle = 0.0
	BaseUrl = http://localhost:8080/geoserver/
	Bbox = SRSEnvelope[1.115369116737292E7 : 1.1163475106993424E7, 1565430.33928041 : 1575214.2789009125]
	BgColor = java.awt.Color[r=255,g=255,b=255]
	Buffer = 0
	Clip = null
	CQLFilter = null
	Crs = PROJCS["WGS 84 / Pseudo-Mercator", 
  GEOGCS["WGS 84", 
    DATUM["World Geodetic System 1984", 
      SPHEROID["WGS 84", 6378137.0, 298.257223563, AUTHORITY["EPSG","7030"]], 
      AUTHORITY["EPSG","6326"]], 
    PRIMEM["Greenwich", 0.0, AUTHORITY["EPSG","8901"]], 
    UNIT["degree", 0.017453292519943295], 
    AXIS["Geodetic longitude", EAST], 
    AXIS["Geodetic latitude", NORTH], 
    AUTHORITY["EPSG","4326"]], 
  PROJECTION["Popular Visualisation Pseudo Mercator", AUTHORITY["EPSG","1024"]], 
  PARAMETER["semi_minor", 6378137.0], 
  PARAMETER["latitude_of_origin", 0.0], 
  PARAMETER["central_meridian", 0.0], 
  PARAMETER["scale_factor", 1.0], 
  PARAMETER["false_easting", 0.0], 
  PARAMETER["false_northing", 0.0], 
  UNIT["m", 1.0], 
  AXIS["Easting", EAST], 
  AXIS["Northing", NORTH], 
  AUTHORITY["EPSG","3857"]]
	Elevation = []
	Env = {}
	Exceptions = SE_XML
	FeatureId = null
	FeatureVersion = null
	Filter = null
	Format = image/png
	FormatOptions = {}
	Get = true
	Height = 256
	Interpolations = []
	Layers = [org.geoserver.wms.MapLayerInfo@6ea47a1a[description=<null>,label=Radit Boundary,layerFeatureConstraints=<null>,layerGroupMetadata={},layerInfo=SecuredLayerInfo[LayerInfoImpl[vec_s2s_vec_radit_boundary_ba3d1cda, resource:FeatureTypeInfoImpl[vec_s2s_vec_radit_boundary_ba3d1cda]]],name=vec_s2s_vec_radit_boundary_ba3d1cda,remoteFeatureSource=<null>,style=<null>,type=0]]
	MaxFeatures = null
	Palette = null
	RawKvp = {_T=1790153980122, REQUEST=GetMap, FORMAT=image/png, SRS=EPSG:3857, BBOX=11153691.16737292,1565430.33928041,11163475.106993424,1575214.2789009125, VERSION=1.1.1, STYLES=, SERVICE=WMS, WIDTH=256, HEIGHT=256, TRANSPARENT=true, LAYERS=ws_30cad3c4:vec_s2s_vec_radit_boundary_ba3d1cda}
	RemoteOwsType = null
	RemoteOwsURL = null
	Request = GetMap
	RequestCharset = UTF-8
	ScaleMethod = null
	Sld = null
	SldBody = null
	SldVersion = null
	SortBy = null
	SortByArrays = null
	SRS = EPSG:3857
	StartIndex = null
	StyleBody = null
	StyleFormat = sld
	Styles = [StyleImpl[ name=style_vec_s2s_vec_radit_boundary_ba3d1cda]]
	StyleUrl = null
	StyleVersion = null
	Tiled = false
	TilesOrigin = null
	Time = []
	Transparent = true
	ValidateSchema = false
	Version = 1.1.1
	ViewParams = null
	Width = 256
23 Sep 08:59:44 INFO   [geoserver.wms] - 
Request: getMap
	Angle = 0.0
	BaseUrl = http://localhost:8080/geoserver/
	Bbox = SRSEnvelope[1.115369116737292E7 : 1.1163475106993424E7, 1555646.3996599081 : 1565430.33928041]
	BgColor = java.awt.Color[r=255,g=255,b=255]
	Buffer = 0
	Clip = null
	CQLFilter = null
	Crs = PROJCS["WGS 84 / Pseudo-Mercator", 
  GEOGCS["WGS 84", 
    DATUM["World Geodetic System 1984", 
      SPHEROID["WGS 84", 6378137.0, 298.257223563, AUTHORITY["EPSG","7030"]], 
      AUTHORITY["EPSG","6326"]], 
    PRIMEM["Greenwich", 0.0, AUTHORITY["EPSG","8901"]], 
    UNIT["degree", 0.017453292519943295], 
    AXIS["Geodetic longitude", EAST], 
    AXIS["Geodetic latitude", NORTH], 
    AUTHORITY["EPSG","4326"]], 
  PROJECTION["Popular Visualisation Pseudo Mercator", AUTHORITY["EPSG","1024"]], 
  PARAMETER["semi_minor", 6378137.0], 
  PARAMETER["latitude_of_origin", 0.0], 
  PARAMETER["central_meridian", 0.0], 
  PARAMETER["scale_factor", 1.0], 
  PARAMETER["false_easting", 0.0], 
  PARAMETER["false_northing", 0.0], 
  UNIT["m", 1.0], 
  AXIS["Easting", EAST], 
  AXIS["Northing", NORTH], 
  AUTHORITY["EPSG","3857"]]
	Elevation = []
	Env = {}
	Exceptions = SE_XML
	FeatureId = null
	FeatureVersion = null
	Filter = null
	Format = image/png
	FormatOptions = {}
	Get = true
	Height = 256
	Interpolations = []
	Layers = [org.geoserver.wms.MapLayerInfo@60c2574d[description=<null>,label=Radit Boundary,layerFeatureConstraints=<null>,layerGroupMetadata={},layerInfo=SecuredLayerInfo[LayerInfoImpl[vec_s2s_vec_radit_boundary_ba3d1cda, resource:FeatureTypeInfoImpl[vec_s2s_vec_radit_boundary_ba3d1cda]]],name=vec_s2s_vec_radit_boundary_ba3d1cda,remoteFeatureSource=<null>,style=<null>,type=0]]
	MaxFeatures = null
	Palette = null
	RawKvp = {_T=1790153980122, REQUEST=GetMap, FORMAT=image/png, SRS=EPSG:3857, BBOX=11153691.16737292,1555646.3996599081,11163475.106993424,1565430.33928041, VERSION=1.1.1, STYLES=, SERVICE=WMS, WIDTH=256, HEIGHT=256, TRANSPARENT=true, LAYERS=ws_30cad3c4:vec_s2s_vec_radit_boundary_ba3d1cda}
	RemoteOwsType = null
	RemoteOwsURL = null
	Request = GetMap
	RequestCharset = UTF-8
	ScaleMethod = null
	Sld = null
	SldBody = null
	SldVersion = null
	SortBy = null
	SortByArrays = null
	SRS = EPSG:3857
	StartIndex = null
	StyleBody = null
	StyleFormat = sld
	Styles = [StyleImpl[ name=style_vec_s2s_vec_radit_boundary_ba3d1cda]]
	StyleUrl = null
	StyleVersion = null
	Tiled = false
	TilesOrigin = null
	Time = []
	Transparent = true
	ValidateSchema = false
	Version = 1.1.1
	ViewParams = null
	Width = 256
23 Sep 08:59:44 INFO   [geoserver.wms] - 
Request: getMap
	Angle = 0.0
	BaseUrl = http://localhost:8080/geoserver/
	Bbox = SRSEnvelope[1.1124339348511413E7 : 1.1134123288131915E7, 1555646.3996599081 : 1565430.33928041]
	BgColor = java.awt.Color[r=255,g=255,b=255]
	Buffer = 0
	Clip = null
	CQLFilter = null
	Crs = PROJCS["WGS 84 / Pseudo-Mercator", 
  GEOGCS["WGS 84", 
    DATUM["World Geodetic System 1984", 
      SPHEROID["WGS 84", 6378137.0, 298.257223563, AUTHORITY["EPSG","7030"]], 
      AUTHORITY["EPSG","6326"]], 
    PRIMEM["Greenwich", 0.0, AUTHORITY["EPSG","8901"]], 
    UNIT["degree", 0.017453292519943295], 
    AXIS["Geodetic longitude", EAST], 
    AXIS["Geodetic latitude", NORTH], 
    AUTHORITY["EPSG","4326"]], 
  PROJECTION["Popular Visualisation Pseudo Mercator", AUTHORITY["EPSG","1024"]], 
  PARAMETER["semi_minor", 6378137.0], 
  PARAMETER["latitude_of_origin", 0.0], 
  PARAMETER["central_meridian", 0.0], 
  PARAMETER["scale_factor", 1.0], 
  PARAMETER["false_easting", 0.0], 
  PARAMETER["false_northing", 0.0], 
  UNIT["m", 1.0], 
  AXIS["Easting", EAST], 
  AXIS["Northing", NORTH], 
  AUTHORITY["EPSG","3857"]]
	Elevation = []
	Env = {}
	Exceptions = SE_XML
	FeatureId = null
	FeatureVersion = null
	Filter = null
	Format = image/png
	FormatOptions = {}
	Get = true
	Height = 256
	Interpolations = []
	Layers = [org.geoserver.wms.MapLayerInfo@58db70f7[description=<null>,label=Radit Boundary,layerFeatureConstraints=<null>,layerGroupMetadata={},layerInfo=SecuredLayerInfo[LayerInfoImpl[vec_s2s_vec_radit_boundary_ba3d1cda, resource:FeatureTypeInfoImpl[vec_s2s_vec_radit_boundary_ba3d1cda]]],name=vec_s2s_vec_radit_boundary_ba3d1cda,remoteFeatureSource=<null>,style=<null>,type=0]]
	MaxFeatures = null
	Palette = null
	RawKvp = {_T=1790153980122, REQUEST=GetMap, FORMAT=image/png, SRS=EPSG:3857, BBOX=11124339.348511413,1555646.3996599081,11134123.288131915,1565430.33928041, VERSION=1.1.1, STYLES=, SERVICE=WMS, WIDTH=256, HEIGHT=256, TRANSPARENT=true, LAYERS=ws_30cad3c4:vec_s2s_vec_radit_boundary_ba3d1cda}
	RemoteOwsType = null
	RemoteOwsURL = null
	Request = GetMap
	RequestCharset = UTF-8
	ScaleMethod = null
	Sld = null
	SldBody = null
	SldVersion = null
	SortBy = null
	SortByArrays = null
	SRS = EPSG:3857
	StartIndex = null
	StyleBody = null
	StyleFormat = sld
	Styles = [StyleImpl[ name=style_vec_s2s_vec_radit_boundary_ba3d1cda]]
	StyleUrl = null
	StyleVersion = null
	Tiled = false
	TilesOrigin = null
	Time = []
	Transparent = true
	ValidateSchema = false
	Version = 1.1.1
	ViewParams = null
	Width = 256
23 Sep 08:59:44 INFO   [geoserver.wms] - 
Request: getMap
	Angle = 0.0
	BaseUrl = http://localhost:8080/geoserver/
	Bbox = SRSEnvelope[1.1124339348511413E7 : 1.1134123288131915E7, 1565430.33928041 : 1575214.2789009125]
	BgColor = java.awt.Color[r=255,g=255,b=255]
	Buffer = 0
	Clip = null
	CQLFilter = null
	Crs = PROJCS["WGS 84 / Pseudo-Mercator", 
  GEOGCS["WGS 84", 
    DATUM["World Geodetic System 1984", 
      SPHEROID["WGS 84", 6378137.0, 298.257223563, AUTHORITY["EPSG","7030"]], 
      AUTHORITY["EPSG","6326"]], 
    PRIMEM["Greenwich", 0.0, AUTHORITY["EPSG","8901"]], 
    UNIT["degree", 0.017453292519943295], 
    AXIS["Geodetic longitude", EAST], 
    AXIS["Geodetic latitude", NORTH], 
    AUTHORITY["EPSG","4326"]], 
  PROJECTION["Popular Visualisation Pseudo Mercator", AUTHORITY["EPSG","1024"]], 
  PARAMETER["semi_minor", 6378137.0], 
  PARAMETER["latitude_of_origin", 0.0], 
  PARAMETER["central_meridian", 0.0], 
  PARAMETER["scale_factor", 1.0], 
  PARAMETER["false_easting", 0.0], 
  PARAMETER["false_northing", 0.0], 
  UNIT["m", 1.0], 
  AXIS["Easting", EAST], 
  AXIS["Northing", NORTH], 
  AUTHORITY["EPSG","3857"]]
	Elevation = []
	Env = {}
	Exceptions = SE_XML
	FeatureId = null
	FeatureVersion = null
	Filter = null
	Format = image/png
	FormatOptions = {}
	Get = true
	Height = 256
	Interpolations = []
	Layers = [org.geoserver.wms.MapLayerInfo@f4d632a[description=<null>,label=Radit Boundary,layerFeatureConstraints=<null>,layerGroupMetadata={},layerInfo=SecuredLayerInfo[LayerInfoImpl[vec_s2s_vec_radit_boundary_ba3d1cda, resource:FeatureTypeInfoImpl[vec_s2s_vec_radit_boundary_ba3d1cda]]],name=vec_s2s_vec_radit_boundary_ba3d1cda,remoteFeatureSource=<null>,style=<null>,type=0]]
	MaxFeatures = null
	Palette = null
	RawKvp = {_T=1790153980122, REQUEST=GetMap, FORMAT=image/png, SRS=EPSG:3857, BBOX=11124339.348511413,1565430.33928041,11134123.288131915,1575214.2789009125, VERSION=1.1.1, STYLES=, SERVICE=WMS, WIDTH=256, HEIGHT=256, TRANSPARENT=true, LAYERS=ws_30cad3c4:vec_s2s_vec_radit_boundary_ba3d1cda}
	RemoteOwsType = null
	RemoteOwsURL = null
	Request = GetMap
	RequestCharset = UTF-8
	ScaleMethod = null
	Sld = null
	SldBody = null
	SldVersion = null
	SortBy = null
	SortByArrays = null
	SRS = EPSG:3857
	StartIndex = null
	StyleBody = null
	StyleFormat = sld
	Styles = [StyleImpl[ name=style_vec_s2s_vec_radit_boundary_ba3d1cda]]
	StyleUrl = null
	StyleVersion = null
	Tiled = false
	TilesOrigin = null
	Time = []
	Transparent = true
	ValidateSchema = false
	Version = 1.1.1
	ViewParams = null
	Width = 256
23 Sep 08:59:44 INFO   [geoserver.wms] - 
Request: getServiceInfo
23 Sep 08:59:44 INFO   [geoserver.flow] - releasing flow controllers for [WMS 1.1.1 GetMap]
23 Sep 08:59:44 INFO   [geoserver.wms] - 
Request: getServiceInfo
23 Sep 08:59:44 INFO   [geoserver.flow] - releasing flow controllers for [WMS 1.1.1 GetMap]
23 Sep 08:59:44 INFO   [geoserver.flow] - Request completed, running requests: 0, blocked requests: 2
23 Sep 08:59:44 INFO   [geoserver.flow] - Request completed, running requests: 0, blocked requests: 1
23 Sep 08:59:44 INFO   [geoserver.flow] - releasing flow controllers for [WMS 1.1.1 GetMap]
23 Sep 08:59:44 INFO   [geoserver.flow] - releasing flow controllers for [WMS 1.1.1 GetMap]
23 Sep 08:59:44 INFO   [geoserver.flow] - Request [WMS 1.1.1 GetMap] starting, processing through flow controllers
23 Sep 08:59:44 INFO   [geoserver.flow] - Request [WMS 1.1.1 GetMap] starting, processing through flow controllers
23 Sep 08:59:44 INFO   [geoserver.flow] - Request completed, running requests: 0, blocked requests: 2
23 Sep 08:59:44 INFO   [geoserver.flow] - Request completed, running requests: 0, blocked requests: 2
23 Sep 08:59:44 INFO   [geoserver.flow] - Request control-flow performed, running requests: 2, blocked requests: 0
23 Sep 08:59:44 INFO   [geoserver.flow] - Request control-flow performed, running requests: 1, blocked requests: 1
23 Sep 08:59:44 INFO   [geoserver.wms] - 
Request: getMap
	Angle = 0.0
	BaseUrl = http://localhost:8080/geoserver/
	Bbox = SRSEnvelope[1.115369116737292E7 : 1.1163475106993424E7, 1545862.4600394047 : 1555646.3996599081]
	BgColor = java.awt.Color[r=255,g=255,b=255]
	Buffer = 0
	Clip = null
	CQLFilter = null
	Crs = PROJCS["WGS 84 / Pseudo-Mercator", 
  GEOGCS["WGS 84", 
    DATUM["World Geodetic System 1984", 
      SPHEROID["WGS 84", 6378137.0, 298.257223563, AUTHORITY["EPSG","7030"]], 
      AUTHORITY["EPSG","6326"]], 
    PRIMEM["Greenwich", 0.0, AUTHORITY["EPSG","8901"]], 
    UNIT["degree", 0.017453292519943295], 
    AXIS["Geodetic longitude", EAST], 
    AXIS["Geodetic latitude", NORTH], 
    AUTHORITY["EPSG","4326"]], 
  PROJECTION["Popular Visualisation Pseudo Mercator", AUTHORITY["EPSG","1024"]], 
  PARAMETER["semi_minor", 6378137.0], 
  PARAMETER["latitude_of_origin", 0.0], 
  PARAMETER["central_meridian", 0.0], 
  PARAMETER["scale_factor", 1.0], 
  PARAMETER["false_easting", 0.0], 
  PARAMETER["false_northing", 0.0], 
  UNIT["m", 1.0], 
  AXIS["Easting", EAST], 
  AXIS["Northing", NORTH], 
  AUTHORITY["EPSG","3857"]]
	Elevation = []
	Env = {}
	Exceptions = SE_XML
	FeatureId = null
	FeatureVersion = null
	Filter = null
	Format = image/png
	FormatOptions = {}
	Get = true
	Height = 256
	Interpolations = []
	Layers = [org.geoserver.wms.MapLayerInfo@55f0ab4a[description=<null>,label=Radit Boundary,layerFeatureConstraints=<null>,layerGroupMetadata={},layerInfo=SecuredLayerInfo[LayerInfoImpl[vec_s2s_vec_radit_boundary_ba3d1cda, resource:FeatureTypeInfoImpl[vec_s2s_vec_radit_boundary_ba3d1cda]]],name=vec_s2s_vec_radit_boundary_ba3d1cda,remoteFeatureSource=<null>,style=<null>,type=0]]
	MaxFeatures = null
	Palette = null
	RawKvp = {_T=1790153980122, REQUEST=GetMap, FORMAT=image/png, SRS=EPSG:3857, BBOX=11153691.16737292,1545862.4600394047,11163475.106993424,1555646.3996599081, VERSION=1.1.1, STYLES=, SERVICE=WMS, WIDTH=256, HEIGHT=256, TRANSPARENT=true, LAYERS=ws_30cad3c4:vec_s2s_vec_radit_boundary_ba3d1cda}
	RemoteOwsType = null
	RemoteOwsURL = null
	Request = GetMap
	RequestCharset = UTF-8
	ScaleMethod = null
	Sld = null
	SldBody = null
	SldVersion = null
	SortBy = null
	SortByArrays = null
	SRS = EPSG:3857
	StartIndex = null
	StyleBody = null
	StyleFormat = sld
	Styles = [StyleImpl[ name=style_vec_s2s_vec_radit_boundary_ba3d1cda]]
	StyleUrl = null
	StyleVersion = null
	Tiled = false
	TilesOrigin = null
	Time = []
	Transparent = true
	ValidateSchema = false
	Version = 1.1.1
	ViewParams = null
	Width = 256
23 Sep 08:59:44 INFO   [geoserver.flow] - releasing flow controllers for [WMS 1.1.1 GetMap]
23 Sep 08:59:44 INFO   [geoserver.flow] - Request completed, running requests: 1, blocked requests: 0
23 Sep 08:59:44 INFO   [geoserver.wms] - 
Request: getMap
	Angle = 0.0
	BaseUrl = http://localhost:8080/geoserver/
	Bbox = SRSEnvelope[1.1124339348511413E7 : 1.1134123288131915E7, 1545862.4600394047 : 1555646.3996599081]
	BgColor = java.awt.Color[r=255,g=255,b=255]
	Buffer = 0
	Clip = null
	CQLFilter = null
	Crs = PROJCS["WGS 84 / Pseudo-Mercator", 
  GEOGCS["WGS 84", 
    DATUM["World Geodetic System 1984", 
      SPHEROID["WGS 84", 6378137.0, 298.257223563, AUTHORITY["EPSG","7030"]], 
      AUTHORITY["EPSG","6326"]], 
    PRIMEM["Greenwich", 0.0, AUTHORITY["EPSG","8901"]], 
    UNIT["degree", 0.017453292519943295], 
    AXIS["Geodetic longitude", EAST], 
    AXIS["Geodetic latitude", NORTH], 
    AUTHORITY["EPSG","4326"]], 
  PROJECTION["Popular Visualisation Pseudo Mercator", AUTHORITY["EPSG","1024"]], 
  PARAMETER["semi_minor", 6378137.0], 
  PARAMETER["latitude_of_origin", 0.0], 
  PARAMETER["central_meridian", 0.0], 
  PARAMETER["scale_factor", 1.0], 
  PARAMETER["false_easting", 0.0], 
  PARAMETER["false_northing", 0.0], 
  UNIT["m", 1.0], 
  AXIS["Easting", EAST], 
  AXIS["Northing", NORTH], 
  AUTHORITY["EPSG","3857"]]
	Elevation = []
	Env = {}
	Exceptions = SE_XML
	FeatureId = null
	FeatureVersion = null
	Filter = null
	Format = image/png
	FormatOptions = {}
	Get = true
	Height = 256
	Interpolations = []
	Layers = [org.geoserver.wms.MapLayerInfo@2156bbfa[description=<null>,label=Radit Boundary,layerFeatureConstraints=<null>,layerGroupMetadata={},layerInfo=SecuredLayerInfo[LayerInfoImpl[vec_s2s_vec_radit_boundary_ba3d1cda, resource:FeatureTypeInfoImpl[vec_s2s_vec_radit_boundary_ba3d1cda]]],name=vec_s2s_vec_radit_boundary_ba3d1cda,remoteFeatureSource=<null>,style=<null>,type=0]]
	MaxFeatures = null
	Palette = null
	RawKvp = {_T=1790153980122, REQUEST=GetMap, FORMAT=image/png, SRS=EPSG:3857, BBOX=11124339.348511413,1545862.4600394047,11134123.288131915,1555646.3996599081, VERSION=1.1.1, STYLES=, SERVICE=WMS, WIDTH=256, HEIGHT=256, TRANSPARENT=true, LAYERS=ws_30cad3c4:vec_s2s_vec_radit_boundary_ba3d1cda}
	RemoteOwsType = null
	RemoteOwsURL = null
	Request = GetMap
	RequestCharset = UTF-8
	ScaleMethod = null
	Sld = null
	SldBody = null
	SldVersion = null
	SortBy = null
	SortByArrays = null
	SRS = EPSG:3857
	StartIndex = null
	StyleBody = null
	StyleFormat = sld
	Styles = [StyleImpl[ name=style_vec_s2s_vec_radit_boundary_ba3d1cda]]
	StyleUrl = null
	StyleVersion = null
	Tiled = false
	TilesOrigin = null
	Time = []
	Transparent = true
	ValidateSchema = false
	Version = 1.1.1
	ViewParams = null
	Width = 256
23 Sep 08:59:44 INFO   [geoserver.flow] - releasing flow controllers for [WMS 1.1.1 GetMap]
23 Sep 08:59:44 INFO   [geoserver.flow] - Request completed, running requests: 0, blocked requests: 0
23 Sep 08:59:45 INFO   [geoserver.wms] - 
Request: getServiceInfo
23 Sep 08:59:45 INFO   [geoserver.wms] - 
Request: getServiceInfo
23 Sep 08:59:45 INFO   [geoserver.flow] - Request [WMS 1.1.1 GetMap] starting, processing through flow controllers
23 Sep 08:59:45 INFO   [geoserver.flow] - Request [WMS 1.1.1 GetMap] starting, processing through flow controllers
23 Sep 08:59:45 INFO   [geoserver.flow] - Request control-flow performed, running requests: 1, blocked requests: 1
23 Sep 08:59:45 INFO   [geoserver.flow] - Request control-flow performed, running requests: 2, blocked requests: 0
23 Sep 08:59:45 INFO   [geoserver.wms] - 
Request: getMap
	Angle = 0.0
	BaseUrl = http://localhost:8080/geoserver/
	Bbox = SRSEnvelope[1.1114555408890909E7 : 1.1124339348511413E7, 1555646.3996599081 : 1565430.33928041]
	BgColor = java.awt.Color[r=255,g=255,b=255]
	Buffer = 0
	Clip = null
	CQLFilter = null
	Crs = PROJCS["WGS 84 / Pseudo-Mercator", 
  GEOGCS["WGS 84", 
    DATUM["World Geodetic System 1984", 
      SPHEROID["WGS 84", 6378137.0, 298.257223563, AUTHORITY["EPSG","7030"]], 
      AUTHORITY["EPSG","6326"]], 
    PRIMEM["Greenwich", 0.0, AUTHORITY["EPSG","8901"]], 
    UNIT["degree", 0.017453292519943295], 
    AXIS["Geodetic longitude", EAST], 
    AXIS["Geodetic latitude", NORTH], 
    AUTHORITY["EPSG","4326"]], 
  PROJECTION["Popular Visualisation Pseudo Mercator", AUTHORITY["EPSG","1024"]], 
  PARAMETER["semi_minor", 6378137.0], 
  PARAMETER["latitude_of_origin", 0.0], 
  PARAMETER["central_meridian", 0.0], 
  PARAMETER["scale_factor", 1.0], 
  PARAMETER["false_easting", 0.0], 
  PARAMETER["false_northing", 0.0], 
  UNIT["m", 1.0], 
  AXIS["Easting", EAST], 
  AXIS["Northing", NORTH], 
  AUTHORITY["EPSG","3857"]]
	Elevation = []
	Env = {}
	Exceptions = SE_XML
	FeatureId = null
	FeatureVersion = null
	Filter = null
	Format = image/png
	FormatOptions = {}
	Get = true
	Height = 256
	Interpolations = []
	Layers = [org.geoserver.wms.MapLayerInfo@6304c0be[description=<null>,label=Radit Boundary,layerFeatureConstraints=<null>,layerGroupMetadata={},layerInfo=SecuredLayerInfo[LayerInfoImpl[vec_s2s_vec_radit_boundary_ba3d1cda, resource:FeatureTypeInfoImpl[vec_s2s_vec_radit_boundary_ba3d1cda]]],name=vec_s2s_vec_radit_boundary_ba3d1cda,remoteFeatureSource=<null>,style=<null>,type=0]]
	MaxFeatures = null
	Palette = null
	RawKvp = {_T=1790153980122, REQUEST=GetMap, FORMAT=image/png, SRS=EPSG:3857, BBOX=11114555.408890909,1555646.3996599081,11124339.348511413,1565430.33928041, VERSION=1.1.1, STYLES=, SERVICE=WMS, WIDTH=256, HEIGHT=256, TRANSPARENT=true, LAYERS=ws_30cad3c4:vec_s2s_vec_radit_boundary_ba3d1cda}
	RemoteOwsType = null
	RemoteOwsURL = null
	Request = GetMap
	RequestCharset = UTF-8
	ScaleMethod = null
	Sld = null
	SldBody = null
	SldVersion = null
	SortBy = null
	SortByArrays = null
	SRS = EPSG:3857
	StartIndex = null
	StyleBody = null
	StyleFormat = sld
	Styles = [StyleImpl[ name=style_vec_s2s_vec_radit_boundary_ba3d1cda]]
	StyleUrl = null
	StyleVersion = null
	Tiled = false
	TilesOrigin = null
	Time = []
	Transparent = true
	ValidateSchema = false
	Version = 1.1.1
	ViewParams = null
	Width = 256
23 Sep 08:59:45 INFO   [geoserver.flow] - releasing flow controllers for [WMS 1.1.1 GetMap]
23 Sep 08:59:45 INFO   [geoserver.flow] - Request completed, running requests: 1, blocked requests: 0
23 Sep 08:59:45 INFO   [geoserver.wms] - 
Request: getMap
	Angle = 0.0
	BaseUrl = http://localhost:8080/geoserver/
	Bbox = SRSEnvelope[1.1114555408890909E7 : 1.1124339348511413E7, 1545862.4600394047 : 1555646.3996599081]
	BgColor = java.awt.Color[r=255,g=255,b=255]
	Buffer = 0
	Clip = null
	CQLFilter = null
	Crs = PROJCS["WGS 84 / Pseudo-Mercator", 
  GEOGCS["WGS 84", 
    DATUM["World Geodetic System 1984", 
      SPHEROID["WGS 84", 6378137.0, 298.257223563, AUTHORITY["EPSG","7030"]], 
      AUTHORITY["EPSG","6326"]], 
    PRIMEM["Greenwich", 0.0, AUTHORITY["EPSG","8901"]], 
    UNIT["degree", 0.017453292519943295], 
    AXIS["Geodetic longitude", EAST], 
    AXIS["Geodetic latitude", NORTH], 
    AUTHORITY["EPSG","4326"]], 
  PROJECTION["Popular Visualisation Pseudo Mercator", AUTHORITY["EPSG","1024"]], 
  PARAMETER["semi_minor", 6378137.0], 
  PARAMETER["latitude_of_origin", 0.0], 
  PARAMETER["central_meridian", 0.0], 
  PARAMETER["scale_factor", 1.0], 
  PARAMETER["false_easting", 0.0], 
  PARAMETER["false_northing", 0.0], 
  UNIT["m", 1.0], 
  AXIS["Easting", EAST], 
  AXIS["Northing", NORTH], 
  AUTHORITY["EPSG","3857"]]
	Elevation = []
	Env = {}
	Exceptions = SE_XML
	FeatureId = null
	FeatureVersion = null
	Filter = null
	Format = image/png
	FormatOptions = {}
	Get = true
	Height = 256
	Interpolations = []
	Layers = [org.geoserver.wms.MapLayerInfo@3f9b0eaa[description=<null>,label=Radit Boundary,layerFeatureConstraints=<null>,layerGroupMetadata={},layerInfo=SecuredLayerInfo[LayerInfoImpl[vec_s2s_vec_radit_boundary_ba3d1cda, resource:FeatureTypeInfoImpl[vec_s2s_vec_radit_boundary_ba3d1cda]]],name=vec_s2s_vec_radit_boundary_ba3d1cda,remoteFeatureSource=<null>,style=<null>,type=0]]
	MaxFeatures = null
	Palette = null
	RawKvp = {_T=1790153980122, REQUEST=GetMap, FORMAT=image/png, SRS=EPSG:3857, BBOX=11114555.408890909,1545862.4600394047,11124339.348511413,1555646.3996599081, VERSION=1.1.1, STYLES=, SERVICE=WMS, WIDTH=256, HEIGHT=256, TRANSPARENT=true, LAYERS=ws_30cad3c4:vec_s2s_vec_radit_boundary_ba3d1cda}
	RemoteOwsType = null
	RemoteOwsURL = null
	Request = GetMap
	RequestCharset = UTF-8
	ScaleMethod = null
	Sld = null
	SldBody = null
	SldVersion = null
	SortBy = null
	SortByArrays = null
	SRS = EPSG:3857
	StartIndex = null
	StyleBody = null
	StyleFormat = sld
	Styles = [StyleImpl[ name=style_vec_s2s_vec_radit_boundary_ba3d1cda]]
	StyleUrl = null
	StyleVersion = null
	Tiled = false
	TilesOrigin = null
	Time = []
	Transparent = true
	ValidateSchema = false
	Version = 1.1.1
	ViewParams = null
	Width = 256
23 Sep 08:59:45 INFO   [geoserver.flow] - releasing flow controllers for [WMS 1.1.1 GetMap]
23 Sep 08:59:45 INFO   [geoserver.flow] - Request completed, running requests: 0, blocked requests: 0
23 Sep 08:59:46 INFO   [geoserver.wms] - 
Request: getServiceInfo
23 Sep 08:59:46 INFO   [geoserver.wms] - 
Request: getServiceInfo
23 Sep 08:59:46 INFO   [geoserver.flow] - Request [WMS 1.1.1 GetMap] starting, processing through flow controllers
23 Sep 08:59:46 INFO   [geoserver.flow] - Request [WMS 1.1.1 GetMap] starting, processing through flow controllers
23 Sep 08:59:46 INFO   [geoserver.flow] - Request control-flow performed, running requests: 1, blocked requests: 1
23 Sep 08:59:46 INFO   [geoserver.flow] - Request control-flow performed, running requests: 2, blocked requests: 0
23 Sep 08:59:46 INFO   [geoserver.wms] - 
Request: getMap
	Angle = 0.0
	BaseUrl = http://localhost:8080/geoserver/
	Bbox = SRSEnvelope[1.1129231318321664E7 : 1.1134123288131915E7, 1555646.3996599081 : 1560538.369470159]
	BgColor = java.awt.Color[r=255,g=255,b=255]
	Buffer = 0
	Clip = null
	CQLFilter = null
	Crs = PROJCS["WGS 84 / Pseudo-Mercator", 
  GEOGCS["WGS 84", 
    DATUM["World Geodetic System 1984", 
      SPHEROID["WGS 84", 6378137.0, 298.257223563, AUTHORITY["EPSG","7030"]], 
      AUTHORITY["EPSG","6326"]], 
    PRIMEM["Greenwich", 0.0, AUTHORITY["EPSG","8901"]], 
    UNIT["degree", 0.017453292519943295], 
    AXIS["Geodetic longitude", EAST], 
    AXIS["Geodetic latitude", NORTH], 
    AUTHORITY["EPSG","4326"]], 
  PROJECTION["Popular Visualisation Pseudo Mercator", AUTHORITY["EPSG","1024"]], 
  PARAMETER["semi_minor", 6378137.0], 
  PARAMETER["latitude_of_origin", 0.0], 
  PARAMETER["central_meridian", 0.0], 
  PARAMETER["scale_factor", 1.0], 
  PARAMETER["false_easting", 0.0], 
  PARAMETER["false_northing", 0.0], 
  UNIT["m", 1.0], 
  AXIS["Easting", EAST], 
  AXIS["Northing", NORTH], 
  AUTHORITY["EPSG","3857"]]
	Elevation = []
	Env = {}
	Exceptions = SE_XML
	FeatureId = null
	FeatureVersion = null
	Filter = null
	Format = image/png
	FormatOptions = {}
	Get = true
	Height = 256
	Interpolations = []
	Layers = [org.geoserver.wms.MapLayerInfo@41a8b28f[description=<null>,label=Radit Boundary,layerFeatureConstraints=<null>,layerGroupMetadata={},layerInfo=SecuredLayerInfo[LayerInfoImpl[vec_s2s_vec_radit_boundary_ba3d1cda, resource:FeatureTypeInfoImpl[vec_s2s_vec_radit_boundary_ba3d1cda]]],name=vec_s2s_vec_radit_boundary_ba3d1cda,remoteFeatureSource=<null>,style=<null>,type=0]]
	MaxFeatures = null
	Palette = null
	RawKvp = {_T=1790153980122, REQUEST=GetMap, FORMAT=image/png, SRS=EPSG:3857, BBOX=11129231.318321664,1555646.3996599081,11134123.288131915,1560538.369470159, VERSION=1.1.1, STYLES=, SERVICE=WMS, WIDTH=256, HEIGHT=256, TRANSPARENT=true, LAYERS=ws_30cad3c4:vec_s2s_vec_radit_boundary_ba3d1cda}
	RemoteOwsType = null
	RemoteOwsURL = null
	Request = GetMap
	RequestCharset = UTF-8
	ScaleMethod = null
	Sld = null
	SldBody = null
	SldVersion = null
	SortBy = null
	SortByArrays = null
	SRS = EPSG:3857
	StartIndex = null
	StyleBody = null
	StyleFormat = sld
	Styles = [StyleImpl[ name=style_vec_s2s_vec_radit_boundary_ba3d1cda]]
	StyleUrl = null
	StyleVersion = null
	Tiled = false
	TilesOrigin = null
	Time = []
	Transparent = true
	ValidateSchema = false
	Version = 1.1.1
	ViewParams = null
	Width = 256
23 Sep 08:59:46 INFO   [geoserver.wms] - 
Request: getServiceInfo
23 Sep 08:59:46 INFO   [geoserver.wms] - 
Request: getServiceInfo
23 Sep 08:59:46 INFO   [geoserver.wms] - 
Request: getServiceInfo
23 Sep 08:59:46 INFO   [geoserver.wms] - 
Request: getMap
	Angle = 0.0
	BaseUrl = http://localhost:8080/geoserver/
	Bbox = SRSEnvelope[1.1129231318321664E7 : 1.1134123288131915E7, 1550754.4298496568 : 1555646.3996599081]
	BgColor = java.awt.Color[r=255,g=255,b=255]
	Buffer = 0
	Clip = null
	CQLFilter = null
	Crs = PROJCS["WGS 84 / Pseudo-Mercator", 
  GEOGCS["WGS 84", 
    DATUM["World Geodetic System 1984", 
      SPHEROID["WGS 84", 6378137.0, 298.257223563, AUTHORITY["EPSG","7030"]], 
      AUTHORITY["EPSG","6326"]], 
    PRIMEM["Greenwich", 0.0, AUTHORITY["EPSG","8901"]], 
    UNIT["degree", 0.017453292519943295], 
    AXIS["Geodetic longitude", EAST], 
    AXIS["Geodetic latitude", NORTH], 
    AUTHORITY["EPSG","4326"]], 
  PROJECTION["Popular Visualisation Pseudo Mercator", AUTHORITY["EPSG","1024"]], 
  PARAMETER["semi_minor", 6378137.0], 
  PARAMETER["latitude_of_origin", 0.0], 
  PARAMETER["central_meridian", 0.0], 
  PARAMETER["scale_factor", 1.0], 
  PARAMETER["false_easting", 0.0], 
  PARAMETER["false_northing", 0.0], 
  UNIT["m", 1.0], 
  AXIS["Easting", EAST], 
  AXIS["Northing", NORTH], 
  AUTHORITY["EPSG","3857"]]
	Elevation = []
	Env = {}
	Exceptions = SE_XML
	FeatureId = null
	FeatureVersion = null
	Filter = null
	Format = image/png
	FormatOptions = {}
	Get = true
	Height = 256
	Interpolations = []
	Layers = [org.geoserver.wms.MapLayerInfo@16ec6f51[description=<null>,label=Radit Boundary,layerFeatureConstraints=<null>,layerGroupMetadata={},layerInfo=SecuredLayerInfo[LayerInfoImpl[vec_s2s_vec_radit_boundary_ba3d1cda, resource:FeatureTypeInfoImpl[vec_s2s_vec_radit_boundary_ba3d1cda]]],name=vec_s2s_vec_radit_boundary_ba3d1cda,remoteFeatureSource=<null>,style=<null>,type=0]]
	MaxFeatures = null
	Palette = null
	RawKvp = {_T=1790153980122, REQUEST=GetMap, FORMAT=image/png, SRS=EPSG:3857, BBOX=11129231.318321664,1550754.4298496568,11134123.288131915,1555646.3996599081, VERSION=1.1.1, STYLES=, SERVICE=WMS, WIDTH=256, HEIGHT=256, TRANSPARENT=true, LAYERS=ws_30cad3c4:vec_s2s_vec_radit_boundary_ba3d1cda}
	RemoteOwsType = null
	RemoteOwsURL = null
	Request = GetMap
	RequestCharset = UTF-8
	ScaleMethod = null
	Sld = null
	SldBody = null
	SldVersion = null
	SortBy = null
	SortByArrays = null
	SRS = EPSG:3857
	StartIndex = null
	StyleBody = null
	StyleFormat = sld
	Styles = [StyleImpl[ name=style_vec_s2s_vec_radit_boundary_ba3d1cda]]
	StyleUrl = null
	StyleVersion = null
	Tiled = false
	TilesOrigin = null
	Time = []
	Transparent = true
	ValidateSchema = false
	Version = 1.1.1
	ViewParams = null
	Width = 256
23 Sep 08:59:46 INFO   [geoserver.wms] - 
Request: getServiceInfo
23 Sep 08:59:46 INFO   [geoserver.flow] - Request [WMS 1.1.1 GetMap] starting, processing through flow controllers
23 Sep 08:59:46 INFO   [geoserver.flow] - Request control-flow performed, running requests: 2, blocked requests: 3
23 Sep 08:59:46 INFO   [geoserver.flow] - releasing flow controllers for [WMS 1.1.1 GetMap]
23 Sep 08:59:46 INFO   [geoserver.flow] - Request [WMS 1.1.1 GetMap] starting, processing through flow controllers
23 Sep 08:59:46 INFO   [geoserver.flow] - Request [WMS 1.1.1 GetMap] starting, processing through flow controllers
23 Sep 08:59:46 INFO   [geoserver.flow] - Request [WMS 1.1.1 GetMap] starting, processing through flow controllers
23 Sep 08:59:46 INFO   [geoserver.flow] - Request completed, running requests: 1, blocked requests: 3
23 Sep 08:59:46 INFO   [geoserver.flow] - releasing flow controllers for [WMS 1.1.1 GetMap]
23 Sep 08:59:46 INFO   [geoserver.wms] - 
Request: getMap
	Angle = 0.0
	BaseUrl = http://localhost:8080/geoserver/
	Bbox = SRSEnvelope[1.1134123288131915E7 : 1.1139015257942166E7, 1550754.4298496568 : 1555646.3996599081]
	BgColor = java.awt.Color[r=255,g=255,b=255]
	Buffer = 0
	Clip = null
	CQLFilter = null
	Crs = PROJCS["WGS 84 / Pseudo-Mercator", 
  GEOGCS["WGS 84", 
    DATUM["World Geodetic System 1984", 
      SPHEROID["WGS 84", 6378137.0, 298.257223563, AUTHORITY["EPSG","7030"]], 
      AUTHORITY["EPSG","6326"]], 
    PRIMEM["Greenwich", 0.0, AUTHORITY["EPSG","8901"]], 
    UNIT["degree", 0.017453292519943295], 
    AXIS["Geodetic longitude", EAST], 
    AXIS["Geodetic latitude", NORTH], 
    AUTHORITY["EPSG","4326"]], 
  PROJECTION["Popular Visualisation Pseudo Mercator", AUTHORITY["EPSG","1024"]], 
  PARAMETER["semi_minor", 6378137.0], 
  PARAMETER["latitude_of_origin", 0.0], 
  PARAMETER["central_meridian", 0.0], 
  PARAMETER["scale_factor", 1.0], 
  PARAMETER["false_easting", 0.0], 
  PARAMETER["false_northing", 0.0], 
  UNIT["m", 1.0], 
  AXIS["Easting", EAST], 
  AXIS["Northing", NORTH], 
  AUTHORITY["EPSG","3857"]]
	Elevation = []
	Env = {}
	Exceptions = SE_XML
	FeatureId = null
	FeatureVersion = null
	Filter = null
	Format = image/png
	FormatOptions = {}
	Get = true
	Height = 256
	Interpolations = []
	Layers = [org.geoserver.wms.MapLayerInfo@41becba6[description=<null>,label=Radit Boundary,layerFeatureConstraints=<null>,layerGroupMetadata={},layerInfo=SecuredLayerInfo[LayerInfoImpl[vec_s2s_vec_radit_boundary_ba3d1cda, resource:FeatureTypeInfoImpl[vec_s2s_vec_radit_boundary_ba3d1cda]]],name=vec_s2s_vec_radit_boundary_ba3d1cda,remoteFeatureSource=<null>,style=<null>,type=0]]
	MaxFeatures = null
	Palette = null
	RawKvp = {_T=1790153980122, REQUEST=GetMap, FORMAT=image/png, SRS=EPSG:3857, BBOX=11134123.288131915,1550754.4298496568,11139015.257942166,1555646.3996599081, VERSION=1.1.1, STYLES=, SERVICE=WMS, WIDTH=256, HEIGHT=256, TRANSPARENT=true, LAYERS=ws_30cad3c4:vec_s2s_vec_radit_boundary_ba3d1cda}
	RemoteOwsType = null
	RemoteOwsURL = null
	Request = GetMap
	RequestCharset = UTF-8
	ScaleMethod = null
	Sld = null
	SldBody = null
	SldVersion = null
	SortBy = null
	SortByArrays = null
	SRS = EPSG:3857
	StartIndex = null
	StyleBody = null
	StyleFormat = sld
	Styles = [StyleImpl[ name=style_vec_s2s_vec_radit_boundary_ba3d1cda]]
	StyleUrl = null
	StyleVersion = null
	Tiled = false
	TilesOrigin = null
	Time = []
	Transparent = true
	ValidateSchema = false
	Version = 1.1.1
	ViewParams = null
	Width = 256
23 Sep 08:59:46 INFO   [geoserver.flow] - Request control-flow performed, running requests: 3, blocked requests: 1
23 Sep 08:59:46 INFO   [geoserver.flow] - Request control-flow performed, running requests: 2, blocked requests: 2
23 Sep 08:59:46 INFO   [geoserver.flow] - Request completed, running requests: 3, blocked requests: 1
23 Sep 08:59:46 INFO   [geoserver.flow] - releasing flow controllers for [WMS 1.1.1 GetMap]
23 Sep 08:59:46 INFO   [geoserver.flow] - Request control-flow performed, running requests: 4, blocked requests: 0
23 Sep 08:59:46 INFO   [geoserver.wms] - 
Request: getServiceInfo
23 Sep 08:59:46 INFO   [geoserver.wms] - 
Request: getMap
	Angle = 0.0
	BaseUrl = http://localhost:8080/geoserver/
	Bbox = SRSEnvelope[1.1124339348511413E7 : 1.1129231318321664E7, 1550754.4298496568 : 1555646.3996599081]
	BgColor = java.awt.Color[r=255,g=255,b=255]
	Buffer = 0
	Clip = null
	CQLFilter = null
	Crs = PROJCS["WGS 84 / Pseudo-Mercator", 
  GEOGCS["WGS 84", 
    DATUM["World Geodetic System 1984", 
      SPHEROID["WGS 84", 6378137.0, 298.257223563, AUTHORITY["EPSG","7030"]], 
      AUTHORITY["EPSG","6326"]], 
    PRIMEM["Greenwich", 0.0, AUTHORITY["EPSG","8901"]], 
    UNIT["degree", 0.017453292519943295], 
    AXIS["Geodetic longitude", EAST], 
    AXIS["Geodetic latitude", NORTH], 
    AUTHORITY["EPSG","4326"]], 
  PROJECTION["Popular Visualisation Pseudo Mercator", AUTHORITY["EPSG","1024"]], 
  PARAMETER["semi_minor", 6378137.0], 
  PARAMETER["latitude_of_origin", 0.0], 
  PARAMETER["central_meridian", 0.0], 
  PARAMETER["scale_factor", 1.0], 
  PARAMETER["false_easting", 0.0], 
  PARAMETER["false_northing", 0.0], 
  UNIT["m", 1.0], 
  AXIS["Easting", EAST], 
  AXIS["Northing", NORTH], 
  AUTHORITY["EPSG","3857"]]
	Elevation = []
	Env = {}
	Exceptions = SE_XML
	FeatureId = null
	FeatureVersion = null
	Filter = null
	Format = image/png
	FormatOptions = {}
	Get = true
	Height = 256
	Interpolations = []
	Layers = [org.geoserver.wms.MapLayerInfo@47977fe6[description=<null>,label=Radit Boundary,layerFeatureConstraints=<null>,layerGroupMetadata={},layerInfo=SecuredLayerInfo[LayerInfoImpl[vec_s2s_vec_radit_boundary_ba3d1cda, resource:FeatureTypeInfoImpl[vec_s2s_vec_radit_boundary_ba3d1cda]]],name=vec_s2s_vec_radit_boundary_ba3d1cda,remoteFeatureSource=<null>,style=<null>,type=0]]
	MaxFeatures = null
	Palette = null
	RawKvp = {_T=1790153980122, REQUEST=GetMap, FORMAT=image/png, SRS=EPSG:3857, BBOX=11124339.348511413,1550754.4298496568,11129231.318321664,1555646.3996599081, VERSION=1.1.1, STYLES=, SERVICE=WMS, WIDTH=256, HEIGHT=256, TRANSPARENT=true, LAYERS=ws_30cad3c4:vec_s2s_vec_radit_boundary_ba3d1cda}
	RemoteOwsType = null
	RemoteOwsURL = null
	Request = GetMap
	RequestCharset = UTF-8
	ScaleMethod = null
	Sld = null
	SldBody = null
	SldVersion = null
	SortBy = null
	SortByArrays = null
	SRS = EPSG:3857
	StartIndex = null
	StyleBody = null
	StyleFormat = sld
	Styles = [StyleImpl[ name=style_vec_s2s_vec_radit_boundary_ba3d1cda]]
	StyleUrl = null
	StyleVersion = null
	Tiled = false
	TilesOrigin = null
	Time = []
	Transparent = true
	ValidateSchema = false
	Version = 1.1.1
	ViewParams = null
	Width = 256
23 Sep 08:59:46 INFO   [geoserver.flow] - releasing flow controllers for [WMS 1.1.1 GetMap]
23 Sep 08:59:46 INFO   [geoserver.flow] - Request completed, running requests: 3, blocked requests: 0
23 Sep 08:59:46 INFO   [geoserver.flow] - Request [WMS 1.1.1 GetMap] starting, processing through flow controllers
23 Sep 08:59:46 INFO   [geoserver.flow] - Request control-flow performed, running requests: 3, blocked requests: 0
23 Sep 08:59:46 INFO   [geoserver.wms] - 
Request: getMap
	Angle = 0.0
	BaseUrl = http://localhost:8080/geoserver/
	Bbox = SRSEnvelope[1.1134123288131915E7 : 1.1139015257942166E7, 1555646.3996599081 : 1560538.369470159]
	BgColor = java.awt.Color[r=255,g=255,b=255]
	Buffer = 0
	Clip = null
	CQLFilter = null
	Crs = PROJCS["WGS 84 / Pseudo-Mercator", 
  GEOGCS["WGS 84", 
    DATUM["World Geodetic System 1984", 
      SPHEROID["WGS 84", 6378137.0, 298.257223563, AUTHORITY["EPSG","7030"]], 
      AUTHORITY["EPSG","6326"]], 
    PRIMEM["Greenwich", 0.0, AUTHORITY["EPSG","8901"]], 
    UNIT["degree", 0.017453292519943295], 
    AXIS["Geodetic longitude", EAST], 
    AXIS["Geodetic latitude", NORTH], 
    AUTHORITY["EPSG","4326"]], 
  PROJECTION["Popular Visualisation Pseudo Mercator", AUTHORITY["EPSG","1024"]], 
  PARAMETER["semi_minor", 6378137.0], 
  PARAMETER["latitude_of_origin", 0.0], 
  PARAMETER["central_meridian", 0.0], 
  PARAMETER["scale_factor", 1.0], 
  PARAMETER["false_easting", 0.0], 
  PARAMETER["false_northing", 0.0], 
  UNIT["m", 1.0], 
  AXIS["Easting", EAST], 
  AXIS["Northing", NORTH], 
  AUTHORITY["EPSG","3857"]]
	Elevation = []
	Env = {}
	Exceptions = SE_XML
	FeatureId = null
	FeatureVersion = null
	Filter = null
	Format = image/png
	FormatOptions = {}
	Get = true
	Height = 256
	Interpolations = []
	Layers = [org.geoserver.wms.MapLayerInfo@cd9208[description=<null>,label=Radit Boundary,layerFeatureConstraints=<null>,layerGroupMetadata={},layerInfo=SecuredLayerInfo[LayerInfoImpl[vec_s2s_vec_radit_boundary_ba3d1cda, resource:FeatureTypeInfoImpl[vec_s2s_vec_radit_boundary_ba3d1cda]]],name=vec_s2s_vec_radit_boundary_ba3d1cda,remoteFeatureSource=<null>,style=<null>,type=0]]
	MaxFeatures = null
	Palette = null
	RawKvp = {_T=1790153980122, REQUEST=GetMap, FORMAT=image/png, SRS=EPSG:3857, BBOX=11134123.288131915,1555646.3996599081,11139015.257942166,1560538.369470159, VERSION=1.1.1, STYLES=, SERVICE=WMS, WIDTH=256, HEIGHT=256, TRANSPARENT=true, LAYERS=ws_30cad3c4:vec_s2s_vec_radit_boundary_ba3d1cda}
	RemoteOwsType = null
	RemoteOwsURL = null
	Request = GetMap
	RequestCharset = UTF-8
	ScaleMethod = null
	Sld = null
	SldBody = null
	SldVersion = null
	SortBy = null
	SortByArrays = null
	SRS = EPSG:3857
	StartIndex = null
	StyleBody = null
	StyleFormat = sld
	Styles = [StyleImpl[ name=style_vec_s2s_vec_radit_boundary_ba3d1cda]]
	StyleUrl = null
	StyleVersion = null
	Tiled = false
	TilesOrigin = null
	Time = []
	Transparent = true
	ValidateSchema = false
	Version = 1.1.1
	ViewParams = null
	Width = 256
23 Sep 08:59:46 INFO   [geoserver.flow] - Request completed, running requests: 2, blocked requests: 1
23 Sep 08:59:46 INFO   [geoserver.wms] - 
Request: getMap
	Angle = 0.0
	BaseUrl = http://localhost:8080/geoserver/
	Bbox = SRSEnvelope[1.1124339348511413E7 : 1.1129231318321664E7, 1555646.3996599081 : 1560538.369470159]
	BgColor = java.awt.Color[r=255,g=255,b=255]
	Buffer = 0
	Clip = null
	CQLFilter = null
	Crs = PROJCS["WGS 84 / Pseudo-Mercator", 
  GEOGCS["WGS 84", 
    DATUM["World Geodetic System 1984", 
      SPHEROID["WGS 84", 6378137.0, 298.257223563, AUTHORITY["EPSG","7030"]], 
      AUTHORITY["EPSG","6326"]], 
    PRIMEM["Greenwich", 0.0, AUTHORITY["EPSG","8901"]], 
    UNIT["degree", 0.017453292519943295], 
    AXIS["Geodetic longitude", EAST], 
    AXIS["Geodetic latitude", NORTH], 
    AUTHORITY["EPSG","4326"]], 
  PROJECTION["Popular Visualisation Pseudo Mercator", AUTHORITY["EPSG","1024"]], 
  PARAMETER["semi_minor", 6378137.0], 
  PARAMETER["latitude_of_origin", 0.0], 
  PARAMETER["central_meridian", 0.0], 
  PARAMETER["scale_factor", 1.0], 
  PARAMETER["false_easting", 0.0], 
  PARAMETER["false_northing", 0.0], 
  UNIT["m", 1.0], 
  AXIS["Easting", EAST], 
  AXIS["Northing", NORTH], 
  AUTHORITY["EPSG","3857"]]
	Elevation = []
	Env = {}
	Exceptions = SE_XML
	FeatureId = null
	FeatureVersion = null
	Filter = null
	Format = image/png
	FormatOptions = {}
	Get = true
	Height = 256
	Interpolations = []
	Layers = [org.geoserver.wms.MapLayerInfo@4e5cd56c[description=<null>,label=Radit Boundary,layerFeatureConstraints=<null>,layerGroupMetadata={},layerInfo=SecuredLayerInfo[LayerInfoImpl[vec_s2s_vec_radit_boundary_ba3d1cda, resource:FeatureTypeInfoImpl[vec_s2s_vec_radit_boundary_ba3d1cda]]],name=vec_s2s_vec_radit_boundary_ba3d1cda,remoteFeatureSource=<null>,style=<null>,type=0]]
	MaxFeatures = null
	Palette = null
	RawKvp = {_T=1790153980122, REQUEST=GetMap, FORMAT=image/png, SRS=EPSG:3857, BBOX=11124339.348511413,1555646.3996599081,11129231.318321664,1560538.369470159, VERSION=1.1.1, STYLES=, SERVICE=WMS, WIDTH=256, HEIGHT=256, TRANSPARENT=true, LAYERS=ws_30cad3c4:vec_s2s_vec_radit_boundary_ba3d1cda}
	RemoteOwsType = null
	RemoteOwsURL = null
	Request = GetMap
	RequestCharset = UTF-8
	ScaleMethod = null
	Sld = null
	SldBody = null
	SldVersion = null
	SortBy = null
	SortByArrays = null
	SRS = EPSG:3857
	StartIndex = null
	StyleBody = null
	StyleFormat = sld
	Styles = [StyleImpl[ name=style_vec_s2s_vec_radit_boundary_ba3d1cda]]
	StyleUrl = null
	StyleVersion = null
	Tiled = false
	TilesOrigin = null
	Time = []
	Transparent = true
	ValidateSchema = false
	Version = 1.1.1
	ViewParams = null
	Width = 256
23 Sep 08:59:46 INFO   [geoserver.wms] - 
Request: getServiceInfo
23 Sep 08:59:46 INFO   [geoserver.wms] - 
Request: getServiceInfo
23 Sep 08:59:46 INFO   [geoserver.flow] - releasing flow controllers for [WMS 1.1.1 GetMap]
23 Sep 08:59:46 INFO   [geoserver.flow] - Request completed, running requests: 1, blocked requests: 2
23 Sep 08:59:46 INFO   [geoserver.flow] - releasing flow controllers for [WMS 1.1.1 GetMap]
23 Sep 08:59:46 INFO   [geoserver.flow] - Request [WMS 1.1.1 GetMap] starting, processing through flow controllers
23 Sep 08:59:46 INFO   [geoserver.wms] - 
Request: getMap
	Angle = 0.0
	BaseUrl = http://localhost:8080/geoserver/
	Bbox = SRSEnvelope[1.1119447378701162E7 : 1.1124339348511413E7, 1555646.3996599081 : 1560538.369470159]
	BgColor = java.awt.Color[r=255,g=255,b=255]
	Buffer = 0
	Clip = null
	CQLFilter = null
	Crs = PROJCS["WGS 84 / Pseudo-Mercator", 
  GEOGCS["WGS 84", 
    DATUM["World Geodetic System 1984", 
      SPHEROID["WGS 84", 6378137.0, 298.257223563, AUTHORITY["EPSG","7030"]], 
      AUTHORITY["EPSG","6326"]], 
    PRIMEM["Greenwich", 0.0, AUTHORITY["EPSG","8901"]], 
    UNIT["degree", 0.017453292519943295], 
    AXIS["Geodetic longitude", EAST], 
    AXIS["Geodetic latitude", NORTH], 
    AUTHORITY["EPSG","4326"]], 
  PROJECTION["Popular Visualisation Pseudo Mercator", AUTHORITY["EPSG","1024"]], 
  PARAMETER["semi_minor", 6378137.0], 
  PARAMETER["latitude_of_origin", 0.0], 
  PARAMETER["central_meridian", 0.0], 
  PARAMETER["scale_factor", 1.0], 
  PARAMETER["false_easting", 0.0], 
  PARAMETER["false_northing", 0.0], 
  UNIT["m", 1.0], 
  AXIS["Easting", EAST], 
  AXIS["Northing", NORTH], 
  AUTHORITY["EPSG","3857"]]
	Elevation = []
	Env = {}
	Exceptions = SE_XML
	FeatureId = null
	FeatureVersion = null
	Filter = null
	Format = image/png
	FormatOptions = {}
	Get = true
	Height = 256
	Interpolations = []
	Layers = [org.geoserver.wms.MapLayerInfo@7812cec5[description=<null>,label=Radit Boundary,layerFeatureConstraints=<null>,layerGroupMetadata={},layerInfo=SecuredLayerInfo[LayerInfoImpl[vec_s2s_vec_radit_boundary_ba3d1cda, resource:FeatureTypeInfoImpl[vec_s2s_vec_radit_boundary_ba3d1cda]]],name=vec_s2s_vec_radit_boundary_ba3d1cda,remoteFeatureSource=<null>,style=<null>,type=0]]
	MaxFeatures = null
	Palette = null
	RawKvp = {_T=1790153980122, REQUEST=GetMap, FORMAT=image/png, SRS=EPSG:3857, BBOX=11119447.378701162,1555646.3996599081,11124339.348511413,1560538.369470159, VERSION=1.1.1, STYLES=, SERVICE=WMS, WIDTH=256, HEIGHT=256, TRANSPARENT=true, LAYERS=ws_30cad3c4:vec_s2s_vec_radit_boundary_ba3d1cda}
	RemoteOwsType = null
	RemoteOwsURL = null
	Request = GetMap
	RequestCharset = UTF-8
	ScaleMethod = null
	Sld = null
	SldBody = null
	SldVersion = null
	SortBy = null
	SortByArrays = null
	SRS = EPSG:3857
	StartIndex = null
	StyleBody = null
	StyleFormat = sld
	Styles = [StyleImpl[ name=style_vec_s2s_vec_radit_boundary_ba3d1cda]]
	StyleUrl = null
	StyleVersion = null
	Tiled = false
	TilesOrigin = null
	Time = []
	Transparent = true
	ValidateSchema = false
	Version = 1.1.1
	ViewParams = null
	Width = 256
23 Sep 08:59:46 INFO   [geoserver.wms] - 
Request: getServiceInfo
23 Sep 08:59:46 INFO   [geoserver.flow] - Request [WMS 1.1.1 GetMap] starting, processing through flow controllers
23 Sep 08:59:46 INFO   [geoserver.flow] - Request control-flow performed, running requests: 2, blocked requests: 1
23 Sep 08:59:46 INFO   [geoserver.flow] - Request [WMS 1.1.1 GetMap] starting, processing through flow controllers
23 Sep 08:59:46 INFO   [geoserver.flow] - Request completed, running requests: 2, blocked requests: 1
23 Sep 08:59:46 INFO   [geoserver.flow] - Request control-flow performed, running requests: 3, blocked requests: 1
23 Sep 08:59:46 INFO   [geoserver.flow] - Request control-flow performed, running requests: 3, blocked requests: 0
23 Sep 08:59:46 INFO   [geoserver.wms] - 
Request: getMap
	Angle = 0.0
	BaseUrl = http://localhost:8080/geoserver/
	Bbox = SRSEnvelope[1.1119447378701162E7 : 1.1124339348511413E7, 1550754.4298496568 : 1555646.3996599081]
	BgColor = java.awt.Color[r=255,g=255,b=255]
	Buffer = 0
	Clip = null
	CQLFilter = null
	Crs = PROJCS["WGS 84 / Pseudo-Mercator", 
  GEOGCS["WGS 84", 
    DATUM["World Geodetic System 1984", 
      SPHEROID["WGS 84", 6378137.0, 298.257223563, AUTHORITY["EPSG","7030"]], 
      AUTHORITY["EPSG","6326"]], 
    PRIMEM["Greenwich", 0.0, AUTHORITY["EPSG","8901"]], 
    UNIT["degree", 0.017453292519943295], 
    AXIS["Geodetic longitude", EAST], 
    AXIS["Geodetic latitude", NORTH], 
    AUTHORITY["EPSG","4326"]], 
  PROJECTION["Popular Visualisation Pseudo Mercator", AUTHORITY["EPSG","1024"]], 
  PARAMETER["semi_minor", 6378137.0], 
  PARAMETER["latitude_of_origin", 0.0], 
  PARAMETER["central_meridian", 0.0], 
  PARAMETER["scale_factor", 1.0], 
  PARAMETER["false_easting", 0.0], 
  PARAMETER["false_northing", 0.0], 
  UNIT["m", 1.0], 
  AXIS["Easting", EAST], 
  AXIS["Northing", NORTH], 
  AUTHORITY["EPSG","3857"]]
	Elevation = []
	Env = {}
	Exceptions = SE_XML
	FeatureId = null
	FeatureVersion = null
	Filter = null
	Format = image/png
	FormatOptions = {}
	Get = true
	Height = 256
	Interpolations = []
	Layers = [org.geoserver.wms.MapLayerInfo@3af239d6[description=<null>,label=Radit Boundary,layerFeatureConstraints=<null>,layerGroupMetadata={},layerInfo=SecuredLayerInfo[LayerInfoImpl[vec_s2s_vec_radit_boundary_ba3d1cda, resource:FeatureTypeInfoImpl[vec_s2s_vec_radit_boundary_ba3d1cda]]],name=vec_s2s_vec_radit_boundary_ba3d1cda,remoteFeatureSource=<null>,style=<null>,type=0]]
	MaxFeatures = null
	Palette = null
	RawKvp = {_T=1790153980122, REQUEST=GetMap, FORMAT=image/png, SRS=EPSG:3857, BBOX=11119447.378701162,1550754.4298496568,11124339.348511413,1555646.3996599081, VERSION=1.1.1, STYLES=, SERVICE=WMS, WIDTH=256, HEIGHT=256, TRANSPARENT=true, LAYERS=ws_30cad3c4:vec_s2s_vec_radit_boundary_ba3d1cda}
	RemoteOwsType = null
	RemoteOwsURL = null
	Request = GetMap
	RequestCharset = UTF-8
	ScaleMethod = null
	Sld = null
	SldBody = null
	SldVersion = null
	SortBy = null
	SortByArrays = null
	SRS = EPSG:3857
	StartIndex = null
	StyleBody = null
	StyleFormat = sld
	Styles = [StyleImpl[ name=style_vec_s2s_vec_radit_boundary_ba3d1cda]]
	StyleUrl = null
	StyleVersion = null
	Tiled = false
	TilesOrigin = null
	Time = []
	Transparent = true
	ValidateSchema = false
	Version = 1.1.1
	ViewParams = null
	Width = 256
23 Sep 08:59:46 INFO   [geoserver.flow] - releasing flow controllers for [WMS 1.1.1 GetMap]
23 Sep 08:59:46 INFO   [geoserver.flow] - Request completed, running requests: 3, blocked requests: 0
23 Sep 08:59:46 INFO   [geoserver.flow] - releasing flow controllers for [WMS 1.1.1 GetMap]
23 Sep 08:59:46 INFO   [geoserver.wms] - 
Request: getMap
	Angle = 0.0
	BaseUrl = http://localhost:8080/geoserver/
	Bbox = SRSEnvelope[1.1139015257942166E7 : 1.1143907227752417E7, 1555646.3996599081 : 1560538.369470159]
	BgColor = java.awt.Color[r=255,g=255,b=255]
	Buffer = 0
	Clip = null
	CQLFilter = null
	Crs = PROJCS["WGS 84 / Pseudo-Mercator", 
  GEOGCS["WGS 84", 
    DATUM["World Geodetic System 1984", 
      SPHEROID["WGS 84", 6378137.0, 298.257223563, AUTHORITY["EPSG","7030"]], 
      AUTHORITY["EPSG","6326"]], 
    PRIMEM["Greenwich", 0.0, AUTHORITY["EPSG","8901"]], 
    UNIT["degree", 0.017453292519943295], 
    AXIS["Geodetic longitude", EAST], 
    AXIS["Geodetic latitude", NORTH], 
    AUTHORITY["EPSG","4326"]], 
  PROJECTION["Popular Visualisation Pseudo Mercator", AUTHORITY["EPSG","1024"]], 
  PARAMETER["semi_minor", 6378137.0], 
  PARAMETER["latitude_of_origin", 0.0], 
  PARAMETER["central_meridian", 0.0], 
  PARAMETER["scale_factor", 1.0], 
  PARAMETER["false_easting", 0.0], 
  PARAMETER["false_northing", 0.0], 
  UNIT["m", 1.0], 
  AXIS["Easting", EAST], 
  AXIS["Northing", NORTH], 
  AUTHORITY["EPSG","3857"]]
	Elevation = []
	Env = {}
	Exceptions = SE_XML
	FeatureId = null
	FeatureVersion = null
	Filter = null
	Format = image/png
	FormatOptions = {}
	Get = true
	Height = 256
	Interpolations = []
	Layers = [org.geoserver.wms.MapLayerInfo@1c3819ef[description=<null>,label=Radit Boundary,layerFeatureConstraints=<null>,layerGroupMetadata={},layerInfo=SecuredLayerInfo[LayerInfoImpl[vec_s2s_vec_radit_boundary_ba3d1cda, resource:FeatureTypeInfoImpl[vec_s2s_vec_radit_boundary_ba3d1cda]]],name=vec_s2s_vec_radit_boundary_ba3d1cda,remoteFeatureSource=<null>,style=<null>,type=0]]
	MaxFeatures = null
	Palette = null
	RawKvp = {_T=1790153980122, REQUEST=GetMap, FORMAT=image/png, SRS=EPSG:3857, BBOX=11139015.257942166,1555646.3996599081,11143907.227752417,1560538.369470159, VERSION=1.1.1, STYLES=, SERVICE=WMS, WIDTH=256, HEIGHT=256, TRANSPARENT=true, LAYERS=ws_30cad3c4:vec_s2s_vec_radit_boundary_ba3d1cda}
	RemoteOwsType = null
	RemoteOwsURL = null
	Request = GetMap
	RequestCharset = UTF-8
	ScaleMethod = null
	Sld = null
	SldBody = null
	SldVersion = null
	SortBy = null
	SortByArrays = null
	SRS = EPSG:3857
	StartIndex = null
	StyleBody = null
	StyleFormat = sld
	Styles = [StyleImpl[ name=style_vec_s2s_vec_radit_boundary_ba3d1cda]]
	StyleUrl = null
	StyleVersion = null
	Tiled = false
	TilesOrigin = null
	Time = []
	Transparent = true
	ValidateSchema = false
	Version = 1.1.1
	ViewParams = null
	Width = 256
23 Sep 08:59:46 INFO   [geoserver.wms] - 
Request: getMap
	Angle = 0.0
	BaseUrl = http://localhost:8080/geoserver/
	Bbox = SRSEnvelope[1.1139015257942166E7 : 1.1143907227752417E7, 1550754.4298496568 : 1555646.3996599081]
	BgColor = java.awt.Color[r=255,g=255,b=255]
	Buffer = 0
	Clip = null
	CQLFilter = null
	Crs = PROJCS["WGS 84 / Pseudo-Mercator", 
  GEOGCS["WGS 84", 
    DATUM["World Geodetic System 1984", 
      SPHEROID["WGS 84", 6378137.0, 298.257223563, AUTHORITY["EPSG","7030"]], 
      AUTHORITY["EPSG","6326"]], 
    PRIMEM["Greenwich", 0.0, AUTHORITY["EPSG","8901"]], 
    UNIT["degree", 0.017453292519943295], 
    AXIS["Geodetic longitude", EAST], 
    AXIS["Geodetic latitude", NORTH], 
    AUTHORITY["EPSG","4326"]], 
  PROJECTION["Popular Visualisation Pseudo Mercator", AUTHORITY["EPSG","1024"]], 
  PARAMETER["semi_minor", 6378137.0], 
  PARAMETER["latitude_of_origin", 0.0], 
  PARAMETER["central_meridian", 0.0], 
  PARAMETER["scale_factor", 1.0], 
  PARAMETER["false_easting", 0.0], 
  PARAMETER["false_northing", 0.0], 
  UNIT["m", 1.0], 
  AXIS["Easting", EAST], 
  AXIS["Northing", NORTH], 
  AUTHORITY["EPSG","3857"]]
	Elevation = []
	Env = {}
	Exceptions = SE_XML
	FeatureId = null
	FeatureVersion = null
	Filter = null
	Format = image/png
	FormatOptions = {}
	Get = true
	Height = 256
	Interpolations = []
	Layers = [org.geoserver.wms.MapLayerInfo@722ffa9a[description=<null>,label=Radit Boundary,layerFeatureConstraints=<null>,layerGroupMetadata={},layerInfo=SecuredLayerInfo[LayerInfoImpl[vec_s2s_vec_radit_boundary_ba3d1cda, resource:FeatureTypeInfoImpl[vec_s2s_vec_radit_boundary_ba3d1cda]]],name=vec_s2s_vec_radit_boundary_ba3d1cda,remoteFeatureSource=<null>,style=<null>,type=0]]
	MaxFeatures = null
	Palette = null
	RawKvp = {_T=1790153980122, REQUEST=GetMap, FORMAT=image/png, SRS=EPSG:3857, BBOX=11139015.257942166,1550754.4298496568,11143907.227752417,1555646.3996599081, VERSION=1.1.1, STYLES=, SERVICE=WMS, WIDTH=256, HEIGHT=256, TRANSPARENT=true, LAYERS=ws_30cad3c4:vec_s2s_vec_radit_boundary_ba3d1cda}
	RemoteOwsType = null
	RemoteOwsURL = null
	Request = GetMap
	RequestCharset = UTF-8
	ScaleMethod = null
	Sld = null
	SldBody = null
	SldVersion = null
	SortBy = null
	SortByArrays = null
	SRS = EPSG:3857
	StartIndex = null
	StyleBody = null
	StyleFormat = sld
	Styles = [StyleImpl[ name=style_vec_s2s_vec_radit_boundary_ba3d1cda]]
	StyleUrl = null
	StyleVersion = null
	Tiled = false
	TilesOrigin = null
	Time = []
	Transparent = true
	ValidateSchema = false
	Version = 1.1.1
	ViewParams = null
	Width = 256
23 Sep 08:59:46 INFO   [geoserver.flow] - Request completed, running requests: 2, blocked requests: 0
23 Sep 08:59:46 INFO   [geoserver.flow] - releasing flow controllers for [WMS 1.1.1 GetMap]
23 Sep 08:59:46 INFO   [geoserver.flow] - releasing flow controllers for [WMS 1.1.1 GetMap]
23 Sep 08:59:46 INFO   [geoserver.flow] - Request completed, running requests: 0, blocked requests: 0
23 Sep 08:59:46 INFO   [geoserver.flow] - Request completed, running requests: 0, blocked requests: 0
23 Sep 08:59:46 INFO   [geoserver.wms] - 
Request: getServiceInfo
23 Sep 08:59:46 INFO   [geoserver.wms] - 
Request: getServiceInfo
23 Sep 08:59:46 INFO   [geoserver.flow] - Request [WMS 1.1.1 GetMap] starting, processing through flow controllers
23 Sep 08:59:46 INFO   [geoserver.flow] - Request [WMS 1.1.1 GetMap] starting, processing through flow controllers
23 Sep 08:59:46 INFO   [geoserver.wms] - 
Request: getServiceInfo
23 Sep 08:59:46 INFO   [geoserver.flow] - Request control-flow performed, running requests: 1, blocked requests: 1
23 Sep 08:59:46 INFO   [geoserver.flow] - Request [WMS 1.1.1 GetMap] starting, processing through flow controllers
23 Sep 08:59:46 INFO   [geoserver.wms] - 
Request: getServiceInfo
23 Sep 08:59:46 INFO   [geoserver.wms] - 
Request: getServiceInfo
23 Sep 08:59:46 INFO   [geoserver.flow] - Request control-flow performed, running requests: 3, blocked requests: 0
23 Sep 08:59:46 INFO   [geoserver.flow] - Request control-flow performed, running requests: 2, blocked requests: 0
23 Sep 08:59:46 INFO   [geoserver.flow] - Request [WMS 1.1.1 GetMap] starting, processing through flow controllers
23 Sep 08:59:46 INFO   [geoserver.flow] - Request control-flow performed, running requests: 4, blocked requests: 1
23 Sep 08:59:46 INFO   [geoserver.wms] - 
Request: getMap
	Angle = 0.0
	BaseUrl = http://localhost:8080/geoserver/
	Bbox = SRSEnvelope[1.1129231318321664E7 : 1.113167730322679E7, 1553200.414754782 : 1555646.3996599081]
	BgColor = java.awt.Color[r=255,g=255,b=255]
	Buffer = 0
	Clip = null
	CQLFilter = null
	Crs = PROJCS["WGS 84 / Pseudo-Mercator", 
  GEOGCS["WGS 84", 
    DATUM["World Geodetic System 1984", 
      SPHEROID["WGS 84", 6378137.0, 298.257223563, AUTHORITY["EPSG","7030"]], 
      AUTHORITY["EPSG","6326"]], 
    PRIMEM["Greenwich", 0.0, AUTHORITY["EPSG","8901"]], 
    UNIT["degree", 0.017453292519943295], 
    AXIS["Geodetic longitude", EAST], 
    AXIS["Geodetic latitude", NORTH], 
    AUTHORITY["EPSG","4326"]], 
  PROJECTION["Popular Visualisation Pseudo Mercator", AUTHORITY["EPSG","1024"]], 
  PARAMETER["semi_minor", 6378137.0], 
  PARAMETER["latitude_of_origin", 0.0], 
  PARAMETER["central_meridian", 0.0], 
  PARAMETER["scale_factor", 1.0], 
  PARAMETER["false_easting", 0.0], 
  PARAMETER["false_northing", 0.0], 
  UNIT["m", 1.0], 
  AXIS["Easting", EAST], 
  AXIS["Northing", NORTH], 
  AUTHORITY["EPSG","3857"]]
	Elevation = []
	Env = {}
	Exceptions = SE_XML
	FeatureId = null
	FeatureVersion = null
	Filter = null
	Format = image/png
	FormatOptions = {}
	Get = true
	Height = 256
	Interpolations = []
	Layers = [org.geoserver.wms.MapLayerInfo@260bf0a8[description=<null>,label=Radit Boundary,layerFeatureConstraints=<null>,layerGroupMetadata={},layerInfo=SecuredLayerInfo[LayerInfoImpl[vec_s2s_vec_radit_boundary_ba3d1cda, resource:FeatureTypeInfoImpl[vec_s2s_vec_radit_boundary_ba3d1cda]]],name=vec_s2s_vec_radit_boundary_ba3d1cda,remoteFeatureSource=<null>,style=<null>,type=0]]
	MaxFeatures = null
	Palette = null
	RawKvp = {_T=1790153980122, REQUEST=GetMap, FORMAT=image/png, SRS=EPSG:3857, BBOX=11129231.318321664,1553200.414754782,11131677.30322679,1555646.3996599081, VERSION=1.1.1, STYLES=, SERVICE=WMS, WIDTH=256, HEIGHT=256, TRANSPARENT=true, LAYERS=ws_30cad3c4:vec_s2s_vec_radit_boundary_ba3d1cda}
	RemoteOwsType = null
	RemoteOwsURL = null
	Request = GetMap
	RequestCharset = UTF-8
	ScaleMethod = null
	Sld = null
	SldBody = null
	SldVersion = null
	SortBy = null
	SortByArrays = null
	SRS = EPSG:3857
	StartIndex = null
	StyleBody = null
	StyleFormat = sld
	Styles = [StyleImpl[ name=style_vec_s2s_vec_radit_boundary_ba3d1cda]]
	StyleUrl = null
	StyleVersion = null
	Tiled = false
	TilesOrigin = null
	Time = []
	Transparent = true
	ValidateSchema = false
	Version = 1.1.1
	ViewParams = null
	Width = 256
23 Sep 08:59:46 INFO   [geoserver.wms] - 
Request: getServiceInfo
23 Sep 08:59:46 INFO   [geoserver.flow] - Request [WMS 1.1.1 GetMap] starting, processing through flow controllers
23 Sep 08:59:46 INFO   [geoserver.wms] - 
Request: getMap
	Angle = 0.0
	BaseUrl = http://localhost:8080/geoserver/
	Bbox = SRSEnvelope[1.1126785333416538E7 : 1.1129231318321664E7, 1553200.414754782 : 1555646.3996599081]
	BgColor = java.awt.Color[r=255,g=255,b=255]
	Buffer = 0
	Clip = null
	CQLFilter = null
	Crs = PROJCS["WGS 84 / Pseudo-Mercator", 
  GEOGCS["WGS 84", 
    DATUM["World Geodetic System 1984", 
      SPHEROID["WGS 84", 6378137.0, 298.257223563, AUTHORITY["EPSG","7030"]], 
      AUTHORITY["EPSG","6326"]], 
    PRIMEM["Greenwich", 0.0, AUTHORITY["EPSG","8901"]], 
    UNIT["degree", 0.017453292519943295], 
    AXIS["Geodetic longitude", EAST], 
    AXIS["Geodetic latitude", NORTH], 
    AUTHORITY["EPSG","4326"]], 
  PROJECTION["Popular Visualisation Pseudo Mercator", AUTHORITY["EPSG","1024"]], 
  PARAMETER["semi_minor", 6378137.0], 
  PARAMETER["latitude_of_origin", 0.0], 
  PARAMETER["central_meridian", 0.0], 
  PARAMETER["scale_factor", 1.0], 
  PARAMETER["false_easting", 0.0], 
  PARAMETER["false_northing", 0.0], 
  UNIT["m", 1.0], 
  AXIS["Easting", EAST], 
  AXIS["Northing", NORTH], 
  AUTHORITY["EPSG","3857"]]
	Elevation = []
	Env = {}
	Exceptions = SE_XML
	FeatureId = null
	FeatureVersion = null
	Filter = null
	Format = image/png
	FormatOptions = {}
	Get = true
	Height = 256
	Interpolations = []
	Layers = [org.geoserver.wms.MapLayerInfo@124275e5[description=<null>,label=Radit Boundary,layerFeatureConstraints=<null>,layerGroupMetadata={},layerInfo=SecuredLayerInfo[LayerInfoImpl[vec_s2s_vec_radit_boundary_ba3d1cda, resource:FeatureTypeInfoImpl[vec_s2s_vec_radit_boundary_ba3d1cda]]],name=vec_s2s_vec_radit_boundary_ba3d1cda,remoteFeatureSource=<null>,style=<null>,type=0]]
	MaxFeatures = null
	Palette = null
	RawKvp = {_T=1790153980122, REQUEST=GetMap, FORMAT=image/png, SRS=EPSG:3857, BBOX=11126785.333416538,1553200.414754782,11129231.318321664,1555646.3996599081, VERSION=1.1.1, STYLES=, SERVICE=WMS, WIDTH=256, HEIGHT=256, TRANSPARENT=true, LAYERS=ws_30cad3c4:vec_s2s_vec_radit_boundary_ba3d1cda}
	RemoteOwsType = null
	RemoteOwsURL = null
	Request = GetMap
	RequestCharset = UTF-8
	ScaleMethod = null
	Sld = null
	SldBody = null
	SldVersion = null
	SortBy = null
	SortByArrays = null
	SRS = EPSG:3857
	StartIndex = null
	StyleBody = null
	StyleFormat = sld
	Styles = [StyleImpl[ name=style_vec_s2s_vec_radit_boundary_ba3d1cda]]
	StyleUrl = null
	StyleVersion = null
	Tiled = false
	TilesOrigin = null
	Time = []
	Transparent = true
	ValidateSchema = false
	Version = 1.1.1
	ViewParams = null
	Width = 256
23 Sep 08:59:46 INFO   [geoserver.flow] - Request [WMS 1.1.1 GetMap] starting, processing through flow controllers
23 Sep 08:59:46 INFO   [geoserver.flow] - releasing flow controllers for [WMS 1.1.1 GetMap]
23 Sep 08:59:46 INFO   [geoserver.wms] - 
Request: getMap
	Angle = 0.0
	BaseUrl = http://localhost:8080/geoserver/
	Bbox = SRSEnvelope[1.1126785333416538E7 : 1.1129231318321664E7, 1555646.3996599081 : 1558092.3845650323]
	BgColor = java.awt.Color[r=255,g=255,b=255]
	Buffer = 0
	Clip = null
	CQLFilter = null
	Crs = PROJCS["WGS 84 / Pseudo-Mercator", 
  GEOGCS["WGS 84", 
    DATUM["World Geodetic System 1984", 
      SPHEROID["WGS 84", 6378137.0, 298.257223563, AUTHORITY["EPSG","7030"]], 
      AUTHORITY["EPSG","6326"]], 
    PRIMEM["Greenwich", 0.0, AUTHORITY["EPSG","8901"]], 
    UNIT["degree", 0.017453292519943295], 
    AXIS["Geodetic longitude", EAST], 
    AXIS["Geodetic latitude", NORTH], 
    AUTHORITY["EPSG","4326"]], 
  PROJECTION["Popular Visualisation Pseudo Mercator", AUTHORITY["EPSG","1024"]], 
  PARAMETER["semi_minor", 6378137.0], 
  PARAMETER["latitude_of_origin", 0.0], 
  PARAMETER["central_meridian", 0.0], 
  PARAMETER["scale_factor", 1.0], 
  PARAMETER["false_easting", 0.0], 
  PARAMETER["false_northing", 0.0], 
  UNIT["m", 1.0], 
  AXIS["Easting", EAST], 
  AXIS["Northing", NORTH], 
  AUTHORITY["EPSG","3857"]]
	Elevation = []
	Env = {}
	Exceptions = SE_XML
	FeatureId = null
	FeatureVersion = null
	Filter = null
	Format = image/png
	FormatOptions = {}
	Get = true
	Height = 256
	Interpolations = []
	Layers = [org.geoserver.wms.MapLayerInfo@38a94983[description=<null>,label=Radit Boundary,layerFeatureConstraints=<null>,layerGroupMetadata={},layerInfo=SecuredLayerInfo[LayerInfoImpl[vec_s2s_vec_radit_boundary_ba3d1cda, resource:FeatureTypeInfoImpl[vec_s2s_vec_radit_boundary_ba3d1cda]]],name=vec_s2s_vec_radit_boundary_ba3d1cda,remoteFeatureSource=<null>,style=<null>,type=0]]
	MaxFeatures = null
	Palette = null
	RawKvp = {_T=1790153980122, REQUEST=GetMap, FORMAT=image/png, SRS=EPSG:3857, BBOX=11126785.333416538,1555646.3996599081,11129231.318321664,1558092.3845650323, VERSION=1.1.1, STYLES=, SERVICE=WMS, WIDTH=256, HEIGHT=256, TRANSPARENT=true, LAYERS=ws_30cad3c4:vec_s2s_vec_radit_boundary_ba3d1cda}
	RemoteOwsType = null
	RemoteOwsURL = null
	Request = GetMap
	RequestCharset = UTF-8
	ScaleMethod = null
	Sld = null
	SldBody = null
	SldVersion = null
	SortBy = null
	SortByArrays = null
	SRS = EPSG:3857
	StartIndex = null
	StyleBody = null
	StyleFormat = sld
	Styles = [StyleImpl[ name=style_vec_s2s_vec_radit_boundary_ba3d1cda]]
	StyleUrl = null
	StyleVersion = null
	Tiled = false
	TilesOrigin = null
	Time = []
	Transparent = true
	ValidateSchema = false
	Version = 1.1.1
	ViewParams = null
	Width = 256
23 Sep 08:59:46 INFO   [geoserver.wms] - 
Request: getMap
	Angle = 0.0
	BaseUrl = http://localhost:8080/geoserver/
	Bbox = SRSEnvelope[1.113167730322679E7 : 1.1134123288131915E7, 1555646.3996599081 : 1558092.3845650323]
	BgColor = java.awt.Color[r=255,g=255,b=255]
	Buffer = 0
	Clip = null
	CQLFilter = null
	Crs = PROJCS["WGS 84 / Pseudo-Mercator", 
  GEOGCS["WGS 84", 
    DATUM["World Geodetic System 1984", 
      SPHEROID["WGS 84", 6378137.0, 298.257223563, AUTHORITY["EPSG","7030"]], 
      AUTHORITY["EPSG","6326"]], 
    PRIMEM["Greenwich", 0.0, AUTHORITY["EPSG","8901"]], 
    UNIT["degree", 0.017453292519943295], 
    AXIS["Geodetic longitude", EAST], 
    AXIS["Geodetic latitude", NORTH], 
    AUTHORITY["EPSG","4326"]], 
  PROJECTION["Popular Visualisation Pseudo Mercator", AUTHORITY["EPSG","1024"]], 
  PARAMETER["semi_minor", 6378137.0], 
  PARAMETER["latitude_of_origin", 0.0], 
  PARAMETER["central_meridian", 0.0], 
  PARAMETER["scale_factor", 1.0], 
  PARAMETER["false_easting", 0.0], 
  PARAMETER["false_northing", 0.0], 
  UNIT["m", 1.0], 
  AXIS["Easting", EAST], 
  AXIS["Northing", NORTH], 
  AUTHORITY["EPSG","3857"]]
	Elevation = []
	Env = {}
	Exceptions = SE_XML
	FeatureId = null
	FeatureVersion = null
	Filter = null
	Format = image/png
	FormatOptions = {}
	Get = true
	Height = 256
	Interpolations = []
	Layers = [org.geoserver.wms.MapLayerInfo@3fa7aef7[description=<null>,label=Radit Boundary,layerFeatureConstraints=<null>,layerGroupMetadata={},layerInfo=SecuredLayerInfo[LayerInfoImpl[vec_s2s_vec_radit_boundary_ba3d1cda, resource:FeatureTypeInfoImpl[vec_s2s_vec_radit_boundary_ba3d1cda]]],name=vec_s2s_vec_radit_boundary_ba3d1cda,remoteFeatureSource=<null>,style=<null>,type=0]]
	MaxFeatures = null
	Palette = null
	RawKvp = {_T=1790153980122, REQUEST=GetMap, FORMAT=image/png, SRS=EPSG:3857, BBOX=11131677.30322679,1555646.3996599081,11134123.288131915,1558092.3845650323, VERSION=1.1.1, STYLES=, SERVICE=WMS, WIDTH=256, HEIGHT=256, TRANSPARENT=true, LAYERS=ws_30cad3c4:vec_s2s_vec_radit_boundary_ba3d1cda}
	RemoteOwsType = null
	RemoteOwsURL = null
	Request = GetMap
	RequestCharset = UTF-8
	ScaleMethod = null
	Sld = null
	SldBody = null
	SldVersion = null
	SortBy = null
	SortByArrays = null
	SRS = EPSG:3857
	StartIndex = null
	StyleBody = null
	StyleFormat = sld
	Styles = [StyleImpl[ name=style_vec_s2s_vec_radit_boundary_ba3d1cda]]
	StyleUrl = null
	StyleVersion = null
	Tiled = false
	TilesOrigin = null
	Time = []
	Transparent = true
	ValidateSchema = false
	Version = 1.1.1
	ViewParams = null
	Width = 256
23 Sep 08:59:46 INFO   [geoserver.flow] - releasing flow controllers for [WMS 1.1.1 GetMap]
23 Sep 08:59:46 INFO   [geoserver.flow] - Request control-flow performed, running requests: 4, blocked requests: 1
23 Sep 08:59:46 INFO   [geoserver.flow] - releasing flow controllers for [WMS 1.1.1 GetMap]
23 Sep 08:59:46 INFO   [geoserver.flow] - Request completed, running requests: 3, blocked requests: 1
23 Sep 08:59:46 INFO   [geoserver.flow] - Request completed, running requests: 3, blocked requests: 1
23 Sep 08:59:46 INFO   [geoserver.flow] - Request completed, running requests: 3, blocked requests: 0
23 Sep 08:59:46 INFO   [geoserver.flow] - Request control-flow performed, running requests: 3, blocked requests: 0
23 Sep 08:59:46 INFO   [geoserver.flow] - releasing flow controllers for [WMS 1.1.1 GetMap]
23 Sep 08:59:46 INFO   [geoserver.wms] - 
Request: getMap
	Angle = 0.0
	BaseUrl = http://localhost:8080/geoserver/
	Bbox = SRSEnvelope[1.1124339348511413E7 : 1.1126785333416538E7, 1555646.3996599081 : 1558092.3845650323]
	BgColor = java.awt.Color[r=255,g=255,b=255]
	Buffer = 0
	Clip = null
	CQLFilter = null
	Crs = PROJCS["WGS 84 / Pseudo-Mercator", 
  GEOGCS["WGS 84", 
    DATUM["World Geodetic System 1984", 
      SPHEROID["WGS 84", 6378137.0, 298.257223563, AUTHORITY["EPSG","7030"]], 
      AUTHORITY["EPSG","6326"]], 
    PRIMEM["Greenwich", 0.0, AUTHORITY["EPSG","8901"]], 
    UNIT["degree", 0.017453292519943295], 
    AXIS["Geodetic longitude", EAST], 
    AXIS["Geodetic latitude", NORTH], 
    AUTHORITY["EPSG","4326"]], 
  PROJECTION["Popular Visualisation Pseudo Mercator", AUTHORITY["EPSG","1024"]], 
  PARAMETER["semi_minor", 6378137.0], 
  PARAMETER["latitude_of_origin", 0.0], 
  PARAMETER["central_meridian", 0.0], 
  PARAMETER["scale_factor", 1.0], 
  PARAMETER["false_easting", 0.0], 
  PARAMETER["false_northing", 0.0], 
  UNIT["m", 1.0], 
  AXIS["Easting", EAST], 
  AXIS["Northing", NORTH], 
  AUTHORITY["EPSG","3857"]]
	Elevation = []
	Env = {}
	Exceptions = SE_XML
	FeatureId = null
	FeatureVersion = null
	Filter = null
	Format = image/png
	FormatOptions = {}
	Get = true
	Height = 256
	Interpolations = []
	Layers = [org.geoserver.wms.MapLayerInfo@68756036[description=<null>,label=Radit Boundary,layerFeatureConstraints=<null>,layerGroupMetadata={},layerInfo=SecuredLayerInfo[LayerInfoImpl[vec_s2s_vec_radit_boundary_ba3d1cda, resource:FeatureTypeInfoImpl[vec_s2s_vec_radit_boundary_ba3d1cda]]],name=vec_s2s_vec_radit_boundary_ba3d1cda,remoteFeatureSource=<null>,style=<null>,type=0]]
	MaxFeatures = null
	Palette = null
	RawKvp = {_T=1790153980122, REQUEST=GetMap, FORMAT=image/png, SRS=EPSG:3857, BBOX=11124339.348511413,1555646.3996599081,11126785.333416538,1558092.3845650323, VERSION=1.1.1, STYLES=, SERVICE=WMS, WIDTH=256, HEIGHT=256, TRANSPARENT=true, LAYERS=ws_30cad3c4:vec_s2s_vec_radit_boundary_ba3d1cda}
	RemoteOwsType = null
	RemoteOwsURL = null
	Request = GetMap
	RequestCharset = UTF-8
	ScaleMethod = null
	Sld = null
	SldBody = null
	SldVersion = null
	SortBy = null
	SortByArrays = null
	SRS = EPSG:3857
	StartIndex = null
	StyleBody = null
	StyleFormat = sld
	Styles = [StyleImpl[ name=style_vec_s2s_vec_radit_boundary_ba3d1cda]]
	StyleUrl = null
	StyleVersion = null
	Tiled = false
	TilesOrigin = null
	Time = []
	Transparent = true
	ValidateSchema = false
	Version = 1.1.1
	ViewParams = null
	Width = 256
23 Sep 08:59:46 INFO   [geoserver.wms] - 
Request: getServiceInfo
23 Sep 08:59:46 INFO   [geoserver.flow] - Request completed, running requests: 2, blocked requests: 0
23 Sep 08:59:46 INFO   [geoserver.wms] - 
Request: getMap
	Angle = 0.0
	BaseUrl = http://localhost:8080/geoserver/
	Bbox = SRSEnvelope[1.1129231318321664E7 : 1.113167730322679E7, 1555646.3996599081 : 1558092.3845650323]
	BgColor = java.awt.Color[r=255,g=255,b=255]
	Buffer = 0
	Clip = null
	CQLFilter = null
	Crs = PROJCS["WGS 84 / Pseudo-Mercator", 
  GEOGCS["WGS 84", 
    DATUM["World Geodetic System 1984", 
      SPHEROID["WGS 84", 6378137.0, 298.257223563, AUTHORITY["EPSG","7030"]], 
      AUTHORITY["EPSG","6326"]], 
    PRIMEM["Greenwich", 0.0, AUTHORITY["EPSG","8901"]], 
    UNIT["degree", 0.017453292519943295], 
    AXIS["Geodetic longitude", EAST], 
    AXIS["Geodetic latitude", NORTH], 
    AUTHORITY["EPSG","4326"]], 
  PROJECTION["Popular Visualisation Pseudo Mercator", AUTHORITY["EPSG","1024"]], 
  PARAMETER["semi_minor", 6378137.0], 
  PARAMETER["latitude_of_origin", 0.0], 
  PARAMETER["central_meridian", 0.0], 
  PARAMETER["scale_factor", 1.0], 
  PARAMETER["false_easting", 0.0], 
  PARAMETER["false_northing", 0.0], 
  UNIT["m", 1.0], 
  AXIS["Easting", EAST], 
  AXIS["Northing", NORTH], 
  AUTHORITY["EPSG","3857"]]
	Elevation = []
	Env = {}
	Exceptions = SE_XML
	FeatureId = null
	FeatureVersion = null
	Filter = null
	Format = image/png
	FormatOptions = {}
	Get = true
	Height = 256
	Interpolations = []
	Layers = [org.geoserver.wms.MapLayerInfo@6955ab26[description=<null>,label=Radit Boundary,layerFeatureConstraints=<null>,layerGroupMetadata={},layerInfo=SecuredLayerInfo[LayerInfoImpl[vec_s2s_vec_radit_boundary_ba3d1cda, resource:FeatureTypeInfoImpl[vec_s2s_vec_radit_boundary_ba3d1cda]]],name=vec_s2s_vec_radit_boundary_ba3d1cda,remoteFeatureSource=<null>,style=<null>,type=0]]
	MaxFeatures = null
	Palette = null
	RawKvp = {_T=1790153980122, REQUEST=GetMap, FORMAT=image/png, SRS=EPSG:3857, BBOX=11129231.318321664,1555646.3996599081,11131677.30322679,1558092.3845650323, VERSION=1.1.1, STYLES=, SERVICE=WMS, WIDTH=256, HEIGHT=256, TRANSPARENT=true, LAYERS=ws_30cad3c4:vec_s2s_vec_radit_boundary_ba3d1cda}
	RemoteOwsType = null
	RemoteOwsURL = null
	Request = GetMap
	RequestCharset = UTF-8
	ScaleMethod = null
	Sld = null
	SldBody = null
	SldVersion = null
	SortBy = null
	SortByArrays = null
	SRS = EPSG:3857
	StartIndex = null
	StyleBody = null
	StyleFormat = sld
	Styles = [StyleImpl[ name=style_vec_s2s_vec_radit_boundary_ba3d1cda]]
	StyleUrl = null
	StyleVersion = null
	Tiled = false
	TilesOrigin = null
	Time = []
	Transparent = true
	ValidateSchema = false
	Version = 1.1.1
	ViewParams = null
	Width = 256
23 Sep 08:59:46 INFO   [geoserver.flow] - Request [WMS 1.1.1 GetMap] starting, processing through flow controllers
23 Sep 08:59:46 INFO   [geoserver.wms] - 
Request: getServiceInfo
23 Sep 08:59:46 INFO   [geoserver.flow] - releasing flow controllers for [WMS 1.1.1 GetMap]
23 Sep 08:59:46 INFO   [geoserver.flow] - Request completed, running requests: 1, blocked requests: 1
23 Sep 08:59:46 INFO   [geoserver.flow] - releasing flow controllers for [WMS 1.1.1 GetMap]
23 Sep 08:59:46 INFO   [geoserver.flow] - Request control-flow performed, running requests: 2, blocked requests: 0
23 Sep 08:59:46 INFO   [geoserver.flow] - Request [WMS 1.1.1 GetMap] starting, processing through flow controllers
23 Sep 08:59:46 INFO   [geoserver.flow] - Request completed, running requests: 1, blocked requests: 1
23 Sep 08:59:46 INFO   [geoserver.flow] - Request control-flow performed, running requests: 2, blocked requests: 0
23 Sep 08:59:46 INFO   [geoserver.wms] - 
Request: getMap
	Angle = 0.0
	BaseUrl = http://localhost:8080/geoserver/
	Bbox = SRSEnvelope[1.113167730322679E7 : 1.1134123288131915E7, 1553200.414754782 : 1555646.3996599081]
	BgColor = java.awt.Color[r=255,g=255,b=255]
	Buffer = 0
	Clip = null
	CQLFilter = null
	Crs = PROJCS["WGS 84 / Pseudo-Mercator", 
  GEOGCS["WGS 84", 
    DATUM["World Geodetic System 1984", 
      SPHEROID["WGS 84", 6378137.0, 298.257223563, AUTHORITY["EPSG","7030"]], 
      AUTHORITY["EPSG","6326"]], 
    PRIMEM["Greenwich", 0.0, AUTHORITY["EPSG","8901"]], 
    UNIT["degree", 0.017453292519943295], 
    AXIS["Geodetic longitude", EAST], 
    AXIS["Geodetic latitude", NORTH], 
    AUTHORITY["EPSG","4326"]], 
  PROJECTION["Popular Visualisation Pseudo Mercator", AUTHORITY["EPSG","1024"]], 
  PARAMETER["semi_minor", 6378137.0], 
  PARAMETER["latitude_of_origin", 0.0], 
  PARAMETER["central_meridian", 0.0], 
  PARAMETER["scale_factor", 1.0], 
  PARAMETER["false_easting", 0.0], 
  PARAMETER["false_northing", 0.0], 
  UNIT["m", 1.0], 
  AXIS["Easting", EAST], 
  AXIS["Northing", NORTH], 
  AUTHORITY["EPSG","3857"]]
	Elevation = []
	Env = {}
	Exceptions = SE_XML
	FeatureId = null
	FeatureVersion = null
	Filter = null
	Format = image/png
	FormatOptions = {}
	Get = true
	Height = 256
	Interpolations = []
	Layers = [org.geoserver.wms.MapLayerInfo@229c8d7a[description=<null>,label=Radit Boundary,layerFeatureConstraints=<null>,layerGroupMetadata={},layerInfo=SecuredLayerInfo[LayerInfoImpl[vec_s2s_vec_radit_boundary_ba3d1cda, resource:FeatureTypeInfoImpl[vec_s2s_vec_radit_boundary_ba3d1cda]]],name=vec_s2s_vec_radit_boundary_ba3d1cda,remoteFeatureSource=<null>,style=<null>,type=0]]
	MaxFeatures = null
	Palette = null
	RawKvp = {_T=1790153980122, REQUEST=GetMap, FORMAT=image/png, SRS=EPSG:3857, BBOX=11131677.30322679,1553200.414754782,11134123.288131915,1555646.3996599081, VERSION=1.1.1, STYLES=, SERVICE=WMS, WIDTH=256, HEIGHT=256, TRANSPARENT=true, LAYERS=ws_30cad3c4:vec_s2s_vec_radit_boundary_ba3d1cda}
	RemoteOwsType = null
	RemoteOwsURL = null
	Request = GetMap
	RequestCharset = UTF-8
	ScaleMethod = null
	Sld = null
	SldBody = null
	SldVersion = null
	SortBy = null
	SortByArrays = null
	SRS = EPSG:3857
	StartIndex = null
	StyleBody = null
	StyleFormat = sld
	Styles = [StyleImpl[ name=style_vec_s2s_vec_radit_boundary_ba3d1cda]]
	StyleUrl = null
	StyleVersion = null
	Tiled = false
	TilesOrigin = null
	Time = []
	Transparent = true
	ValidateSchema = false
	Version = 1.1.1
	ViewParams = null
	Width = 256
23 Sep 08:59:46 INFO   [geoserver.wms] - 
Request: getMap
	Angle = 0.0
	BaseUrl = http://localhost:8080/geoserver/
	Bbox = SRSEnvelope[1.1124339348511413E7 : 1.1126785333416538E7, 1553200.414754782 : 1555646.3996599081]
	BgColor = java.awt.Color[r=255,g=255,b=255]
	Buffer = 0
	Clip = null
	CQLFilter = null
	Crs = PROJCS["WGS 84 / Pseudo-Mercator", 
  GEOGCS["WGS 84", 
    DATUM["World Geodetic System 1984", 
      SPHEROID["WGS 84", 6378137.0, 298.257223563, AUTHORITY["EPSG","7030"]], 
      AUTHORITY["EPSG","6326"]], 
    PRIMEM["Greenwich", 0.0, AUTHORITY["EPSG","8901"]], 
    UNIT["degree", 0.017453292519943295], 
    AXIS["Geodetic longitude", EAST], 
    AXIS["Geodetic latitude", NORTH], 
    AUTHORITY["EPSG","4326"]], 
  PROJECTION["Popular Visualisation Pseudo Mercator", AUTHORITY["EPSG","1024"]], 
  PARAMETER["semi_minor", 6378137.0], 
  PARAMETER["latitude_of_origin", 0.0], 
  PARAMETER["central_meridian", 0.0], 
  PARAMETER["scale_factor", 1.0], 
  PARAMETER["false_easting", 0.0], 
  PARAMETER["false_northing", 0.0], 
  UNIT["m", 1.0], 
  AXIS["Easting", EAST], 
  AXIS["Northing", NORTH], 
  AUTHORITY["EPSG","3857"]]
	Elevation = []
	Env = {}
	Exceptions = SE_XML
	FeatureId = null
	FeatureVersion = null
	Filter = null
	Format = image/png
	FormatOptions = {}
	Get = true
	Height = 256
	Interpolations = []
	Layers = [org.geoserver.wms.MapLayerInfo@411f57ff[description=<null>,label=Radit Boundary,layerFeatureConstraints=<null>,layerGroupMetadata={},layerInfo=SecuredLayerInfo[LayerInfoImpl[vec_s2s_vec_radit_boundary_ba3d1cda, resource:FeatureTypeInfoImpl[vec_s2s_vec_radit_boundary_ba3d1cda]]],name=vec_s2s_vec_radit_boundary_ba3d1cda,remoteFeatureSource=<null>,style=<null>,type=0]]
	MaxFeatures = null
	Palette = null
	RawKvp = {_T=1790153980122, REQUEST=GetMap, FORMAT=image/png, SRS=EPSG:3857, BBOX=11124339.348511413,1553200.414754782,11126785.333416538,1555646.3996599081, VERSION=1.1.1, STYLES=, SERVICE=WMS, WIDTH=256, HEIGHT=256, TRANSPARENT=true, LAYERS=ws_30cad3c4:vec_s2s_vec_radit_boundary_ba3d1cda}
	RemoteOwsType = null
	RemoteOwsURL = null
	Request = GetMap
	RequestCharset = UTF-8
	ScaleMethod = null
	Sld = null
	SldBody = null
	SldVersion = null
	SortBy = null
	SortByArrays = null
	SRS = EPSG:3857
	StartIndex = null
	StyleBody = null
	StyleFormat = sld
	Styles = [StyleImpl[ name=style_vec_s2s_vec_radit_boundary_ba3d1cda]]
	StyleUrl = null
	StyleVersion = null
	Tiled = false
	TilesOrigin = null
	Time = []
	Transparent = true
	ValidateSchema = false
	Version = 1.1.1
	ViewParams = null
	Width = 256
23 Sep 08:59:46 INFO   [geoserver.flow] - releasing flow controllers for [WMS 1.1.1 GetMap]
23 Sep 08:59:46 INFO   [geoserver.flow] - releasing flow controllers for [WMS 1.1.1 GetMap]
23 Sep 08:59:46 INFO   [geoserver.flow] - Request completed, running requests: 0, blocked requests: 0
23 Sep 08:59:46 INFO   [geoserver.flow] - Request completed, running requests: 0, blocked requests: 0
23 Sep 08:59:47 INFO   [geoserver.wms] - 
Request: getServiceInfo
23 Sep 08:59:47 INFO   [geoserver.wms] - 
Request: getServiceInfo
23 Sep 08:59:47 INFO   [geoserver.wms] - 
Request: getServiceInfo
23 Sep 08:59:47 INFO   [geoserver.flow] - Request [WMS 1.1.1 GetMap] starting, processing through flow controllers
23 Sep 08:59:47 INFO   [geoserver.flow] - Request [WMS 1.1.1 GetMap] starting, processing through flow controllers
23 Sep 08:59:47 INFO   [geoserver.flow] - Request control-flow performed, running requests: 2, blocked requests: 1
23 Sep 08:59:47 INFO   [geoserver.flow] - Request [WMS 1.1.1 GetMap] starting, processing through flow controllers
23 Sep 08:59:47 INFO   [geoserver.flow] - Request control-flow performed, running requests: 1, blocked requests: 2
23 Sep 08:59:47 INFO   [geoserver.wms] - 
Request: getServiceInfo
23 Sep 08:59:47 INFO   [geoserver.flow] - Request control-flow performed, running requests: 3, blocked requests: 0
23 Sep 08:59:47 INFO   [geoserver.wms] - 
Request: getServiceInfo
23 Sep 08:59:47 INFO   [geoserver.flow] - Request [WMS 1.1.1 GetMap] starting, processing through flow controllers
23 Sep 08:59:47 INFO   [geoserver.flow] - Request control-flow performed, running requests: 4, blocked requests: 1
23 Sep 08:59:47 INFO   [geoserver.flow] - Request [WMS 1.1.1 GetMap] starting, processing through flow controllers
23 Sep 08:59:47 INFO   [geoserver.wms] - 
Request: getServiceInfo
23 Sep 08:59:47 INFO   [geoserver.flow] - Request control-flow performed, running requests: 5, blocked requests: 0
23 Sep 08:59:47 INFO   [geoserver.wms] - 
Request: getMap
	Angle = 0.0
	BaseUrl = http://localhost:8080/geoserver/
	Bbox = SRSEnvelope[1.1128008325869102E7 : 1.1129231318321664E7, 1554423.407207345 : 1555646.3996599081]
	BgColor = java.awt.Color[r=255,g=255,b=255]
	Buffer = 0
	Clip = null
	CQLFilter = null
	Crs = PROJCS["WGS 84 / Pseudo-Mercator", 
  GEOGCS["WGS 84", 
    DATUM["World Geodetic System 1984", 
      SPHEROID["WGS 84", 6378137.0, 298.257223563, AUTHORITY["EPSG","7030"]], 
      AUTHORITY["EPSG","6326"]], 
    PRIMEM["Greenwich", 0.0, AUTHORITY["EPSG","8901"]], 
    UNIT["degree", 0.017453292519943295], 
    AXIS["Geodetic longitude", EAST], 
    AXIS["Geodetic latitude", NORTH], 
    AUTHORITY["EPSG","4326"]], 
  PROJECTION["Popular Visualisation Pseudo Mercator", AUTHORITY["EPSG","1024"]], 
  PARAMETER["semi_minor", 6378137.0], 
  PARAMETER["latitude_of_origin", 0.0], 
  PARAMETER["central_meridian", 0.0], 
  PARAMETER["scale_factor", 1.0], 
  PARAMETER["false_easting", 0.0], 
  PARAMETER["false_northing", 0.0], 
  UNIT["m", 1.0], 
  AXIS["Easting", EAST], 
  AXIS["Northing", NORTH], 
  AUTHORITY["EPSG","3857"]]
	Elevation = []
	Env = {}
	Exceptions = SE_XML
	FeatureId = null
	FeatureVersion = null
	Filter = null
	Format = image/png
	FormatOptions = {}
	Get = true
	Height = 256
	Interpolations = []
	Layers = [org.geoserver.wms.MapLayerInfo@2e53091f[description=<null>,label=Radit Boundary,layerFeatureConstraints=<null>,layerGroupMetadata={},layerInfo=SecuredLayerInfo[LayerInfoImpl[vec_s2s_vec_radit_boundary_ba3d1cda, resource:FeatureTypeInfoImpl[vec_s2s_vec_radit_boundary_ba3d1cda]]],name=vec_s2s_vec_radit_boundary_ba3d1cda,remoteFeatureSource=<null>,style=<null>,type=0]]
	MaxFeatures = null
	Palette = null
	RawKvp = {_T=1790153980122, REQUEST=GetMap, FORMAT=image/png, SRS=EPSG:3857, BBOX=11128008.325869102,1554423.407207345,11129231.318321664,1555646.3996599081, VERSION=1.1.1, STYLES=, SERVICE=WMS, WIDTH=256, HEIGHT=256, TRANSPARENT=true, LAYERS=ws_30cad3c4:vec_s2s_vec_radit_boundary_ba3d1cda}
	RemoteOwsType = null
	RemoteOwsURL = null
	Request = GetMap
	RequestCharset = UTF-8
	ScaleMethod = null
	Sld = null
	SldBody = null
	SldVersion = null
	SortBy = null
	SortByArrays = null
	SRS = EPSG:3857
	StartIndex = null
	StyleBody = null
	StyleFormat = sld
	Styles = [StyleImpl[ name=style_vec_s2s_vec_radit_boundary_ba3d1cda]]
	StyleUrl = null
	StyleVersion = null
	Tiled = false
	TilesOrigin = null
	Time = []
	Transparent = true
	ValidateSchema = false
	Version = 1.1.1
	ViewParams = null
	Width = 256
23 Sep 08:59:47 INFO   [geoserver.wms] - 
Request: getMap
	Angle = 0.0
	BaseUrl = http://localhost:8080/geoserver/
	Bbox = SRSEnvelope[1.1126785333416538E7 : 1.1128008325869102E7, 1554423.407207345 : 1555646.3996599081]
	BgColor = java.awt.Color[r=255,g=255,b=255]
	Buffer = 0
	Clip = null
	CQLFilter = null
	Crs = PROJCS["WGS 84 / Pseudo-Mercator", 
  GEOGCS["WGS 84", 
    DATUM["World Geodetic System 1984", 
      SPHEROID["WGS 84", 6378137.0, 298.257223563, AUTHORITY["EPSG","7030"]], 
      AUTHORITY["EPSG","6326"]], 
    PRIMEM["Greenwich", 0.0, AUTHORITY["EPSG","8901"]], 
    UNIT["degree", 0.017453292519943295], 
    AXIS["Geodetic longitude", EAST], 
    AXIS["Geodetic latitude", NORTH], 
    AUTHORITY["EPSG","4326"]], 
  PROJECTION["Popular Visualisation Pseudo Mercator", AUTHORITY["EPSG","1024"]], 
  PARAMETER["semi_minor", 6378137.0], 
  PARAMETER["latitude_of_origin", 0.0], 
  PARAMETER["central_meridian", 0.0], 
  PARAMETER["scale_factor", 1.0], 
  PARAMETER["false_easting", 0.0], 
  PARAMETER["false_northing", 0.0], 
  UNIT["m", 1.0], 
  AXIS["Easting", EAST], 
  AXIS["Northing", NORTH], 
  AUTHORITY["EPSG","3857"]]
	Elevation = []
	Env = {}
	Exceptions = SE_XML
	FeatureId = null
	FeatureVersion = null
	Filter = null
	Format = image/png
	FormatOptions = {}
	Get = true
	Height = 256
	Interpolations = []
	Layers = [org.geoserver.wms.MapLayerInfo@623bd3a3[description=<null>,label=Radit Boundary,layerFeatureConstraints=<null>,layerGroupMetadata={},layerInfo=SecuredLayerInfo[LayerInfoImpl[vec_s2s_vec_radit_boundary_ba3d1cda, resource:FeatureTypeInfoImpl[vec_s2s_vec_radit_boundary_ba3d1cda]]],name=vec_s2s_vec_radit_boundary_ba3d1cda,remoteFeatureSource=<null>,style=<null>,type=0]]
	MaxFeatures = null
	Palette = null
	RawKvp = {_T=1790153980122, REQUEST=GetMap, FORMAT=image/png, SRS=EPSG:3857, BBOX=11126785.333416538,1554423.407207345,11128008.325869102,1555646.3996599081, VERSION=1.1.1, STYLES=, SERVICE=WMS, WIDTH=256, HEIGHT=256, TRANSPARENT=true, LAYERS=ws_30cad3c4:vec_s2s_vec_radit_boundary_ba3d1cda}
	RemoteOwsType = null
	RemoteOwsURL = null
	Request = GetMap
	RequestCharset = UTF-8
	ScaleMethod = null
	Sld = null
	SldBody = null
	SldVersion = null
	SortBy = null
	SortByArrays = null
	SRS = EPSG:3857
	StartIndex = null
	StyleBody = null
	StyleFormat = sld
	Styles = [StyleImpl[ name=style_vec_s2s_vec_radit_boundary_ba3d1cda]]
	StyleUrl = null
	StyleVersion = null
	Tiled = false
	TilesOrigin = null
	Time = []
	Transparent = true
	ValidateSchema = false
	Version = 1.1.1
	ViewParams = null
	Width = 256
23 Sep 08:59:47 INFO   [geoserver.flow] - Request [WMS 1.1.1 GetMap] starting, processing through flow controllers
23 Sep 08:59:47 INFO   [geoserver.flow] - releasing flow controllers for [WMS 1.1.1 GetMap]
23 Sep 08:59:47 INFO   [geoserver.wms] - 
Request: getMap
	Angle = 0.0
	BaseUrl = http://localhost:8080/geoserver/
	Bbox = SRSEnvelope[1.1125562340963976E7 : 1.1126785333416538E7, 1555646.3996599081 : 1556869.3921124712]
	BgColor = java.awt.Color[r=255,g=255,b=255]
	Buffer = 0
	Clip = null
	CQLFilter = null
	Crs = PROJCS["WGS 84 / Pseudo-Mercator", 
  GEOGCS["WGS 84", 
    DATUM["World Geodetic System 1984", 
      SPHEROID["WGS 84", 6378137.0, 298.257223563, AUTHORITY["EPSG","7030"]], 
      AUTHORITY["EPSG","6326"]], 
    PRIMEM["Greenwich", 0.0, AUTHORITY["EPSG","8901"]], 
    UNIT["degree", 0.017453292519943295], 
    AXIS["Geodetic longitude", EAST], 
    AXIS["Geodetic latitude", NORTH], 
    AUTHORITY["EPSG","4326"]], 
  PROJECTION["Popular Visualisation Pseudo Mercator", AUTHORITY["EPSG","1024"]], 
  PARAMETER["semi_minor", 6378137.0], 
  PARAMETER["latitude_of_origin", 0.0], 
  PARAMETER["central_meridian", 0.0], 
  PARAMETER["scale_factor", 1.0], 
  PARAMETER["false_easting", 0.0], 
  PARAMETER["false_northing", 0.0], 
  UNIT["m", 1.0], 
  AXIS["Easting", EAST], 
  AXIS["Northing", NORTH], 
  AUTHORITY["EPSG","3857"]]
	Elevation = []
	Env = {}
	Exceptions = SE_XML
	FeatureId = null
	FeatureVersion = null
	Filter = null
	Format = image/png
	FormatOptions = {}
	Get = true
	Height = 256
	Interpolations = []
	Layers = [org.geoserver.wms.MapLayerInfo@53d1aa42[description=<null>,label=Radit Boundary,layerFeatureConstraints=<null>,layerGroupMetadata={},layerInfo=SecuredLayerInfo[LayerInfoImpl[vec_s2s_vec_radit_boundary_ba3d1cda, resource:FeatureTypeInfoImpl[vec_s2s_vec_radit_boundary_ba3d1cda]]],name=vec_s2s_vec_radit_boundary_ba3d1cda,remoteFeatureSource=<null>,style=<null>,type=0]]
	MaxFeatures = null
	Palette = null
	RawKvp = {_T=1790153980122, REQUEST=GetMap, FORMAT=image/png, SRS=EPSG:3857, BBOX=11125562.340963976,1555646.3996599081,11126785.333416538,1556869.3921124712, VERSION=1.1.1, STYLES=, SERVICE=WMS, WIDTH=256, HEIGHT=256, TRANSPARENT=true, LAYERS=ws_30cad3c4:vec_s2s_vec_radit_boundary_ba3d1cda}
	RemoteOwsType = null
	RemoteOwsURL = null
	Request = GetMap
	RequestCharset = UTF-8
	ScaleMethod = null
	Sld = null
	SldBody = null
	SldVersion = null
	SortBy = null
	SortByArrays = null
	SRS = EPSG:3857
	StartIndex = null
	StyleBody = null
	StyleFormat = sld
	Styles = [StyleImpl[ name=style_vec_s2s_vec_radit_boundary_ba3d1cda]]
	StyleUrl = null
	StyleVersion = null
	Tiled = false
	TilesOrigin = null
	Time = []
	Transparent = true
	ValidateSchema = false
	Version = 1.1.1
	ViewParams = null
	Width = 256
23 Sep 08:59:47 INFO   [geoserver.flow] - Request control-flow performed, running requests: 4, blocked requests: 0
23 Sep 08:59:47 INFO   [geoserver.wms] - 
Request: getMap
	Angle = 0.0
	BaseUrl = http://localhost:8080/geoserver/
	Bbox = SRSEnvelope[1.1126785333416538E7 : 1.1128008325869102E7, 1553200.414754782 : 1554423.407207345]
	BgColor = java.awt.Color[r=255,g=255,b=255]
	Buffer = 0
	Clip = null
	CQLFilter = null
	Crs = PROJCS["WGS 84 / Pseudo-Mercator", 
  GEOGCS["WGS 84", 
    DATUM["World Geodetic System 1984", 
      SPHEROID["WGS 84", 6378137.0, 298.257223563, AUTHORITY["EPSG","7030"]], 
      AUTHORITY["EPSG","6326"]], 
    PRIMEM["Greenwich", 0.0, AUTHORITY["EPSG","8901"]], 
    UNIT["degree", 0.017453292519943295], 
    AXIS["Geodetic longitude", EAST], 
    AXIS["Geodetic latitude", NORTH], 
    AUTHORITY["EPSG","4326"]], 
  PROJECTION["Popular Visualisation Pseudo Mercator", AUTHORITY["EPSG","1024"]], 
  PARAMETER["semi_minor", 6378137.0], 
  PARAMETER["latitude_of_origin", 0.0], 
  PARAMETER["central_meridian", 0.0], 
  PARAMETER["scale_factor", 1.0], 
  PARAMETER["false_easting", 0.0], 
  PARAMETER["false_northing", 0.0], 
  UNIT["m", 1.0], 
  AXIS["Easting", EAST], 
  AXIS["Northing", NORTH], 
  AUTHORITY["EPSG","3857"]]
	Elevation = []
	Env = {}
	Exceptions = SE_XML
	FeatureId = null
	FeatureVersion = null
	Filter = null
	Format = image/png
	FormatOptions = {}
	Get = true
	Height = 256
	Interpolations = []
	Layers = [org.geoserver.wms.MapLayerInfo@7d7a5564[description=<null>,label=Radit Boundary,layerFeatureConstraints=<null>,layerGroupMetadata={},layerInfo=SecuredLayerInfo[LayerInfoImpl[vec_s2s_vec_radit_boundary_ba3d1cda, resource:FeatureTypeInfoImpl[vec_s2s_vec_radit_boundary_ba3d1cda]]],name=vec_s2s_vec_radit_boundary_ba3d1cda,remoteFeatureSource=<null>,style=<null>,type=0]]
	MaxFeatures = null
	Palette = null
	RawKvp = {_T=1790153980122, REQUEST=GetMap, FORMAT=image/png, SRS=EPSG:3857, BBOX=11126785.333416538,1553200.414754782,11128008.325869102,1554423.407207345, VERSION=1.1.1, STYLES=, SERVICE=WMS, WIDTH=256, HEIGHT=256, TRANSPARENT=true, LAYERS=ws_30cad3c4:vec_s2s_vec_radit_boundary_ba3d1cda}
	RemoteOwsType = null
	RemoteOwsURL = null
	Request = GetMap
	RequestCharset = UTF-8
	ScaleMethod = null
	Sld = null
	SldBody = null
	SldVersion = null
	SortBy = null
	SortByArrays = null
	SRS = EPSG:3857
	StartIndex = null
	StyleBody = null
	StyleFormat = sld
	Styles = [StyleImpl[ name=style_vec_s2s_vec_radit_boundary_ba3d1cda]]
	StyleUrl = null
	StyleVersion = null
	Tiled = false
	TilesOrigin = null
	Time = []
	Transparent = true
	ValidateSchema = false
	Version = 1.1.1
	ViewParams = null
	Width = 256
23 Sep 08:59:47 INFO   [geoserver.flow] - releasing flow controllers for [WMS 1.1.1 GetMap]
23 Sep 08:59:47 INFO   [geoserver.wms] - 
Request: getMap
	Angle = 0.0
	BaseUrl = http://localhost:8080/geoserver/
	Bbox = SRSEnvelope[1.1126785333416538E7 : 1.1128008325869102E7, 1555646.3996599081 : 1556869.3921124712]
	BgColor = java.awt.Color[r=255,g=255,b=255]
	Buffer = 0
	Clip = null
	CQLFilter = null
	Crs = PROJCS["WGS 84 / Pseudo-Mercator", 
  GEOGCS["WGS 84", 
    DATUM["World Geodetic System 1984", 
      SPHEROID["WGS 84", 6378137.0, 298.257223563, AUTHORITY["EPSG","7030"]], 
      AUTHORITY["EPSG","6326"]], 
    PRIMEM["Greenwich", 0.0, AUTHORITY["EPSG","8901"]], 
    UNIT["degree", 0.017453292519943295], 
    AXIS["Geodetic longitude", EAST], 
    AXIS["Geodetic latitude", NORTH], 
    AUTHORITY["EPSG","4326"]], 
  PROJECTION["Popular Visualisation Pseudo Mercator", AUTHORITY["EPSG","1024"]], 
  PARAMETER["semi_minor", 6378137.0], 
  PARAMETER["latitude_of_origin", 0.0], 
  PARAMETER["central_meridian", 0.0], 
  PARAMETER["scale_factor", 1.0], 
  PARAMETER["false_easting", 0.0], 
  PARAMETER["false_northing", 0.0], 
  UNIT["m", 1.0], 
  AXIS["Easting", EAST], 
  AXIS["Northing", NORTH], 
  AUTHORITY["EPSG","3857"]]
	Elevation = []
	Env = {}
	Exceptions = SE_XML
	FeatureId = null
	FeatureVersion = null
	Filter = null
	Format = image/png
	FormatOptions = {}
	Get = true
	Height = 256
	Interpolations = []
	Layers = [org.geoserver.wms.MapLayerInfo@4d4b6e6d[description=<null>,label=Radit Boundary,layerFeatureConstraints=<null>,layerGroupMetadata={},layerInfo=SecuredLayerInfo[LayerInfoImpl[vec_s2s_vec_radit_boundary_ba3d1cda, resource:FeatureTypeInfoImpl[vec_s2s_vec_radit_boundary_ba3d1cda]]],name=vec_s2s_vec_radit_boundary_ba3d1cda,remoteFeatureSource=<null>,style=<null>,type=0]]
	MaxFeatures = null
	Palette = null
	RawKvp = {_T=1790153980122, REQUEST=GetMap, FORMAT=image/png, SRS=EPSG:3857, BBOX=11126785.333416538,1555646.3996599081,11128008.325869102,1556869.3921124712, VERSION=1.1.1, STYLES=, SERVICE=WMS, WIDTH=256, HEIGHT=256, TRANSPARENT=true, LAYERS=ws_30cad3c4:vec_s2s_vec_radit_boundary_ba3d1cda}
	RemoteOwsType = null
	RemoteOwsURL = null
	Request = GetMap
	RequestCharset = UTF-8
	ScaleMethod = null
	Sld = null
	SldBody = null
	SldVersion = null
	SortBy = null
	SortByArrays = null
	SRS = EPSG:3857
	StartIndex = null
	StyleBody = null
	StyleFormat = sld
	Styles = [StyleImpl[ name=style_vec_s2s_vec_radit_boundary_ba3d1cda]]
	StyleUrl = null
	StyleVersion = null
	Tiled = false
	TilesOrigin = null
	Time = []
	Transparent = true
	ValidateSchema = false
	Version = 1.1.1
	ViewParams = null
	Width = 256
23 Sep 08:59:47 INFO   [geoserver.flow] - Request completed, running requests: 4, blocked requests: 0
23 Sep 08:59:47 INFO   [geoserver.flow] - releasing flow controllers for [WMS 1.1.1 GetMap]
23 Sep 08:59:47 INFO   [geoserver.flow] - Request completed, running requests: 4, blocked requests: 0
23 Sep 08:59:47 INFO   [geoserver.flow] - releasing flow controllers for [WMS 1.1.1 GetMap]
23 Sep 08:59:47 INFO   [geoserver.flow] - Request completed, running requests: 1, blocked requests: 0
23 Sep 08:59:47 INFO   [geoserver.flow] - releasing flow controllers for [WMS 1.1.1 GetMap]
23 Sep 08:59:47 INFO   [geoserver.flow] - Request completed, running requests: 1, blocked requests: 0
23 Sep 08:59:47 INFO   [geoserver.flow] - Request completed, running requests: 2, blocked requests: 0
23 Sep 08:59:47 INFO   [geoserver.wms] - 
Request: getServiceInfo
23 Sep 08:59:47 INFO   [geoserver.flow] - Request [WMS 1.1.1 GetMap] starting, processing through flow controllers
23 Sep 08:59:47 INFO   [geoserver.wms] - 
Request: getServiceInfo
23 Sep 08:59:47 INFO   [geoserver.wms] - 
Request: getServiceInfo
23 Sep 08:59:47 INFO   [geoserver.wms] - 
Request: getMap
	Angle = 0.0
	BaseUrl = http://localhost:8080/geoserver/
	Bbox = SRSEnvelope[1.1125562340963976E7 : 1.1126785333416538E7, 1554423.407207345 : 1555646.3996599081]
	BgColor = java.awt.Color[r=255,g=255,b=255]
	Buffer = 0
	Clip = null
	CQLFilter = null
	Crs = PROJCS["WGS 84 / Pseudo-Mercator", 
  GEOGCS["WGS 84", 
    DATUM["World Geodetic System 1984", 
      SPHEROID["WGS 84", 6378137.0, 298.257223563, AUTHORITY["EPSG","7030"]], 
      AUTHORITY["EPSG","6326"]], 
    PRIMEM["Greenwich", 0.0, AUTHORITY["EPSG","8901"]], 
    UNIT["degree", 0.017453292519943295], 
    AXIS["Geodetic longitude", EAST], 
    AXIS["Geodetic latitude", NORTH], 
    AUTHORITY["EPSG","4326"]], 
  PROJECTION["Popular Visualisation Pseudo Mercator", AUTHORITY["EPSG","1024"]], 
  PARAMETER["semi_minor", 6378137.0], 
  PARAMETER["latitude_of_origin", 0.0], 
  PARAMETER["central_meridian", 0.0], 
  PARAMETER["scale_factor", 1.0], 
  PARAMETER["false_easting", 0.0], 
  PARAMETER["false_northing", 0.0], 
  UNIT["m", 1.0], 
  AXIS["Easting", EAST], 
  AXIS["Northing", NORTH], 
  AUTHORITY["EPSG","3857"]]
	Elevation = []
	Env = {}
	Exceptions = SE_XML
	FeatureId = null
	FeatureVersion = null
	Filter = null
	Format = image/png
	FormatOptions = {}
	Get = true
	Height = 256
	Interpolations = []
	Layers = [org.geoserver.wms.MapLayerInfo@70680f1a[description=<null>,label=Radit Boundary,layerFeatureConstraints=<null>,layerGroupMetadata={},layerInfo=SecuredLayerInfo[LayerInfoImpl[vec_s2s_vec_radit_boundary_ba3d1cda, resource:FeatureTypeInfoImpl[vec_s2s_vec_radit_boundary_ba3d1cda]]],name=vec_s2s_vec_radit_boundary_ba3d1cda,remoteFeatureSource=<null>,style=<null>,type=0]]
	MaxFeatures = null
	Palette = null
	RawKvp = {_T=1790153980122, REQUEST=GetMap, FORMAT=image/png, SRS=EPSG:3857, BBOX=11125562.340963976,1554423.407207345,11126785.333416538,1555646.3996599081, VERSION=1.1.1, STYLES=, SERVICE=WMS, WIDTH=256, HEIGHT=256, TRANSPARENT=true, LAYERS=ws_30cad3c4:vec_s2s_vec_radit_boundary_ba3d1cda}
	RemoteOwsType = null
	RemoteOwsURL = null
	Request = GetMap
	RequestCharset = UTF-8
	ScaleMethod = null
	Sld = null
	SldBody = null
	SldVersion = null
	SortBy = null
	SortByArrays = null
	SRS = EPSG:3857
	StartIndex = null
	StyleBody = null
	StyleFormat = sld
	Styles = [StyleImpl[ name=style_vec_s2s_vec_radit_boundary_ba3d1cda]]
	StyleUrl = null
	StyleVersion = null
	Tiled = false
	TilesOrigin = null
	Time = []
	Transparent = true
	ValidateSchema = false
	Version = 1.1.1
	ViewParams = null
	Width = 256
23 Sep 08:59:47 INFO   [geoserver.flow] - Request control-flow performed, running requests: 2, blocked requests: 0
23 Sep 08:59:47 INFO   [geoserver.flow] - Request [WMS 1.1.1 GetMap] starting, processing through flow controllers
23 Sep 08:59:47 INFO   [geoserver.wms] - 
Request: getServiceInfo
23 Sep 08:59:47 INFO   [geoserver.wms] - 
Request: getServiceInfo
23 Sep 08:59:47 INFO   [geoserver.flow] - Request control-flow performed, running requests: 2, blocked requests: 1
23 Sep 08:59:47 INFO   [geoserver.flow] - releasing flow controllers for [WMS 1.1.1 GetMap]
23 Sep 08:59:47 INFO   [geoserver.flow] - Request [WMS 1.1.1 GetMap] starting, processing through flow controllers
23 Sep 08:59:47 INFO   [geoserver.flow] - Request control-flow performed, running requests: 3, blocked requests: 2
23 Sep 08:59:47 INFO   [geoserver.wms] - 
Request: getMap
	Angle = 0.0
	BaseUrl = http://localhost:8080/geoserver/
	Bbox = SRSEnvelope[1.1128008325869102E7 : 1.1129231318321664E7, 1555646.3996599081 : 1556869.3921124712]
	BgColor = java.awt.Color[r=255,g=255,b=255]
	Buffer = 0
	Clip = null
	CQLFilter = null
	Crs = PROJCS["WGS 84 / Pseudo-Mercator", 
  GEOGCS["WGS 84", 
    DATUM["World Geodetic System 1984", 
      SPHEROID["WGS 84", 6378137.0, 298.257223563, AUTHORITY["EPSG","7030"]], 
      AUTHORITY["EPSG","6326"]], 
    PRIMEM["Greenwich", 0.0, AUTHORITY["EPSG","8901"]], 
    UNIT["degree", 0.017453292519943295], 
    AXIS["Geodetic longitude", EAST], 
    AXIS["Geodetic latitude", NORTH], 
    AUTHORITY["EPSG","4326"]], 
  PROJECTION["Popular Visualisation Pseudo Mercator", AUTHORITY["EPSG","1024"]], 
  PARAMETER["semi_minor", 6378137.0], 
  PARAMETER["latitude_of_origin", 0.0], 
  PARAMETER["central_meridian", 0.0], 
  PARAMETER["scale_factor", 1.0], 
  PARAMETER["false_easting", 0.0], 
  PARAMETER["false_northing", 0.0], 
  UNIT["m", 1.0], 
  AXIS["Easting", EAST], 
  AXIS["Northing", NORTH], 
  AUTHORITY["EPSG","3857"]]
	Elevation = []
	Env = {}
	Exceptions = SE_XML
	FeatureId = null
	FeatureVersion = null
	Filter = null
	Format = image/png
	FormatOptions = {}
	Get = true
	Height = 256
	Interpolations = []
	Layers = [org.geoserver.wms.MapLayerInfo@6693f8ef[description=<null>,label=Radit Boundary,layerFeatureConstraints=<null>,layerGroupMetadata={},layerInfo=SecuredLayerInfo[LayerInfoImpl[vec_s2s_vec_radit_boundary_ba3d1cda, resource:FeatureTypeInfoImpl[vec_s2s_vec_radit_boundary_ba3d1cda]]],name=vec_s2s_vec_radit_boundary_ba3d1cda,remoteFeatureSource=<null>,style=<null>,type=0]]
	MaxFeatures = null
	Palette = null
	RawKvp = {_T=1790153980122, REQUEST=GetMap, FORMAT=image/png, SRS=EPSG:3857, BBOX=11128008.325869102,1555646.3996599081,11129231.318321664,1556869.3921124712, VERSION=1.1.1, STYLES=, SERVICE=WMS, WIDTH=256, HEIGHT=256, TRANSPARENT=true, LAYERS=ws_30cad3c4:vec_s2s_vec_radit_boundary_ba3d1cda}
	RemoteOwsType = null
	RemoteOwsURL = null
	Request = GetMap
	RequestCharset = UTF-8
	ScaleMethod = null
	Sld = null
	SldBody = null
	SldVersion = null
	SortBy = null
	SortByArrays = null
	SRS = EPSG:3857
	StartIndex = null
	StyleBody = null
	StyleFormat = sld
	Styles = [StyleImpl[ name=style_vec_s2s_vec_radit_boundary_ba3d1cda]]
	StyleUrl = null
	StyleVersion = null
	Tiled = false
	TilesOrigin = null
	Time = []
	Transparent = true
	ValidateSchema = false
	Version = 1.1.1
	ViewParams = null
	Width = 256
23 Sep 08:59:47 INFO   [geoserver.flow] - Request [WMS 1.1.1 GetMap] starting, processing through flow controllers
23 Sep 08:59:47 INFO   [geoserver.flow] - Request completed, running requests: 2, blocked requests: 3
23 Sep 08:59:47 INFO   [geoserver.flow] - Request [WMS 1.1.1 GetMap] starting, processing through flow controllers
23 Sep 08:59:47 INFO   [geoserver.flow] - Request control-flow performed, running requests: 4, blocked requests: 0
23 Sep 08:59:47 INFO   [geoserver.flow] - releasing flow controllers for [WMS 1.1.1 GetMap]
23 Sep 08:59:47 INFO   [geoserver.flow] - Request completed, running requests: 4, blocked requests: 0
23 Sep 08:59:47 INFO   [geoserver.flow] - Request control-flow performed, running requests: 4, blocked requests: 1
23 Sep 08:59:47 INFO   [geoserver.wms] - 
Request: getServiceInfo
23 Sep 08:59:47 INFO   [geoserver.wms] - 
Request: getMap
	Angle = 0.0
	BaseUrl = http://localhost:8080/geoserver/
	Bbox = SRSEnvelope[1.1125562340963976E7 : 1.1126785333416538E7, 1553200.414754782 : 1554423.407207345]
	BgColor = java.awt.Color[r=255,g=255,b=255]
	Buffer = 0
	Clip = null
	CQLFilter = null
	Crs = PROJCS["WGS 84 / Pseudo-Mercator", 
  GEOGCS["WGS 84", 
    DATUM["World Geodetic System 1984", 
      SPHEROID["WGS 84", 6378137.0, 298.257223563, AUTHORITY["EPSG","7030"]], 
      AUTHORITY["EPSG","6326"]], 
    PRIMEM["Greenwich", 0.0, AUTHORITY["EPSG","8901"]], 
    UNIT["degree", 0.017453292519943295], 
    AXIS["Geodetic longitude", EAST], 
    AXIS["Geodetic latitude", NORTH], 
    AUTHORITY["EPSG","4326"]], 
  PROJECTION["Popular Visualisation Pseudo Mercator", AUTHORITY["EPSG","1024"]], 
  PARAMETER["semi_minor", 6378137.0], 
  PARAMETER["latitude_of_origin", 0.0], 
  PARAMETER["central_meridian", 0.0], 
  PARAMETER["scale_factor", 1.0], 
  PARAMETER["false_easting", 0.0], 
  PARAMETER["false_northing", 0.0], 
  UNIT["m", 1.0], 
  AXIS["Easting", EAST], 
  AXIS["Northing", NORTH], 
  AUTHORITY["EPSG","3857"]]
	Elevation = []
	Env = {}
	Exceptions = SE_XML
	FeatureId = null
	FeatureVersion = null
	Filter = null
	Format = image/png
	FormatOptions = {}
	Get = true
	Height = 256
	Interpolations = []
	Layers = [org.geoserver.wms.MapLayerInfo@145c4af0[description=<null>,label=Radit Boundary,layerFeatureConstraints=<null>,layerGroupMetadata={},layerInfo=SecuredLayerInfo[LayerInfoImpl[vec_s2s_vec_radit_boundary_ba3d1cda, resource:FeatureTypeInfoImpl[vec_s2s_vec_radit_boundary_ba3d1cda]]],name=vec_s2s_vec_radit_boundary_ba3d1cda,remoteFeatureSource=<null>,style=<null>,type=0]]
	MaxFeatures = null
	Palette = null
	RawKvp = {_T=1790153980122, REQUEST=GetMap, FORMAT=image/png, SRS=EPSG:3857, BBOX=11125562.340963976,1553200.414754782,11126785.333416538,1554423.407207345, VERSION=1.1.1, STYLES=, SERVICE=WMS, WIDTH=256, HEIGHT=256, TRANSPARENT=true, LAYERS=ws_30cad3c4:vec_s2s_vec_radit_boundary_ba3d1cda}
	RemoteOwsType = null
	RemoteOwsURL = null
	Request = GetMap
	RequestCharset = UTF-8
	ScaleMethod = null
	Sld = null
	SldBody = null
	SldVersion = null
	SortBy = null
	SortByArrays = null
	SRS = EPSG:3857
	StartIndex = null
	StyleBody = null
	StyleFormat = sld
	Styles = [StyleImpl[ name=style_vec_s2s_vec_radit_boundary_ba3d1cda]]
	StyleUrl = null
	StyleVersion = null
	Tiled = false
	TilesOrigin = null
	Time = []
	Transparent = true
	ValidateSchema = false
	Version = 1.1.1
	ViewParams = null
	Width = 256
23 Sep 08:59:47 INFO   [geoserver.wms] - 
Request: getMap
	Angle = 0.0
	BaseUrl = http://localhost:8080/geoserver/
	Bbox = SRSEnvelope[1.1124339348511413E7 : 1.1125562340963976E7, 1554423.407207345 : 1555646.3996599081]
	BgColor = java.awt.Color[r=255,g=255,b=255]
	Buffer = 0
	Clip = null
	CQLFilter = null
	Crs = PROJCS["WGS 84 / Pseudo-Mercator", 
  GEOGCS["WGS 84", 
    DATUM["World Geodetic System 1984", 
      SPHEROID["WGS 84", 6378137.0, 298.257223563, AUTHORITY["EPSG","7030"]], 
      AUTHORITY["EPSG","6326"]], 
    PRIMEM["Greenwich", 0.0, AUTHORITY["EPSG","8901"]], 
    UNIT["degree", 0.017453292519943295], 
    AXIS["Geodetic longitude", EAST], 
    AXIS["Geodetic latitude", NORTH], 
    AUTHORITY["EPSG","4326"]], 
  PROJECTION["Popular Visualisation Pseudo Mercator", AUTHORITY["EPSG","1024"]], 
  PARAMETER["semi_minor", 6378137.0], 
  PARAMETER["latitude_of_origin", 0.0], 
  PARAMETER["central_meridian", 0.0], 
  PARAMETER["scale_factor", 1.0], 
  PARAMETER["false_easting", 0.0], 
  PARAMETER["false_northing", 0.0], 
  UNIT["m", 1.0], 
  AXIS["Easting", EAST], 
  AXIS["Northing", NORTH], 
  AUTHORITY["EPSG","3857"]]
	Elevation = []
	Env = {}
	Exceptions = SE_XML
	FeatureId = null
	FeatureVersion = null
	Filter = null
	Format = image/png
	FormatOptions = {}
	Get = true
	Height = 256
	Interpolations = []
	Layers = [org.geoserver.wms.MapLayerInfo@65677478[description=<null>,label=Radit Boundary,layerFeatureConstraints=<null>,layerGroupMetadata={},layerInfo=SecuredLayerInfo[LayerInfoImpl[vec_s2s_vec_radit_boundary_ba3d1cda, resource:FeatureTypeInfoImpl[vec_s2s_vec_radit_boundary_ba3d1cda]]],name=vec_s2s_vec_radit_boundary_ba3d1cda,remoteFeatureSource=<null>,style=<null>,type=0]]
	MaxFeatures = null
	Palette = null
	RawKvp = {_T=1790153980122, REQUEST=GetMap, FORMAT=image/png, SRS=EPSG:3857, BBOX=11124339.348511413,1554423.407207345,11125562.340963976,1555646.3996599081, VERSION=1.1.1, STYLES=, SERVICE=WMS, WIDTH=256, HEIGHT=256, TRANSPARENT=true, LAYERS=ws_30cad3c4:vec_s2s_vec_radit_boundary_ba3d1cda}
	RemoteOwsType = null
	RemoteOwsURL = null
	Request = GetMap
	RequestCharset = UTF-8
	ScaleMethod = null
	Sld = null
	SldBody = null
	SldVersion = null
	SortBy = null
	SortByArrays = null
	SRS = EPSG:3857
	StartIndex = null
	StyleBody = null
	StyleFormat = sld
	Styles = [StyleImpl[ name=style_vec_s2s_vec_radit_boundary_ba3d1cda]]
	StyleUrl = null
	StyleVersion = null
	Tiled = false
	TilesOrigin = null
	Time = []
	Transparent = true
	ValidateSchema = false
	Version = 1.1.1
	ViewParams = null
	Width = 256
23 Sep 08:59:47 INFO   [geoserver.wms] - 
Request: getServiceInfo
23 Sep 08:59:47 INFO   [geoserver.flow] - Request [WMS 1.1.1 GetMap] starting, processing through flow controllers
23 Sep 08:59:47 INFO   [geoserver.wms] - 
Request: getMap
	Angle = 0.0
	BaseUrl = http://localhost:8080/geoserver/
	Bbox = SRSEnvelope[1.1129231318321664E7 : 1.1130454310774228E7, 1554423.407207345 : 1555646.3996599081]
	BgColor = java.awt.Color[r=255,g=255,b=255]
	Buffer = 0
	Clip = null
	CQLFilter = null
	Crs = PROJCS["WGS 84 / Pseudo-Mercator", 
  GEOGCS["WGS 84", 
    DATUM["World Geodetic System 1984", 
      SPHEROID["WGS 84", 6378137.0, 298.257223563, AUTHORITY["EPSG","7030"]], 
      AUTHORITY["EPSG","6326"]], 
    PRIMEM["Greenwich", 0.0, AUTHORITY["EPSG","8901"]], 
    UNIT["degree", 0.017453292519943295], 
    AXIS["Geodetic longitude", EAST], 
    AXIS["Geodetic latitude", NORTH], 
    AUTHORITY["EPSG","4326"]], 
  PROJECTION["Popular Visualisation Pseudo Mercator", AUTHORITY["EPSG","1024"]], 
  PARAMETER["semi_minor", 6378137.0], 
  PARAMETER["latitude_of_origin", 0.0], 
  PARAMETER["central_meridian", 0.0], 
  PARAMETER["scale_factor", 1.0], 
  PARAMETER["false_easting", 0.0], 
  PARAMETER["false_northing", 0.0], 
  UNIT["m", 1.0], 
  AXIS["Easting", EAST], 
  AXIS["Northing", NORTH], 
  AUTHORITY["EPSG","3857"]]
	Elevation = []
	Env = {}
	Exceptions = SE_XML
	FeatureId = null
	FeatureVersion = null
	Filter = null
	Format = image/png
	FormatOptions = {}
	Get = true
	Height = 256
	Interpolations = []
	Layers = [org.geoserver.wms.MapLayerInfo@4c423263[description=<null>,label=Radit Boundary,layerFeatureConstraints=<null>,layerGroupMetadata={},layerInfo=SecuredLayerInfo[LayerInfoImpl[vec_s2s_vec_radit_boundary_ba3d1cda, resource:FeatureTypeInfoImpl[vec_s2s_vec_radit_boundary_ba3d1cda]]],name=vec_s2s_vec_radit_boundary_ba3d1cda,remoteFeatureSource=<null>,style=<null>,type=0]]
	MaxFeatures = null
	Palette = null
	RawKvp = {_T=1790153980122, REQUEST=GetMap, FORMAT=image/png, SRS=EPSG:3857, BBOX=11129231.318321664,1554423.407207345,11130454.310774228,1555646.3996599081, VERSION=1.1.1, STYLES=, SERVICE=WMS, WIDTH=256, HEIGHT=256, TRANSPARENT=true, LAYERS=ws_30cad3c4:vec_s2s_vec_radit_boundary_ba3d1cda}
	RemoteOwsType = null
	RemoteOwsURL = null
	Request = GetMap
	RequestCharset = UTF-8
	ScaleMethod = null
	Sld = null
	SldBody = null
	SldVersion = null
	SortBy = null
	SortByArrays = null
	SRS = EPSG:3857
	StartIndex = null
	StyleBody = null
	StyleFormat = sld
	Styles = [StyleImpl[ name=style_vec_s2s_vec_radit_boundary_ba3d1cda]]
	StyleUrl = null
	StyleVersion = null
	Tiled = false
	TilesOrigin = null
	Time = []
	Transparent = true
	ValidateSchema = false
	Version = 1.1.1
	ViewParams = null
	Width = 256
23 Sep 08:59:47 INFO   [geoserver.flow] - releasing flow controllers for [WMS 1.1.1 GetMap]
23 Sep 08:59:47 INFO   [geoserver.flow] - Request completed, running requests: 3, blocked requests: 1
23 Sep 08:59:47 INFO   [geoserver.flow] - releasing flow controllers for [WMS 1.1.1 GetMap]
23 Sep 08:59:47 INFO   [geoserver.flow] - Request control-flow performed, running requests: 4, blocked requests: 0
23 Sep 08:59:47 INFO   [geoserver.flow] - releasing flow controllers for [WMS 1.1.1 GetMap]
23 Sep 08:59:47 INFO   [geoserver.wms] - 
Request: getMap
	Angle = 0.0
	BaseUrl = http://localhost:8080/geoserver/
	Bbox = SRSEnvelope[1.1128008325869102E7 : 1.1129231318321664E7, 1553200.414754782 : 1554423.407207345]
	BgColor = java.awt.Color[r=255,g=255,b=255]
	Buffer = 0
	Clip = null
	CQLFilter = null
	Crs = PROJCS["WGS 84 / Pseudo-Mercator", 
  GEOGCS["WGS 84", 
    DATUM["World Geodetic System 1984", 
      SPHEROID["WGS 84", 6378137.0, 298.257223563, AUTHORITY["EPSG","7030"]], 
      AUTHORITY["EPSG","6326"]], 
    PRIMEM["Greenwich", 0.0, AUTHORITY["EPSG","8901"]], 
    UNIT["degree", 0.017453292519943295], 
    AXIS["Geodetic longitude", EAST], 
    AXIS["Geodetic latitude", NORTH], 
    AUTHORITY["EPSG","4326"]], 
  PROJECTION["Popular Visualisation Pseudo Mercator", AUTHORITY["EPSG","1024"]], 
  PARAMETER["semi_minor", 6378137.0], 
  PARAMETER["latitude_of_origin", 0.0], 
  PARAMETER["central_meridian", 0.0], 
  PARAMETER["scale_factor", 1.0], 
  PARAMETER["false_easting", 0.0], 
  PARAMETER["false_northing", 0.0], 
  UNIT["m", 1.0], 
  AXIS["Easting", EAST], 
  AXIS["Northing", NORTH], 
  AUTHORITY["EPSG","3857"]]
	Elevation = []
	Env = {}
	Exceptions = SE_XML
	FeatureId = null
	FeatureVersion = null
	Filter = null
	Format = image/png
	FormatOptions = {}
	Get = true
	Height = 256
	Interpolations = []
	Layers = [org.geoserver.wms.MapLayerInfo@145409b2[description=<null>,label=Radit Boundary,layerFeatureConstraints=<null>,layerGroupMetadata={},layerInfo=SecuredLayerInfo[LayerInfoImpl[vec_s2s_vec_radit_boundary_ba3d1cda, resource:FeatureTypeInfoImpl[vec_s2s_vec_radit_boundary_ba3d1cda]]],name=vec_s2s_vec_radit_boundary_ba3d1cda,remoteFeatureSource=<null>,style=<null>,type=0]]
	MaxFeatures = null
	Palette = null
	RawKvp = {_T=1790153980122, REQUEST=GetMap, FORMAT=image/png, SRS=EPSG:3857, BBOX=11128008.325869102,1553200.414754782,11129231.318321664,1554423.407207345, VERSION=1.1.1, STYLES=, SERVICE=WMS, WIDTH=256, HEIGHT=256, TRANSPARENT=true, LAYERS=ws_30cad3c4:vec_s2s_vec_radit_boundary_ba3d1cda}
	RemoteOwsType = null
	RemoteOwsURL = null
	Request = GetMap
	RequestCharset = UTF-8
	ScaleMethod = null
	Sld = null
	SldBody = null
	SldVersion = null
	SortBy = null
	SortByArrays = null
	SRS = EPSG:3857
	StartIndex = null
	StyleBody = null
	StyleFormat = sld
	Styles = [StyleImpl[ name=style_vec_s2s_vec_radit_boundary_ba3d1cda]]
	StyleUrl = null
	StyleVersion = null
	Tiled = false
	TilesOrigin = null
	Time = []
	Transparent = true
	ValidateSchema = false
	Version = 1.1.1
	ViewParams = null
	Width = 256
23 Sep 08:59:47 INFO   [geoserver.flow] - Request [WMS 1.1.1 GetMap] starting, processing through flow controllers
23 Sep 08:59:47 INFO   [geoserver.wms] - 
Request: getServiceInfo
23 Sep 08:59:47 INFO   [geoserver.flow] - Request completed, running requests: 2, blocked requests: 1
23 Sep 08:59:47 INFO   [geoserver.wms] - 
Request: getMap
	Angle = 0.0
	BaseUrl = http://localhost:8080/geoserver/
	Bbox = SRSEnvelope[1.1124339348511413E7 : 1.1125562340963976E7, 1555646.3996599081 : 1556869.3921124712]
	BgColor = java.awt.Color[r=255,g=255,b=255]
	Buffer = 0
	Clip = null
	CQLFilter = null
	Crs = PROJCS["WGS 84 / Pseudo-Mercator", 
  GEOGCS["WGS 84", 
    DATUM["World Geodetic System 1984", 
      SPHEROID["WGS 84", 6378137.0, 298.257223563, AUTHORITY["EPSG","7030"]], 
      AUTHORITY["EPSG","6326"]], 
    PRIMEM["Greenwich", 0.0, AUTHORITY["EPSG","8901"]], 
    UNIT["degree", 0.017453292519943295], 
    AXIS["Geodetic longitude", EAST], 
    AXIS["Geodetic latitude", NORTH], 
    AUTHORITY["EPSG","4326"]], 
  PROJECTION["Popular Visualisation Pseudo Mercator", AUTHORITY["EPSG","1024"]], 
  PARAMETER["semi_minor", 6378137.0], 
  PARAMETER["latitude_of_origin", 0.0], 
  PARAMETER["central_meridian", 0.0], 
  PARAMETER["scale_factor", 1.0], 
  PARAMETER["false_easting", 0.0], 
  PARAMETER["false_northing", 0.0], 
  UNIT["m", 1.0], 
  AXIS["Easting", EAST], 
  AXIS["Northing", NORTH], 
  AUTHORITY["EPSG","3857"]]
	Elevation = []
	Env = {}
	Exceptions = SE_XML
	FeatureId = null
	FeatureVersion = null
	Filter = null
	Format = image/png
	FormatOptions = {}
	Get = true
	Height = 256
	Interpolations = []
	Layers = [org.geoserver.wms.MapLayerInfo@3fce8c04[description=<null>,label=Radit Boundary,layerFeatureConstraints=<null>,layerGroupMetadata={},layerInfo=SecuredLayerInfo[LayerInfoImpl[vec_s2s_vec_radit_boundary_ba3d1cda, resource:FeatureTypeInfoImpl[vec_s2s_vec_radit_boundary_ba3d1cda]]],name=vec_s2s_vec_radit_boundary_ba3d1cda,remoteFeatureSource=<null>,style=<null>,type=0]]
	MaxFeatures = null
	Palette = null
	RawKvp = {_T=1790153980122, REQUEST=GetMap, FORMAT=image/png, SRS=EPSG:3857, BBOX=11124339.348511413,1555646.3996599081,11125562.340963976,1556869.3921124712, VERSION=1.1.1, STYLES=, SERVICE=WMS, WIDTH=256, HEIGHT=256, TRANSPARENT=true, LAYERS=ws_30cad3c4:vec_s2s_vec_radit_boundary_ba3d1cda}
	RemoteOwsType = null
	RemoteOwsURL = null
	Request = GetMap
	RequestCharset = UTF-8
	ScaleMethod = null
	Sld = null
	SldBody = null
	SldVersion = null
	SortBy = null
	SortByArrays = null
	SRS = EPSG:3857
	StartIndex = null
	StyleBody = null
	StyleFormat = sld
	Styles = [StyleImpl[ name=style_vec_s2s_vec_radit_boundary_ba3d1cda]]
	StyleUrl = null
	StyleVersion = null
	Tiled = false
	TilesOrigin = null
	Time = []
	Transparent = true
	ValidateSchema = false
	Version = 1.1.1
	ViewParams = null
	Width = 256
23 Sep 08:59:47 INFO   [geoserver.flow] - Request [WMS 1.1.1 GetMap] starting, processing through flow controllers
23 Sep 08:59:47 INFO   [geoserver.flow] - Request completed, running requests: 2, blocked requests: 1
23 Sep 08:59:47 INFO   [geoserver.flow] - releasing flow controllers for [WMS 1.1.1 GetMap]
23 Sep 08:59:47 INFO   [geoserver.flow] - releasing flow controllers for [WMS 1.1.1 GetMap]
23 Sep 08:59:47 INFO   [geoserver.flow] - Request completed, running requests: 2, blocked requests: 0
23 Sep 08:59:47 INFO   [geoserver.flow] - Request control-flow performed, running requests: 2, blocked requests: 0
23 Sep 08:59:47 INFO   [geoserver.flow] - Request control-flow performed, running requests: 3, blocked requests: 1
23 Sep 08:59:47 INFO   [geoserver.wms] - 
Request: getServiceInfo
23 Sep 08:59:47 INFO   [geoserver.flow] - Request completed, running requests: 2, blocked requests: 0
23 Sep 08:59:47 INFO   [geoserver.flow] - Request [WMS 1.1.1 GetMap] starting, processing through flow controllers
23 Sep 08:59:47 INFO   [geoserver.flow] - Request control-flow performed, running requests: 3, blocked requests: 0
23 Sep 08:59:47 INFO   [geoserver.wms] - 
Request: getMap
	Angle = 0.0
	BaseUrl = http://localhost:8080/geoserver/
	Bbox = SRSEnvelope[1.1124339348511413E7 : 1.1125562340963976E7, 1553200.414754782 : 1554423.407207345]
	BgColor = java.awt.Color[r=255,g=255,b=255]
	Buffer = 0
	Clip = null
	CQLFilter = null
	Crs = PROJCS["WGS 84 / Pseudo-Mercator", 
  GEOGCS["WGS 84", 
    DATUM["World Geodetic System 1984", 
      SPHEROID["WGS 84", 6378137.0, 298.257223563, AUTHORITY["EPSG","7030"]], 
      AUTHORITY["EPSG","6326"]], 
    PRIMEM["Greenwich", 0.0, AUTHORITY["EPSG","8901"]], 
    UNIT["degree", 0.017453292519943295], 
    AXIS["Geodetic longitude", EAST], 
    AXIS["Geodetic latitude", NORTH], 
    AUTHORITY["EPSG","4326"]], 
  PROJECTION["Popular Visualisation Pseudo Mercator", AUTHORITY["EPSG","1024"]], 
  PARAMETER["semi_minor", 6378137.0], 
  PARAMETER["latitude_of_origin", 0.0], 
  PARAMETER["central_meridian", 0.0], 
  PARAMETER["scale_factor", 1.0], 
  PARAMETER["false_easting", 0.0], 
  PARAMETER["false_northing", 0.0], 
  UNIT["m", 1.0], 
  AXIS["Easting", EAST], 
  AXIS["Northing", NORTH], 
  AUTHORITY["EPSG","3857"]]
	Elevation = []
	Env = {}
	Exceptions = SE_XML
	FeatureId = null
	FeatureVersion = null
	Filter = null
	Format = image/png
	FormatOptions = {}
	Get = true
	Height = 256
	Interpolations = []
	Layers = [org.geoserver.wms.MapLayerInfo@7145b932[description=<null>,label=Radit Boundary,layerFeatureConstraints=<null>,layerGroupMetadata={},layerInfo=SecuredLayerInfo[LayerInfoImpl[vec_s2s_vec_radit_boundary_ba3d1cda, resource:FeatureTypeInfoImpl[vec_s2s_vec_radit_boundary_ba3d1cda]]],name=vec_s2s_vec_radit_boundary_ba3d1cda,remoteFeatureSource=<null>,style=<null>,type=0]]
	MaxFeatures = null
	Palette = null
	RawKvp = {_T=1790153980122, REQUEST=GetMap, FORMAT=image/png, SRS=EPSG:3857, BBOX=11124339.348511413,1553200.414754782,11125562.340963976,1554423.407207345, VERSION=1.1.1, STYLES=, SERVICE=WMS, WIDTH=256, HEIGHT=256, TRANSPARENT=true, LAYERS=ws_30cad3c4:vec_s2s_vec_radit_boundary_ba3d1cda}
	RemoteOwsType = null
	RemoteOwsURL = null
	Request = GetMap
	RequestCharset = UTF-8
	ScaleMethod = null
	Sld = null
	SldBody = null
	SldVersion = null
	SortBy = null
	SortByArrays = null
	SRS = EPSG:3857
	StartIndex = null
	StyleBody = null
	StyleFormat = sld
	Styles = [StyleImpl[ name=style_vec_s2s_vec_radit_boundary_ba3d1cda]]
	StyleUrl = null
	StyleVersion = null
	Tiled = false
	TilesOrigin = null
	Time = []
	Transparent = true
	ValidateSchema = false
	Version = 1.1.1
	ViewParams = null
	Width = 256
23 Sep 08:59:47 INFO   [geoserver.wms] - 
Request: getMap
	Angle = 0.0
	BaseUrl = http://localhost:8080/geoserver/
	Bbox = SRSEnvelope[1.1129231318321664E7 : 1.1130454310774228E7, 1555646.3996599081 : 1556869.3921124712]
	BgColor = java.awt.Color[r=255,g=255,b=255]
	Buffer = 0
	Clip = null
	CQLFilter = null
	Crs = PROJCS["WGS 84 / Pseudo-Mercator", 
  GEOGCS["WGS 84", 
    DATUM["World Geodetic System 1984", 
      SPHEROID["WGS 84", 6378137.0, 298.257223563, AUTHORITY["EPSG","7030"]], 
      AUTHORITY["EPSG","6326"]], 
    PRIMEM["Greenwich", 0.0, AUTHORITY["EPSG","8901"]], 
    UNIT["degree", 0.017453292519943295], 
    AXIS["Geodetic longitude", EAST], 
    AXIS["Geodetic latitude", NORTH], 
    AUTHORITY["EPSG","4326"]], 
  PROJECTION["Popular Visualisation Pseudo Mercator", AUTHORITY["EPSG","1024"]], 
  PARAMETER["semi_minor", 6378137.0], 
  PARAMETER["latitude_of_origin", 0.0], 
  PARAMETER["central_meridian", 0.0], 
  PARAMETER["scale_factor", 1.0], 
  PARAMETER["false_easting", 0.0], 
  PARAMETER["false_northing", 0.0], 
  UNIT["m", 1.0], 
  AXIS["Easting", EAST], 
  AXIS["Northing", NORTH], 
  AUTHORITY["EPSG","3857"]]
	Elevation = []
	Env = {}
	Exceptions = SE_XML
	FeatureId = null
	FeatureVersion = null
	Filter = null
	Format = image/png
	FormatOptions = {}
	Get = true
	Height = 256
	Interpolations = []
	Layers = [org.geoserver.wms.MapLayerInfo@7da75e59[description=<null>,label=Radit Boundary,layerFeatureConstraints=<null>,layerGroupMetadata={},layerInfo=SecuredLayerInfo[LayerInfoImpl[vec_s2s_vec_radit_boundary_ba3d1cda, resource:FeatureTypeInfoImpl[vec_s2s_vec_radit_boundary_ba3d1cda]]],name=vec_s2s_vec_radit_boundary_ba3d1cda,remoteFeatureSource=<null>,style=<null>,type=0]]
	MaxFeatures = null
	Palette = null
	RawKvp = {_T=1790153980122, REQUEST=GetMap, FORMAT=image/png, SRS=EPSG:3857, BBOX=11129231.318321664,1555646.3996599081,11130454.310774228,1556869.3921124712, VERSION=1.1.1, STYLES=, SERVICE=WMS, WIDTH=256, HEIGHT=256, TRANSPARENT=true, LAYERS=ws_30cad3c4:vec_s2s_vec_radit_boundary_ba3d1cda}
	RemoteOwsType = null
	RemoteOwsURL = null
	Request = GetMap
	RequestCharset = UTF-8
	ScaleMethod = null
	Sld = null
	SldBody = null
	SldVersion = null
	SortBy = null
	SortByArrays = null
	SRS = EPSG:3857
	StartIndex = null
	StyleBody = null
	StyleFormat = sld
	Styles = [StyleImpl[ name=style_vec_s2s_vec_radit_boundary_ba3d1cda]]
	StyleUrl = null
	StyleVersion = null
	Tiled = false
	TilesOrigin = null
	Time = []
	Transparent = true
	ValidateSchema = false
	Version = 1.1.1
	ViewParams = null
	Width = 256
23 Sep 08:59:47 INFO   [geoserver.flow] - releasing flow controllers for [WMS 1.1.1 GetMap]
23 Sep 08:59:47 INFO   [geoserver.wms] - 
Request: getMap
	Angle = 0.0
	BaseUrl = http://localhost:8080/geoserver/
	Bbox = SRSEnvelope[1.1129231318321664E7 : 1.1130454310774228E7, 1553200.414754782 : 1554423.407207345]
	BgColor = java.awt.Color[r=255,g=255,b=255]
	Buffer = 0
	Clip = null
	CQLFilter = null
	Crs = PROJCS["WGS 84 / Pseudo-Mercator", 
  GEOGCS["WGS 84", 
    DATUM["World Geodetic System 1984", 
      SPHEROID["WGS 84", 6378137.0, 298.257223563, AUTHORITY["EPSG","7030"]], 
      AUTHORITY["EPSG","6326"]], 
    PRIMEM["Greenwich", 0.0, AUTHORITY["EPSG","8901"]], 
    UNIT["degree", 0.017453292519943295], 
    AXIS["Geodetic longitude", EAST], 
    AXIS["Geodetic latitude", NORTH], 
    AUTHORITY["EPSG","4326"]], 
  PROJECTION["Popular Visualisation Pseudo Mercator", AUTHORITY["EPSG","1024"]], 
  PARAMETER["semi_minor", 6378137.0], 
  PARAMETER["latitude_of_origin", 0.0], 
  PARAMETER["central_meridian", 0.0], 
  PARAMETER["scale_factor", 1.0], 
  PARAMETER["false_easting", 0.0], 
  PARAMETER["false_northing", 0.0], 
  UNIT["m", 1.0], 
  AXIS["Easting", EAST], 
  AXIS["Northing", NORTH], 
  AUTHORITY["EPSG","3857"]]
	Elevation = []
	Env = {}
	Exceptions = SE_XML
	FeatureId = null
	FeatureVersion = null
	Filter = null
	Format = image/png
	FormatOptions = {}
	Get = true
	Height = 256
	Interpolations = []
	Layers = [org.geoserver.wms.MapLayerInfo@52ce728b[description=<null>,label=Radit Boundary,layerFeatureConstraints=<null>,layerGroupMetadata={},layerInfo=SecuredLayerInfo[LayerInfoImpl[vec_s2s_vec_radit_boundary_ba3d1cda, resource:FeatureTypeInfoImpl[vec_s2s_vec_radit_boundary_ba3d1cda]]],name=vec_s2s_vec_radit_boundary_ba3d1cda,remoteFeatureSource=<null>,style=<null>,type=0]]
	MaxFeatures = null
	Palette = null
	RawKvp = {_T=1790153980122, REQUEST=GetMap, FORMAT=image/png, SRS=EPSG:3857, BBOX=11129231.318321664,1553200.414754782,11130454.310774228,1554423.407207345, VERSION=1.1.1, STYLES=, SERVICE=WMS, WIDTH=256, HEIGHT=256, TRANSPARENT=true, LAYERS=ws_30cad3c4:vec_s2s_vec_radit_boundary_ba3d1cda}
	RemoteOwsType = null
	RemoteOwsURL = null
	Request = GetMap
	RequestCharset = UTF-8
	ScaleMethod = null
	Sld = null
	SldBody = null
	SldVersion = null
	SortBy = null
	SortByArrays = null
	SRS = EPSG:3857
	StartIndex = null
	StyleBody = null
	StyleFormat = sld
	Styles = [StyleImpl[ name=style_vec_s2s_vec_radit_boundary_ba3d1cda]]
	StyleUrl = null
	StyleVersion = null
	Tiled = false
	TilesOrigin = null
	Time = []
	Transparent = true
	ValidateSchema = false
	Version = 1.1.1
	ViewParams = null
	Width = 256
23 Sep 08:59:47 INFO   [geoserver.flow] - Request completed, running requests: 1, blocked requests: 0
23 Sep 08:59:47 INFO   [geoserver.flow] - releasing flow controllers for [WMS 1.1.1 GetMap]
23 Sep 08:59:47 INFO   [geoserver.flow] - Request completed, running requests: 1, blocked requests: 0
23 Sep 08:59:47 INFO   [geoserver.flow] - releasing flow controllers for [WMS 1.1.1 GetMap]
23 Sep 08:59:47 INFO   [geoserver.flow] - Request completed, running requests: 0, blocked requests: 0
23 Sep 08:59:48 INFO   [geoserver.wms] - 
Request: getServiceInfo
23 Sep 08:59:48 INFO   [geoserver.wms] - 
Request: getServiceInfo
23 Sep 08:59:48 INFO   [geoserver.wms] - 
Request: getServiceInfo
23 Sep 08:59:48 INFO   [geoserver.flow] - Request [WMS 1.1.1 GetMap] starting, processing through flow controllers
23 Sep 08:59:48 INFO   [geoserver.flow] - Request control-flow performed, running requests: 1, blocked requests: 2
23 Sep 08:59:48 INFO   [geoserver.flow] - Request [WMS 1.1.1 GetMap] starting, processing through flow controllers
23 Sep 08:59:48 INFO   [geoserver.wms] - 
Request: getServiceInfo
23 Sep 08:59:48 INFO   [geoserver.wms] - 
Request: getServiceInfo
23 Sep 08:59:48 INFO   [geoserver.flow] - Request control-flow performed, running requests: 2, blocked requests: 1
23 Sep 08:59:48 INFO   [geoserver.flow] - Request [WMS 1.1.1 GetMap] starting, processing through flow controllers
23 Sep 08:59:48 INFO   [geoserver.flow] - Request [WMS 1.1.1 GetMap] starting, processing through flow controllers
23 Sep 08:59:48 INFO   [geoserver.wms] - 
Request: getServiceInfo
23 Sep 08:59:48 INFO   [geoserver.flow] - Request [WMS 1.1.1 GetMap] starting, processing through flow controllers
23 Sep 08:59:48 INFO   [geoserver.flow] - Request control-flow performed, running requests: 5, blocked requests: 1
23 Sep 08:59:48 INFO   [geoserver.flow] - Request [WMS 1.1.1 GetMap] starting, processing through flow controllers
23 Sep 08:59:48 INFO   [geoserver.flow] - Request control-flow performed, running requests: 3, blocked requests: 2
23 Sep 08:59:48 INFO   [geoserver.flow] - Request control-flow performed, running requests: 4, blocked requests: 2
23 Sep 08:59:48 INFO   [geoserver.flow] - Request control-flow performed, running requests: 6, blocked requests: 0
23 Sep 08:59:48 INFO   [geoserver.wms] - 
Request: getMap
	Angle = 0.0
	BaseUrl = http://localhost:8080/geoserver/
	Bbox = SRSEnvelope[1.1134123288131915E7 : 1.113656927303704E7, 1553200.414754782 : 1555646.3996599081]
	BgColor = java.awt.Color[r=255,g=255,b=255]
	Buffer = 0
	Clip = null
	CQLFilter = null
	Crs = PROJCS["WGS 84 / Pseudo-Mercator", 
  GEOGCS["WGS 84", 
    DATUM["World Geodetic System 1984", 
      SPHEROID["WGS 84", 6378137.0, 298.257223563, AUTHORITY["EPSG","7030"]], 
      AUTHORITY["EPSG","6326"]], 
    PRIMEM["Greenwich", 0.0, AUTHORITY["EPSG","8901"]], 
    UNIT["degree", 0.017453292519943295], 
    AXIS["Geodetic longitude", EAST], 
    AXIS["Geodetic latitude", NORTH], 
    AUTHORITY["EPSG","4326"]], 
  PROJECTION["Popular Visualisation Pseudo Mercator", AUTHORITY["EPSG","1024"]], 
  PARAMETER["semi_minor", 6378137.0], 
  PARAMETER["latitude_of_origin", 0.0], 
  PARAMETER["central_meridian", 0.0], 
  PARAMETER["scale_factor", 1.0], 
  PARAMETER["false_easting", 0.0], 
  PARAMETER["false_northing", 0.0], 
  UNIT["m", 1.0], 
  AXIS["Easting", EAST], 
  AXIS["Northing", NORTH], 
  AUTHORITY["EPSG","3857"]]
	Elevation = []
	Env = {}
	Exceptions = SE_XML
	FeatureId = null
	FeatureVersion = null
	Filter = null
	Format = image/png
	FormatOptions = {}
	Get = true
	Height = 256
	Interpolations = []
	Layers = [org.geoserver.wms.MapLayerInfo@437cd77b[description=<null>,label=Radit Boundary,layerFeatureConstraints=<null>,layerGroupMetadata={},layerInfo=SecuredLayerInfo[LayerInfoImpl[vec_s2s_vec_radit_boundary_ba3d1cda, resource:FeatureTypeInfoImpl[vec_s2s_vec_radit_boundary_ba3d1cda]]],name=vec_s2s_vec_radit_boundary_ba3d1cda,remoteFeatureSource=<null>,style=<null>,type=0]]
	MaxFeatures = null
	Palette = null
	RawKvp = {_T=1790153980122, REQUEST=GetMap, FORMAT=image/png, SRS=EPSG:3857, BBOX=11134123.288131915,1553200.414754782,11136569.27303704,1555646.3996599081, VERSION=1.1.1, STYLES=, SERVICE=WMS, WIDTH=256, HEIGHT=256, TRANSPARENT=true, LAYERS=ws_30cad3c4:vec_s2s_vec_radit_boundary_ba3d1cda}
	RemoteOwsType = null
	RemoteOwsURL = null
	Request = GetMap
	RequestCharset = UTF-8
	ScaleMethod = null
	Sld = null
	SldBody = null
	SldVersion = null
	SortBy = null
	SortByArrays = null
	SRS = EPSG:3857
	StartIndex = null
	StyleBody = null
	StyleFormat = sld
	Styles = [StyleImpl[ name=style_vec_s2s_vec_radit_boundary_ba3d1cda]]
	StyleUrl = null
	StyleVersion = null
	Tiled = false
	TilesOrigin = null
	Time = []
	Transparent = true
	ValidateSchema = false
	Version = 1.1.1
	ViewParams = null
	Width = 256
23 Sep 08:59:48 INFO   [geoserver.wms] - 
Request: getMap
	Angle = 0.0
	BaseUrl = http://localhost:8080/geoserver/
	Bbox = SRSEnvelope[1.113656927303704E7 : 1.1139015257942166E7, 1558092.3845650323 : 1560538.369470159]
	BgColor = java.awt.Color[r=255,g=255,b=255]
	Buffer = 0
	Clip = null
	CQLFilter = null
	Crs = PROJCS["WGS 84 / Pseudo-Mercator", 
  GEOGCS["WGS 84", 
    DATUM["World Geodetic System 1984", 
      SPHEROID["WGS 84", 6378137.0, 298.257223563, AUTHORITY["EPSG","7030"]], 
      AUTHORITY["EPSG","6326"]], 
    PRIMEM["Greenwich", 0.0, AUTHORITY["EPSG","8901"]], 
    UNIT["degree", 0.017453292519943295], 
    AXIS["Geodetic longitude", EAST], 
    AXIS["Geodetic latitude", NORTH], 
    AUTHORITY["EPSG","4326"]], 
  PROJECTION["Popular Visualisation Pseudo Mercator", AUTHORITY["EPSG","1024"]], 
  PARAMETER["semi_minor", 6378137.0], 
  PARAMETER["latitude_of_origin", 0.0], 
  PARAMETER["central_meridian", 0.0], 
  PARAMETER["scale_factor", 1.0], 
  PARAMETER["false_easting", 0.0], 
  PARAMETER["false_northing", 0.0], 
  UNIT["m", 1.0], 
  AXIS["Easting", EAST], 
  AXIS["Northing", NORTH], 
  AUTHORITY["EPSG","3857"]]
	Elevation = []
	Env = {}
	Exceptions = SE_XML
	FeatureId = null
	FeatureVersion = null
	Filter = null
	Format = image/png
	FormatOptions = {}
	Get = true
	Height = 256
	Interpolations = []
	Layers = [org.geoserver.wms.MapLayerInfo@4dbd344d[description=<null>,label=Radit Boundary,layerFeatureConstraints=<null>,layerGroupMetadata={},layerInfo=SecuredLayerInfo[LayerInfoImpl[vec_s2s_vec_radit_boundary_ba3d1cda, resource:FeatureTypeInfoImpl[vec_s2s_vec_radit_boundary_ba3d1cda]]],name=vec_s2s_vec_radit_boundary_ba3d1cda,remoteFeatureSource=<null>,style=<null>,type=0]]
	MaxFeatures = null
	Palette = null
	RawKvp = {_T=1790153980122, REQUEST=GetMap, FORMAT=image/png, SRS=EPSG:3857, BBOX=11136569.27303704,1558092.3845650323,11139015.257942166,1560538.369470159, VERSION=1.1.1, STYLES=, SERVICE=WMS, WIDTH=256, HEIGHT=256, TRANSPARENT=true, LAYERS=ws_30cad3c4:vec_s2s_vec_radit_boundary_ba3d1cda}
	RemoteOwsType = null
	RemoteOwsURL = null
	Request = GetMap
	RequestCharset = UTF-8
	ScaleMethod = null
	Sld = null
	SldBody = null
	SldVersion = null
	SortBy = null
	SortByArrays = null
	SRS = EPSG:3857
	StartIndex = null
	StyleBody = null
	StyleFormat = sld
	Styles = [StyleImpl[ name=style_vec_s2s_vec_radit_boundary_ba3d1cda]]
	StyleUrl = null
	StyleVersion = null
	Tiled = false
	TilesOrigin = null
	Time = []
	Transparent = true
	ValidateSchema = false
	Version = 1.1.1
	ViewParams = null
	Width = 256
23 Sep 08:59:48 INFO   [geoserver.wms] - 
Request: getMap
	Angle = 0.0
	BaseUrl = http://localhost:8080/geoserver/
	Bbox = SRSEnvelope[1.1134123288131915E7 : 1.113656927303704E7, 1558092.3845650323 : 1560538.369470159]
	BgColor = java.awt.Color[r=255,g=255,b=255]
	Buffer = 0
	Clip = null
	CQLFilter = null
	Crs = PROJCS["WGS 84 / Pseudo-Mercator", 
  GEOGCS["WGS 84", 
    DATUM["World Geodetic System 1984", 
      SPHEROID["WGS 84", 6378137.0, 298.257223563, AUTHORITY["EPSG","7030"]], 
      AUTHORITY["EPSG","6326"]], 
    PRIMEM["Greenwich", 0.0, AUTHORITY["EPSG","8901"]], 
    UNIT["degree", 0.017453292519943295], 
    AXIS["Geodetic longitude", EAST], 
    AXIS["Geodetic latitude", NORTH], 
    AUTHORITY["EPSG","4326"]], 
  PROJECTION["Popular Visualisation Pseudo Mercator", AUTHORITY["EPSG","1024"]], 
  PARAMETER["semi_minor", 6378137.0], 
  PARAMETER["latitude_of_origin", 0.0], 
  PARAMETER["central_meridian", 0.0], 
  PARAMETER["scale_factor", 1.0], 
  PARAMETER["false_easting", 0.0], 
  PARAMETER["false_northing", 0.0], 
  UNIT["m", 1.0], 
  AXIS["Easting", EAST], 
  AXIS["Northing", NORTH], 
  AUTHORITY["EPSG","3857"]]
	Elevation = []
	Env = {}
	Exceptions = SE_XML
	FeatureId = null
	FeatureVersion = null
	Filter = null
	Format = image/png
	FormatOptions = {}
	Get = true
	Height = 256
	Interpolations = []
	Layers = [org.geoserver.wms.MapLayerInfo@1a70194[description=<null>,label=Radit Boundary,layerFeatureConstraints=<null>,layerGroupMetadata={},layerInfo=SecuredLayerInfo[LayerInfoImpl[vec_s2s_vec_radit_boundary_ba3d1cda, resource:FeatureTypeInfoImpl[vec_s2s_vec_radit_boundary_ba3d1cda]]],name=vec_s2s_vec_radit_boundary_ba3d1cda,remoteFeatureSource=<null>,style=<null>,type=0]]
	MaxFeatures = null
	Palette = null
	RawKvp = {_T=1790153980122, REQUEST=GetMap, FORMAT=image/png, SRS=EPSG:3857, BBOX=11134123.288131915,1558092.3845650323,11136569.27303704,1560538.369470159, VERSION=1.1.1, STYLES=, SERVICE=WMS, WIDTH=256, HEIGHT=256, TRANSPARENT=true, LAYERS=ws_30cad3c4:vec_s2s_vec_radit_boundary_ba3d1cda}
	RemoteOwsType = null
	RemoteOwsURL = null
	Request = GetMap
	RequestCharset = UTF-8
	ScaleMethod = null
	Sld = null
	SldBody = null
	SldVersion = null
	SortBy = null
	SortByArrays = null
	SRS = EPSG:3857
	StartIndex = null
	StyleBody = null
	StyleFormat = sld
	Styles = [StyleImpl[ name=style_vec_s2s_vec_radit_boundary_ba3d1cda]]
	StyleUrl = null
	StyleVersion = null
	Tiled = false
	TilesOrigin = null
	Time = []
	Transparent = true
	ValidateSchema = false
	Version = 1.1.1
	ViewParams = null
	Width = 256
23 Sep 08:59:48 INFO   [geoserver.wms] - 
Request: getMap
	Angle = 0.0
	BaseUrl = http://localhost:8080/geoserver/
	Bbox = SRSEnvelope[1.113656927303704E7 : 1.1139015257942166E7, 1553200.414754782 : 1555646.3996599081]
	BgColor = java.awt.Color[r=255,g=255,b=255]
	Buffer = 0
	Clip = null
	CQLFilter = null
	Crs = PROJCS["WGS 84 / Pseudo-Mercator", 
  GEOGCS["WGS 84", 
    DATUM["World Geodetic System 1984", 
      SPHEROID["WGS 84", 6378137.0, 298.257223563, AUTHORITY["EPSG","7030"]], 
      AUTHORITY["EPSG","6326"]], 
    PRIMEM["Greenwich", 0.0, AUTHORITY["EPSG","8901"]], 
    UNIT["degree", 0.017453292519943295], 
    AXIS["Geodetic longitude", EAST], 
    AXIS["Geodetic latitude", NORTH], 
    AUTHORITY["EPSG","4326"]], 
  PROJECTION["Popular Visualisation Pseudo Mercator", AUTHORITY["EPSG","1024"]], 
  PARAMETER["semi_minor", 6378137.0], 
  PARAMETER["latitude_of_origin", 0.0], 
  PARAMETER["central_meridian", 0.0], 
  PARAMETER["scale_factor", 1.0], 
  PARAMETER["false_easting", 0.0], 
  PARAMETER["false_northing", 0.0], 
  UNIT["m", 1.0], 
  AXIS["Easting", EAST], 
  AXIS["Northing", NORTH], 
  AUTHORITY["EPSG","3857"]]
	Elevation = []
	Env = {}
	Exceptions = SE_XML
	FeatureId = null
	FeatureVersion = null
	Filter = null
	Format = image/png
	FormatOptions = {}
	Get = true
	Height = 256
	Interpolations = []
	Layers = [org.geoserver.wms.MapLayerInfo@16a2cc4c[description=<null>,label=Radit Boundary,layerFeatureConstraints=<null>,layerGroupMetadata={},layerInfo=SecuredLayerInfo[LayerInfoImpl[vec_s2s_vec_radit_boundary_ba3d1cda, resource:FeatureTypeInfoImpl[vec_s2s_vec_radit_boundary_ba3d1cda]]],name=vec_s2s_vec_radit_boundary_ba3d1cda,remoteFeatureSource=<null>,style=<null>,type=0]]
	MaxFeatures = null
	Palette = null
	RawKvp = {_T=1790153980122, REQUEST=GetMap, FORMAT=image/png, SRS=EPSG:3857, BBOX=11136569.27303704,1553200.414754782,11139015.257942166,1555646.3996599081, VERSION=1.1.1, STYLES=, SERVICE=WMS, WIDTH=256, HEIGHT=256, TRANSPARENT=true, LAYERS=ws_30cad3c4:vec_s2s_vec_radit_boundary_ba3d1cda}
	RemoteOwsType = null
	RemoteOwsURL = null
	Request = GetMap
	RequestCharset = UTF-8
	ScaleMethod = null
	Sld = null
	SldBody = null
	SldVersion = null
	SortBy = null
	SortByArrays = null
	SRS = EPSG:3857
	StartIndex = null
	StyleBody = null
	StyleFormat = sld
	Styles = [StyleImpl[ name=style_vec_s2s_vec_radit_boundary_ba3d1cda]]
	StyleUrl = null
	StyleVersion = null
	Tiled = false
	TilesOrigin = null
	Time = []
	Transparent = true
	ValidateSchema = false
	Version = 1.1.1
	ViewParams = null
	Width = 256
23 Sep 08:59:48 INFO   [geoserver.flow] - releasing flow controllers for [WMS 1.1.1 GetMap]
23 Sep 08:59:48 INFO   [geoserver.wms] - 
Request: getMap
	Angle = 0.0
	BaseUrl = http://localhost:8080/geoserver/
	Bbox = SRSEnvelope[1.1134123288131915E7 : 1.113656927303704E7, 1555646.3996599081 : 1558092.3845650323]
	BgColor = java.awt.Color[r=255,g=255,b=255]
	Buffer = 0
	Clip = null
	CQLFilter = null
	Crs = PROJCS["WGS 84 / Pseudo-Mercator", 
  GEOGCS["WGS 84", 
    DATUM["World Geodetic System 1984", 
      SPHEROID["WGS 84", 6378137.0, 298.257223563, AUTHORITY["EPSG","7030"]], 
      AUTHORITY["EPSG","6326"]], 
    PRIMEM["Greenwich", 0.0, AUTHORITY["EPSG","8901"]], 
    UNIT["degree", 0.017453292519943295], 
    AXIS["Geodetic longitude", EAST], 
    AXIS["Geodetic latitude", NORTH], 
    AUTHORITY["EPSG","4326"]], 
  PROJECTION["Popular Visualisation Pseudo Mercator", AUTHORITY["EPSG","1024"]], 
  PARAMETER["semi_minor", 6378137.0], 
  PARAMETER["latitude_of_origin", 0.0], 
  PARAMETER["central_meridian", 0.0], 
  PARAMETER["scale_factor", 1.0], 
  PARAMETER["false_easting", 0.0], 
  PARAMETER["false_northing", 0.0], 
  UNIT["m", 1.0], 
  AXIS["Easting", EAST], 
  AXIS["Northing", NORTH], 
  AUTHORITY["EPSG","3857"]]
	Elevation = []
	Env = {}
	Exceptions = SE_XML
	FeatureId = null
	FeatureVersion = null
	Filter = null
	Format = image/png
	FormatOptions = {}
	Get = true
	Height = 256
	Interpolations = []
	Layers = [org.geoserver.wms.MapLayerInfo@7bb4ddf9[description=<null>,label=Radit Boundary,layerFeatureConstraints=<null>,layerGroupMetadata={},layerInfo=SecuredLayerInfo[LayerInfoImpl[vec_s2s_vec_radit_boundary_ba3d1cda, resource:FeatureTypeInfoImpl[vec_s2s_vec_radit_boundary_ba3d1cda]]],name=vec_s2s_vec_radit_boundary_ba3d1cda,remoteFeatureSource=<null>,style=<null>,type=0]]
	MaxFeatures = null
	Palette = null
	RawKvp = {_T=1790153980122, REQUEST=GetMap, FORMAT=image/png, SRS=EPSG:3857, BBOX=11134123.288131915,1555646.3996599081,11136569.27303704,1558092.3845650323, VERSION=1.1.1, STYLES=, SERVICE=WMS, WIDTH=256, HEIGHT=256, TRANSPARENT=true, LAYERS=ws_30cad3c4:vec_s2s_vec_radit_boundary_ba3d1cda}
	RemoteOwsType = null
	RemoteOwsURL = null
	Request = GetMap
	RequestCharset = UTF-8
	ScaleMethod = null
	Sld = null
	SldBody = null
	SldVersion = null
	SortBy = null
	SortByArrays = null
	SRS = EPSG:3857
	StartIndex = null
	StyleBody = null
	StyleFormat = sld
	Styles = [StyleImpl[ name=style_vec_s2s_vec_radit_boundary_ba3d1cda]]
	StyleUrl = null
	StyleVersion = null
	Tiled = false
	TilesOrigin = null
	Time = []
	Transparent = true
	ValidateSchema = false
	Version = 1.1.1
	ViewParams = null
	Width = 256
23 Sep 08:59:48 INFO   [geoserver.flow] - releasing flow controllers for [WMS 1.1.1 GetMap]
23 Sep 08:59:48 INFO   [geoserver.flow] - releasing flow controllers for [WMS 1.1.1 GetMap]
23 Sep 08:59:48 INFO   [geoserver.flow] - Request completed, running requests: 2, blocked requests: 0
23 Sep 08:59:48 INFO   [geoserver.flow] - releasing flow controllers for [WMS 1.1.1 GetMap]
23 Sep 08:59:48 INFO   [geoserver.flow] - releasing flow controllers for [WMS 1.1.1 GetMap]
23 Sep 08:59:48 INFO   [geoserver.wms] - 
Request: getMap
	Angle = 0.0
	BaseUrl = http://localhost:8080/geoserver/
	Bbox = SRSEnvelope[1.113656927303704E7 : 1.1139015257942166E7, 1555646.3996599081 : 1558092.3845650323]
	BgColor = java.awt.Color[r=255,g=255,b=255]
	Buffer = 0
	Clip = null
	CQLFilter = null
	Crs = PROJCS["WGS 84 / Pseudo-Mercator", 
  GEOGCS["WGS 84", 
    DATUM["World Geodetic System 1984", 
      SPHEROID["WGS 84", 6378137.0, 298.257223563, AUTHORITY["EPSG","7030"]], 
      AUTHORITY["EPSG","6326"]], 
    PRIMEM["Greenwich", 0.0, AUTHORITY["EPSG","8901"]], 
    UNIT["degree", 0.017453292519943295], 
    AXIS["Geodetic longitude", EAST], 
    AXIS["Geodetic latitude", NORTH], 
    AUTHORITY["EPSG","4326"]], 
  PROJECTION["Popular Visualisation Pseudo Mercator", AUTHORITY["EPSG","1024"]], 
  PARAMETER["semi_minor", 6378137.0], 
  PARAMETER["latitude_of_origin", 0.0], 
  PARAMETER["central_meridian", 0.0], 
  PARAMETER["scale_factor", 1.0], 
  PARAMETER["false_easting", 0.0], 
  PARAMETER["false_northing", 0.0], 
  UNIT["m", 1.0], 
  AXIS["Easting", EAST], 
  AXIS["Northing", NORTH], 
  AUTHORITY["EPSG","3857"]]
	Elevation = []
	Env = {}
	Exceptions = SE_XML
	FeatureId = null
	FeatureVersion = null
	Filter = null
	Format = image/png
	FormatOptions = {}
	Get = true
	Height = 256
	Interpolations = []
	Layers = [org.geoserver.wms.MapLayerInfo@296144d7[description=<null>,label=Radit Boundary,layerFeatureConstraints=<null>,layerGroupMetadata={},layerInfo=SecuredLayerInfo[LayerInfoImpl[vec_s2s_vec_radit_boundary_ba3d1cda, resource:FeatureTypeInfoImpl[vec_s2s_vec_radit_boundary_ba3d1cda]]],name=vec_s2s_vec_radit_boundary_ba3d1cda,remoteFeatureSource=<null>,style=<null>,type=0]]
	MaxFeatures = null
	Palette = null
	RawKvp = {_T=1790153980122, REQUEST=GetMap, FORMAT=image/png, SRS=EPSG:3857, BBOX=11136569.27303704,1555646.3996599081,11139015.257942166,1558092.3845650323, VERSION=1.1.1, STYLES=, SERVICE=WMS, WIDTH=256, HEIGHT=256, TRANSPARENT=true, LAYERS=ws_30cad3c4:vec_s2s_vec_radit_boundary_ba3d1cda}
	RemoteOwsType = null
	RemoteOwsURL = null
	Request = GetMap
	RequestCharset = UTF-8
	ScaleMethod = null
	Sld = null
	SldBody = null
	SldVersion = null
	SortBy = null
	SortByArrays = null
	SRS = EPSG:3857
	StartIndex = null
	StyleBody = null
	StyleFormat = sld
	Styles = [StyleImpl[ name=style_vec_s2s_vec_radit_boundary_ba3d1cda]]
	StyleUrl = null
	StyleVersion = null
	Tiled = false
	TilesOrigin = null
	Time = []
	Transparent = true
	ValidateSchema = false
	Version = 1.1.1
	ViewParams = null
	Width = 256
23 Sep 08:59:48 INFO   [geoserver.flow] - Request completed, running requests: 2, blocked requests: 0
23 Sep 08:59:48 INFO   [geoserver.flow] - Request completed, running requests: 1, blocked requests: 0
23 Sep 08:59:48 INFO   [geoserver.flow] - Request completed, running requests: 1, blocked requests: 0
23 Sep 08:59:48 INFO   [geoserver.flow] - releasing flow controllers for [WMS 1.1.1 GetMap]
23 Sep 08:59:48 INFO   [geoserver.flow] - Request completed, running requests: 1, blocked requests: 0
23 Sep 08:59:48 INFO   [geoserver.wms] - 
Request: getServiceInfo
23 Sep 08:59:48 INFO   [geoserver.wms] - 
Request: getServiceInfo
23 Sep 08:59:48 INFO   [geoserver.flow] - Request completed, running requests: 0, blocked requests: 0
23 Sep 08:59:48 INFO   [geoserver.flow] - Request [WMS 1.1.1 GetMap] starting, processing through flow controllers
23 Sep 08:59:48 INFO   [geoserver.flow] - Request control-flow performed, running requests: 1, blocked requests: 1
23 Sep 08:59:48 INFO   [geoserver.wms] - 
Request: getServiceInfo
23 Sep 08:59:48 INFO   [geoserver.flow] - Request [WMS 1.1.1 GetMap] starting, processing through flow controllers
23 Sep 08:59:48 INFO   [geoserver.wms] - 
Request: getServiceInfo
23 Sep 08:59:48 INFO   [geoserver.flow] - Request [WMS 1.1.1 GetMap] starting, processing through flow controllers
23 Sep 08:59:48 INFO   [geoserver.flow] - Request control-flow performed, running requests: 2, blocked requests: 1
23 Sep 08:59:48 INFO   [geoserver.wms] - 
Request: getMap
	Angle = 0.0
	BaseUrl = http://localhost:8080/geoserver/
	Bbox = SRSEnvelope[1.1139015257942166E7 : 1.1141461242847292E7, 1555646.3996599081 : 1558092.3845650323]
	BgColor = java.awt.Color[r=255,g=255,b=255]
	Buffer = 0
	Clip = null
	CQLFilter = null
	Crs = PROJCS["WGS 84 / Pseudo-Mercator", 
  GEOGCS["WGS 84", 
    DATUM["World Geodetic System 1984", 
      SPHEROID["WGS 84", 6378137.0, 298.257223563, AUTHORITY["EPSG","7030"]], 
      AUTHORITY["EPSG","6326"]], 
    PRIMEM["Greenwich", 0.0, AUTHORITY["EPSG","8901"]], 
    UNIT["degree", 0.017453292519943295], 
    AXIS["Geodetic longitude", EAST], 
    AXIS["Geodetic latitude", NORTH], 
    AUTHORITY["EPSG","4326"]], 
  PROJECTION["Popular Visualisation Pseudo Mercator", AUTHORITY["EPSG","1024"]], 
  PARAMETER["semi_minor", 6378137.0], 
  PARAMETER["latitude_of_origin", 0.0], 
  PARAMETER["central_meridian", 0.0], 
  PARAMETER["scale_factor", 1.0], 
  PARAMETER["false_easting", 0.0], 
  PARAMETER["false_northing", 0.0], 
  UNIT["m", 1.0], 
  AXIS["Easting", EAST], 
  AXIS["Northing", NORTH], 
  AUTHORITY["EPSG","3857"]]
	Elevation = []
	Env = {}
	Exceptions = SE_XML
	FeatureId = null
	FeatureVersion = null
	Filter = null
	Format = image/png
	FormatOptions = {}
	Get = true
	Height = 256
	Interpolations = []
	Layers = [org.geoserver.wms.MapLayerInfo@55b36e83[description=<null>,label=Radit Boundary,layerFeatureConstraints=<null>,layerGroupMetadata={},layerInfo=SecuredLayerInfo[LayerInfoImpl[vec_s2s_vec_radit_boundary_ba3d1cda, resource:FeatureTypeInfoImpl[vec_s2s_vec_radit_boundary_ba3d1cda]]],name=vec_s2s_vec_radit_boundary_ba3d1cda,remoteFeatureSource=<null>,style=<null>,type=0]]
	MaxFeatures = null
	Palette = null
	RawKvp = {_T=1790153980122, REQUEST=GetMap, FORMAT=image/png, SRS=EPSG:3857, BBOX=11139015.257942166,1555646.3996599081,11141461.242847292,1558092.3845650323, VERSION=1.1.1, STYLES=, SERVICE=WMS, WIDTH=256, HEIGHT=256, TRANSPARENT=true, LAYERS=ws_30cad3c4:vec_s2s_vec_radit_boundary_ba3d1cda}
	RemoteOwsType = null
	RemoteOwsURL = null
	Request = GetMap
	RequestCharset = UTF-8
	ScaleMethod = null
	Sld = null
	SldBody = null
	SldVersion = null
	SortBy = null
	SortByArrays = null
	SRS = EPSG:3857
	StartIndex = null
	StyleBody = null
	StyleFormat = sld
	Styles = [StyleImpl[ name=style_vec_s2s_vec_radit_boundary_ba3d1cda]]
	StyleUrl = null
	StyleVersion = null
	Tiled = false
	TilesOrigin = null
	Time = []
	Transparent = true
	ValidateSchema = false
	Version = 1.1.1
	ViewParams = null
	Width = 256
23 Sep 08:59:48 INFO   [geoserver.flow] - Request control-flow performed, running requests: 3, blocked requests: 1
23 Sep 08:59:48 INFO   [geoserver.flow] - Request [WMS 1.1.1 GetMap] starting, processing through flow controllers
23 Sep 08:59:48 INFO   [geoserver.flow] - releasing flow controllers for [WMS 1.1.1 GetMap]
23 Sep 08:59:48 INFO   [geoserver.flow] - Request control-flow performed, running requests: 3, blocked requests: 0
23 Sep 08:59:48 INFO   [geoserver.flow] - Request completed, running requests: 3, blocked requests: 0
23 Sep 08:59:48 INFO   [geoserver.wms] - 
Request: getMap
	Angle = 0.0
	BaseUrl = http://localhost:8080/geoserver/
	Bbox = SRSEnvelope[1.113167730322679E7 : 1.1134123288131915E7, 1558092.3845650323 : 1560538.369470159]
	BgColor = java.awt.Color[r=255,g=255,b=255]
	Buffer = 0
	Clip = null
	CQLFilter = null
	Crs = PROJCS["WGS 84 / Pseudo-Mercator", 
  GEOGCS["WGS 84", 
    DATUM["World Geodetic System 1984", 
      SPHEROID["WGS 84", 6378137.0, 298.257223563, AUTHORITY["EPSG","7030"]], 
      AUTHORITY["EPSG","6326"]], 
    PRIMEM["Greenwich", 0.0, AUTHORITY["EPSG","8901"]], 
    UNIT["degree", 0.017453292519943295], 
    AXIS["Geodetic longitude", EAST], 
    AXIS["Geodetic latitude", NORTH], 
    AUTHORITY["EPSG","4326"]], 
  PROJECTION["Popular Visualisation Pseudo Mercator", AUTHORITY["EPSG","1024"]], 
  PARAMETER["semi_minor", 6378137.0], 
  PARAMETER["latitude_of_origin", 0.0], 
  PARAMETER["central_meridian", 0.0], 
  PARAMETER["scale_factor", 1.0], 
  PARAMETER["false_easting", 0.0], 
  PARAMETER["false_northing", 0.0], 
  UNIT["m", 1.0], 
  AXIS["Easting", EAST], 
  AXIS["Northing", NORTH], 
  AUTHORITY["EPSG","3857"]]
	Elevation = []
	Env = {}
	Exceptions = SE_XML
	FeatureId = null
	FeatureVersion = null
	Filter = null
	Format = image/png
	FormatOptions = {}
	Get = true
	Height = 256
	Interpolations = []
	Layers = [org.geoserver.wms.MapLayerInfo@436cbe8f[description=<null>,label=Radit Boundary,layerFeatureConstraints=<null>,layerGroupMetadata={},layerInfo=SecuredLayerInfo[LayerInfoImpl[vec_s2s_vec_radit_boundary_ba3d1cda, resource:FeatureTypeInfoImpl[vec_s2s_vec_radit_boundary_ba3d1cda]]],name=vec_s2s_vec_radit_boundary_ba3d1cda,remoteFeatureSource=<null>,style=<null>,type=0]]
	MaxFeatures = null
	Palette = null
	RawKvp = {_T=1790153980122, REQUEST=GetMap, FORMAT=image/png, SRS=EPSG:3857, BBOX=11131677.30322679,1558092.3845650323,11134123.288131915,1560538.369470159, VERSION=1.1.1, STYLES=, SERVICE=WMS, WIDTH=256, HEIGHT=256, TRANSPARENT=true, LAYERS=ws_30cad3c4:vec_s2s_vec_radit_boundary_ba3d1cda}
	RemoteOwsType = null
	RemoteOwsURL = null
	Request = GetMap
	RequestCharset = UTF-8
	ScaleMethod = null
	Sld = null
	SldBody = null
	SldVersion = null
	SortBy = null
	SortByArrays = null
	SRS = EPSG:3857
	StartIndex = null
	StyleBody = null
	StyleFormat = sld
	Styles = [StyleImpl[ name=style_vec_s2s_vec_radit_boundary_ba3d1cda]]
	StyleUrl = null
	StyleVersion = null
	Tiled = false
	TilesOrigin = null
	Time = []
	Transparent = true
	ValidateSchema = false
	Version = 1.1.1
	ViewParams = null
	Width = 256
23 Sep 08:59:48 INFO   [geoserver.flow] - releasing flow controllers for [WMS 1.1.1 GetMap]
23 Sep 08:59:48 INFO   [geoserver.flow] - Request completed, running requests: 2, blocked requests: 0
23 Sep 08:59:48 INFO   [geoserver.wms] - 
Request: getMap
	Angle = 0.0
	BaseUrl = http://localhost:8080/geoserver/
	Bbox = SRSEnvelope[1.1139015257942166E7 : 1.1141461242847292E7, 1553200.414754782 : 1555646.3996599081]
	BgColor = java.awt.Color[r=255,g=255,b=255]
	Buffer = 0
	Clip = null
	CQLFilter = null
	Crs = PROJCS["WGS 84 / Pseudo-Mercator", 
  GEOGCS["WGS 84", 
    DATUM["World Geodetic System 1984", 
      SPHEROID["WGS 84", 6378137.0, 298.257223563, AUTHORITY["EPSG","7030"]], 
      AUTHORITY["EPSG","6326"]], 
    PRIMEM["Greenwich", 0.0, AUTHORITY["EPSG","8901"]], 
    UNIT["degree", 0.017453292519943295], 
    AXIS["Geodetic longitude", EAST], 
    AXIS["Geodetic latitude", NORTH], 
    AUTHORITY["EPSG","4326"]], 
  PROJECTION["Popular Visualisation Pseudo Mercator", AUTHORITY["EPSG","1024"]], 
  PARAMETER["semi_minor", 6378137.0], 
  PARAMETER["latitude_of_origin", 0.0], 
  PARAMETER["central_meridian", 0.0], 
  PARAMETER["scale_factor", 1.0], 
  PARAMETER["false_easting", 0.0], 
  PARAMETER["false_northing", 0.0], 
  UNIT["m", 1.0], 
  AXIS["Easting", EAST], 
  AXIS["Northing", NORTH], 
  AUTHORITY["EPSG","3857"]]
	Elevation = []
	Env = {}
	Exceptions = SE_XML
	FeatureId = null
	FeatureVersion = null
	Filter = null
	Format = image/png
	FormatOptions = {}
	Get = true
	Height = 256
	Interpolations = []
	Layers = [org.geoserver.wms.MapLayerInfo@5b4f19ed[description=<null>,label=Radit Boundary,layerFeatureConstraints=<null>,layerGroupMetadata={},layerInfo=SecuredLayerInfo[LayerInfoImpl[vec_s2s_vec_radit_boundary_ba3d1cda, resource:FeatureTypeInfoImpl[vec_s2s_vec_radit_boundary_ba3d1cda]]],name=vec_s2s_vec_radit_boundary_ba3d1cda,remoteFeatureSource=<null>,style=<null>,type=0]]
	MaxFeatures = null
	Palette = null
	RawKvp = {_T=1790153980122, REQUEST=GetMap, FORMAT=image/png, SRS=EPSG:3857, BBOX=11139015.257942166,1553200.414754782,11141461.242847292,1555646.3996599081, VERSION=1.1.1, STYLES=, SERVICE=WMS, WIDTH=256, HEIGHT=256, TRANSPARENT=true, LAYERS=ws_30cad3c4:vec_s2s_vec_radit_boundary_ba3d1cda}
	RemoteOwsType = null
	RemoteOwsURL = null
	Request = GetMap
	RequestCharset = UTF-8
	ScaleMethod = null
	Sld = null
	SldBody = null
	SldVersion = null
	SortBy = null
	SortByArrays = null
	SRS = EPSG:3857
	StartIndex = null
	StyleBody = null
	StyleFormat = sld
	Styles = [StyleImpl[ name=style_vec_s2s_vec_radit_boundary_ba3d1cda]]
	StyleUrl = null
	StyleVersion = null
	Tiled = false
	TilesOrigin = null
	Time = []
	Transparent = true
	ValidateSchema = false
	Version = 1.1.1
	ViewParams = null
	Width = 256
23 Sep 08:59:48 INFO   [geoserver.wms] - 
Request: getMap
	Angle = 0.0
	BaseUrl = http://localhost:8080/geoserver/
	Bbox = SRSEnvelope[1.1139015257942166E7 : 1.1141461242847292E7, 1558092.3845650323 : 1560538.369470159]
	BgColor = java.awt.Color[r=255,g=255,b=255]
	Buffer = 0
	Clip = null
	CQLFilter = null
	Crs = PROJCS["WGS 84 / Pseudo-Mercator", 
  GEOGCS["WGS 84", 
    DATUM["World Geodetic System 1984", 
      SPHEROID["WGS 84", 6378137.0, 298.257223563, AUTHORITY["EPSG","7030"]], 
      AUTHORITY["EPSG","6326"]], 
    PRIMEM["Greenwich", 0.0, AUTHORITY["EPSG","8901"]], 
    UNIT["degree", 0.017453292519943295], 
    AXIS["Geodetic longitude", EAST], 
    AXIS["Geodetic latitude", NORTH], 
    AUTHORITY["EPSG","4326"]], 
  PROJECTION["Popular Visualisation Pseudo Mercator", AUTHORITY["EPSG","1024"]], 
  PARAMETER["semi_minor", 6378137.0], 
  PARAMETER["latitude_of_origin", 0.0], 
  PARAMETER["central_meridian", 0.0], 
  PARAMETER["scale_factor", 1.0], 
  PARAMETER["false_easting", 0.0], 
  PARAMETER["false_northing", 0.0], 
  UNIT["m", 1.0], 
  AXIS["Easting", EAST], 
  AXIS["Northing", NORTH], 
  AUTHORITY["EPSG","3857"]]
	Elevation = []
	Env = {}
	Exceptions = SE_XML
	FeatureId = null
	FeatureVersion = null
	Filter = null
	Format = image/png
	FormatOptions = {}
	Get = true
	Height = 256
	Interpolations = []
	Layers = [org.geoserver.wms.MapLayerInfo@75d8c2e8[description=<null>,label=Radit Boundary,layerFeatureConstraints=<null>,layerGroupMetadata={},layerInfo=SecuredLayerInfo[LayerInfoImpl[vec_s2s_vec_radit_boundary_ba3d1cda, resource:FeatureTypeInfoImpl[vec_s2s_vec_radit_boundary_ba3d1cda]]],name=vec_s2s_vec_radit_boundary_ba3d1cda,remoteFeatureSource=<null>,style=<null>,type=0]]
	MaxFeatures = null
	Palette = null
	RawKvp = {_T=1790153980122, REQUEST=GetMap, FORMAT=image/png, SRS=EPSG:3857, BBOX=11139015.257942166,1558092.3845650323,11141461.242847292,1560538.369470159, VERSION=1.1.1, STYLES=, SERVICE=WMS, WIDTH=256, HEIGHT=256, TRANSPARENT=true, LAYERS=ws_30cad3c4:vec_s2s_vec_radit_boundary_ba3d1cda}
	RemoteOwsType = null
	RemoteOwsURL = null
	Request = GetMap
	RequestCharset = UTF-8
	ScaleMethod = null
	Sld = null
	SldBody = null
	SldVersion = null
	SortBy = null
	SortByArrays = null
	SRS = EPSG:3857
	StartIndex = null
	StyleBody = null
	StyleFormat = sld
	Styles = [StyleImpl[ name=style_vec_s2s_vec_radit_boundary_ba3d1cda]]
	StyleUrl = null
	StyleVersion = null
	Tiled = false
	TilesOrigin = null
	Time = []
	Transparent = true
	ValidateSchema = false
	Version = 1.1.1
	ViewParams = null
	Width = 256
23 Sep 08:59:48 INFO   [geoserver.flow] - releasing flow controllers for [WMS 1.1.1 GetMap]
23 Sep 08:59:48 INFO   [geoserver.flow] - Request completed, running requests: 1, blocked requests: 0
23 Sep 08:59:48 INFO   [geoserver.flow] - releasing flow controllers for [WMS 1.1.1 GetMap]
23 Sep 08:59:48 INFO   [geoserver.flow] - Request completed, running requests: 0, blocked requests: 0
23 Sep 08:59:48 INFO   [geoserver.wms] - 
Request: getServiceInfo
23 Sep 08:59:48 INFO   [geoserver.wms] - 
Request: getServiceInfo
23 Sep 08:59:48 INFO   [geoserver.wms] - 
Request: getServiceInfo
23 Sep 08:59:48 INFO   [geoserver.wms] - 
Request: getServiceInfo
23 Sep 08:59:48 INFO   [geoserver.wms] - 
Request: getServiceInfo
23 Sep 08:59:48 INFO   [geoserver.flow] - Request [WMS 1.1.1 GetMap] starting, processing through flow controllers
23 Sep 08:59:48 INFO   [geoserver.flow] - Request [WMS 1.1.1 GetMap] starting, processing through flow controllers
23 Sep 08:59:48 INFO   [geoserver.flow] - Request [WMS 1.1.1 GetMap] starting, processing through flow controllers
23 Sep 08:59:48 INFO   [geoserver.wms] - 
Request: getServiceInfo
23 Sep 08:59:48 INFO   [geoserver.flow] - Request [WMS 1.1.1 GetMap] starting, processing through flow controllers
23 Sep 08:59:48 INFO   [geoserver.flow] - Request control-flow performed, running requests: 3, blocked requests: 2
23 Sep 08:59:48 INFO   [geoserver.flow] - Request control-flow performed, running requests: 1, blocked requests: 4
23 Sep 08:59:48 INFO   [geoserver.flow] - Request [WMS 1.1.1 GetMap] starting, processing through flow controllers
23 Sep 08:59:48 INFO   [geoserver.flow] - Request control-flow performed, running requests: 2, blocked requests: 3
23 Sep 08:59:48 INFO   [geoserver.flow] - Request control-flow performed, running requests: 4, blocked requests: 2
23 Sep 08:59:48 INFO   [geoserver.flow] - Request [WMS 1.1.1 GetMap] starting, processing through flow controllers
23 Sep 08:59:48 INFO   [geoserver.wms] - 
Request: getMap
	Angle = 0.0
	BaseUrl = http://localhost:8080/geoserver/
	Bbox = SRSEnvelope[1.1134123288131915E7 : 1.1143907227752417E7, 1545862.4600394047 : 1555646.3996599081]
	BgColor = java.awt.Color[r=255,g=255,b=255]
	Buffer = 0
	Clip = null
	CQLFilter = null
	Crs = PROJCS["WGS 84 / Pseudo-Mercator", 
  GEOGCS["WGS 84", 
    DATUM["World Geodetic System 1984", 
      SPHEROID["WGS 84", 6378137.0, 298.257223563, AUTHORITY["EPSG","7030"]], 
      AUTHORITY["EPSG","6326"]], 
    PRIMEM["Greenwich", 0.0, AUTHORITY["EPSG","8901"]], 
    UNIT["degree", 0.017453292519943295], 
    AXIS["Geodetic longitude", EAST], 
    AXIS["Geodetic latitude", NORTH], 
    AUTHORITY["EPSG","4326"]], 
  PROJECTION["Popular Visualisation Pseudo Mercator", AUTHORITY["EPSG","1024"]], 
  PARAMETER["semi_minor", 6378137.0], 
  PARAMETER["latitude_of_origin", 0.0], 
  PARAMETER["central_meridian", 0.0], 
  PARAMETER["scale_factor", 1.0], 
  PARAMETER["false_easting", 0.0], 
  PARAMETER["false_northing", 0.0], 
  UNIT["m", 1.0], 
  AXIS["Easting", EAST], 
  AXIS["Northing", NORTH], 
  AUTHORITY["EPSG","3857"]]
	Elevation = []
	Env = {}
	Exceptions = SE_XML
	FeatureId = null
	FeatureVersion = null
	Filter = null
	Format = image/png
	FormatOptions = {}
	Get = true
	Height = 256
	Interpolations = []
	Layers = [org.geoserver.wms.MapLayerInfo@3c391790[description=<null>,label=Radit Boundary,layerFeatureConstraints=<null>,layerGroupMetadata={},layerInfo=SecuredLayerInfo[LayerInfoImpl[vec_s2s_vec_radit_boundary_ba3d1cda, resource:FeatureTypeInfoImpl[vec_s2s_vec_radit_boundary_ba3d1cda]]],name=vec_s2s_vec_radit_boundary_ba3d1cda,remoteFeatureSource=<null>,style=<null>,type=0]]
	MaxFeatures = null
	Palette = null
	RawKvp = {_T=1790153980122, REQUEST=GetMap, FORMAT=image/png, SRS=EPSG:3857, BBOX=11134123.288131915,1545862.4600394047,11143907.227752417,1555646.3996599081, VERSION=1.1.1, STYLES=, SERVICE=WMS, WIDTH=256, HEIGHT=256, TRANSPARENT=true, LAYERS=ws_30cad3c4:vec_s2s_vec_radit_boundary_ba3d1cda}
	RemoteOwsType = null
	RemoteOwsURL = null
	Request = GetMap
	RequestCharset = UTF-8
	ScaleMethod = null
	Sld = null
	SldBody = null
	SldVersion = null
	SortBy = null
	SortByArrays = null
	SRS = EPSG:3857
	StartIndex = null
	StyleBody = null
	StyleFormat = sld
	Styles = [StyleImpl[ name=style_vec_s2s_vec_radit_boundary_ba3d1cda]]
	StyleUrl = null
	StyleVersion = null
	Tiled = false
	TilesOrigin = null
	Time = []
	Transparent = true
	ValidateSchema = false
	Version = 1.1.1
	ViewParams = null
	Width = 256
23 Sep 08:59:48 INFO   [geoserver.wms] - 
Request: getMap
	Angle = 0.0
	BaseUrl = http://localhost:8080/geoserver/
	Bbox = SRSEnvelope[1.1124339348511413E7 : 1.1134123288131915E7, 1545862.4600394047 : 1555646.3996599081]
	BgColor = java.awt.Color[r=255,g=255,b=255]
	Buffer = 0
	Clip = null
	CQLFilter = null
	Crs = PROJCS["WGS 84 / Pseudo-Mercator", 
  GEOGCS["WGS 84", 
    DATUM["World Geodetic System 1984", 
      SPHEROID["WGS 84", 6378137.0, 298.257223563, AUTHORITY["EPSG","7030"]], 
      AUTHORITY["EPSG","6326"]], 
    PRIMEM["Greenwich", 0.0, AUTHORITY["EPSG","8901"]], 
    UNIT["degree", 0.017453292519943295], 
    AXIS["Geodetic longitude", EAST], 
    AXIS["Geodetic latitude", NORTH], 
    AUTHORITY["EPSG","4326"]], 
  PROJECTION["Popular Visualisation Pseudo Mercator", AUTHORITY["EPSG","1024"]], 
  PARAMETER["semi_minor", 6378137.0], 
  PARAMETER["latitude_of_origin", 0.0], 
  PARAMETER["central_meridian", 0.0], 
  PARAMETER["scale_factor", 1.0], 
  PARAMETER["false_easting", 0.0], 
  PARAMETER["false_northing", 0.0], 
  UNIT["m", 1.0], 
  AXIS["Easting", EAST], 
  AXIS["Northing", NORTH], 
  AUTHORITY["EPSG","3857"]]
	Elevation = []
	Env = {}
	Exceptions = SE_XML
	FeatureId = null
	FeatureVersion = null
	Filter = null
	Format = image/png
	FormatOptions = {}
	Get = true
	Height = 256
	Interpolations = []
	Layers = [org.geoserver.wms.MapLayerInfo@79b4460e[description=<null>,label=Radit Boundary,layerFeatureConstraints=<null>,layerGroupMetadata={},layerInfo=SecuredLayerInfo[LayerInfoImpl[vec_s2s_vec_radit_boundary_ba3d1cda, resource:FeatureTypeInfoImpl[vec_s2s_vec_radit_boundary_ba3d1cda]]],name=vec_s2s_vec_radit_boundary_ba3d1cda,remoteFeatureSource=<null>,style=<null>,type=0]]
	MaxFeatures = null
	Palette = null
	RawKvp = {_T=1790153980122, REQUEST=GetMap, FORMAT=image/png, SRS=EPSG:3857, BBOX=11124339.348511413,1545862.4600394047,11134123.288131915,1555646.3996599081, VERSION=1.1.1, STYLES=, SERVICE=WMS, WIDTH=256, HEIGHT=256, TRANSPARENT=true, LAYERS=ws_30cad3c4:vec_s2s_vec_radit_boundary_ba3d1cda}
	RemoteOwsType = null
	RemoteOwsURL = null
	Request = GetMap
	RequestCharset = UTF-8
	ScaleMethod = null
	Sld = null
	SldBody = null
	SldVersion = null
	SortBy = null
	SortByArrays = null
	SRS = EPSG:3857
	StartIndex = null
	StyleBody = null
	StyleFormat = sld
	Styles = [StyleImpl[ name=style_vec_s2s_vec_radit_boundary_ba3d1cda]]
	StyleUrl = null
	StyleVersion = null
	Tiled = false
	TilesOrigin = null
	Time = []
	Transparent = true
	ValidateSchema = false
	Version = 1.1.1
	ViewParams = null
	Width = 256
23 Sep 08:59:48 INFO   [geoserver.flow] - Request control-flow performed, running requests: 5, blocked requests: 1
23 Sep 08:59:48 INFO   [geoserver.flow] - Request control-flow performed, running requests: 6, blocked requests: 0
23 Sep 08:59:48 INFO   [geoserver.wms] - 
Request: getMap
	Angle = 0.0
	BaseUrl = http://localhost:8080/geoserver/
	Bbox = SRSEnvelope[1.1143907227752417E7 : 1.115369116737292E7, 1555646.3996599081 : 1565430.33928041]
	BgColor = java.awt.Color[r=255,g=255,b=255]
	Buffer = 0
	Clip = null
	CQLFilter = null
	Crs = PROJCS["WGS 84 / Pseudo-Mercator", 
  GEOGCS["WGS 84", 
    DATUM["World Geodetic System 1984", 
      SPHEROID["WGS 84", 6378137.0, 298.257223563, AUTHORITY["EPSG","7030"]], 
      AUTHORITY["EPSG","6326"]], 
    PRIMEM["Greenwich", 0.0, AUTHORITY["EPSG","8901"]], 
    UNIT["degree", 0.017453292519943295], 
    AXIS["Geodetic longitude", EAST], 
    AXIS["Geodetic latitude", NORTH], 
    AUTHORITY["EPSG","4326"]], 
  PROJECTION["Popular Visualisation Pseudo Mercator", AUTHORITY["EPSG","1024"]], 
  PARAMETER["semi_minor", 6378137.0], 
  PARAMETER["latitude_of_origin", 0.0], 
  PARAMETER["central_meridian", 0.0], 
  PARAMETER["scale_factor", 1.0], 
  PARAMETER["false_easting", 0.0], 
  PARAMETER["false_northing", 0.0], 
  UNIT["m", 1.0], 
  AXIS["Easting", EAST], 
  AXIS["Northing", NORTH], 
  AUTHORITY["EPSG","3857"]]
	Elevation = []
	Env = {}
	Exceptions = SE_XML
	FeatureId = null
	FeatureVersion = null
	Filter = null
	Format = image/png
	FormatOptions = {}
	Get = true
	Height = 256
	Interpolations = []
	Layers = [org.geoserver.wms.MapLayerInfo@584a5d1[description=<null>,label=Radit Boundary,layerFeatureConstraints=<null>,layerGroupMetadata={},layerInfo=SecuredLayerInfo[LayerInfoImpl[vec_s2s_vec_radit_boundary_ba3d1cda, resource:FeatureTypeInfoImpl[vec_s2s_vec_radit_boundary_ba3d1cda]]],name=vec_s2s_vec_radit_boundary_ba3d1cda,remoteFeatureSource=<null>,style=<null>,type=0]]
	MaxFeatures = null
	Palette = null
	RawKvp = {_T=1790153980122, REQUEST=GetMap, FORMAT=image/png, SRS=EPSG:3857, BBOX=11143907.227752417,1555646.3996599081,11153691.16737292,1565430.33928041, VERSION=1.1.1, STYLES=, SERVICE=WMS, WIDTH=256, HEIGHT=256, TRANSPARENT=true, LAYERS=ws_30cad3c4:vec_s2s_vec_radit_boundary_ba3d1cda}
	RemoteOwsType = null
	RemoteOwsURL = null
	Request = GetMap
	RequestCharset = UTF-8
	ScaleMethod = null
	Sld = null
	SldBody = null
	SldVersion = null
	SortBy = null
	SortByArrays = null
	SRS = EPSG:3857
	StartIndex = null
	StyleBody = null
	StyleFormat = sld
	Styles = [StyleImpl[ name=style_vec_s2s_vec_radit_boundary_ba3d1cda]]
	StyleUrl = null
	StyleVersion = null
	Tiled = false
	TilesOrigin = null
	Time = []
	Transparent = true
	ValidateSchema = false
	Version = 1.1.1
	ViewParams = null
	Width = 256
23 Sep 08:59:48 INFO   [geoserver.flow] - releasing flow controllers for [WMS 1.1.1 GetMap]
23 Sep 08:59:48 INFO   [geoserver.wms] - 
Request: getMap
	Angle = 0.0
	BaseUrl = http://localhost:8080/geoserver/
	Bbox = SRSEnvelope[1.1143907227752417E7 : 1.115369116737292E7, 1545862.4600394047 : 1555646.3996599081]
	BgColor = java.awt.Color[r=255,g=255,b=255]
	Buffer = 0
	Clip = null
	CQLFilter = null
	Crs = PROJCS["WGS 84 / Pseudo-Mercator", 
  GEOGCS["WGS 84", 
    DATUM["World Geodetic System 1984", 
      SPHEROID["WGS 84", 6378137.0, 298.257223563, AUTHORITY["EPSG","7030"]], 
      AUTHORITY["EPSG","6326"]], 
    PRIMEM["Greenwich", 0.0, AUTHORITY["EPSG","8901"]], 
    UNIT["degree", 0.017453292519943295], 
    AXIS["Geodetic longitude", EAST], 
    AXIS["Geodetic latitude", NORTH], 
    AUTHORITY["EPSG","4326"]], 
  PROJECTION["Popular Visualisation Pseudo Mercator", AUTHORITY["EPSG","1024"]], 
  PARAMETER["semi_minor", 6378137.0], 
  PARAMETER["latitude_of_origin", 0.0], 
  PARAMETER["central_meridian", 0.0], 
  PARAMETER["scale_factor", 1.0], 
  PARAMETER["false_easting", 0.0], 
  PARAMETER["false_northing", 0.0], 
  UNIT["m", 1.0], 
  AXIS["Easting", EAST], 
  AXIS["Northing", NORTH], 
  AUTHORITY["EPSG","3857"]]
	Elevation = []
	Env = {}
	Exceptions = SE_XML
	FeatureId = null
	FeatureVersion = null
	Filter = null
	Format = image/png
	FormatOptions = {}
	Get = true
	Height = 256
	Interpolations = []
	Layers = [org.geoserver.wms.MapLayerInfo@65148b08[description=<null>,label=Radit Boundary,layerFeatureConstraints=<null>,layerGroupMetadata={},layerInfo=SecuredLayerInfo[LayerInfoImpl[vec_s2s_vec_radit_boundary_ba3d1cda, resource:FeatureTypeInfoImpl[vec_s2s_vec_radit_boundary_ba3d1cda]]],name=vec_s2s_vec_radit_boundary_ba3d1cda,remoteFeatureSource=<null>,style=<null>,type=0]]
	MaxFeatures = null
	Palette = null
	RawKvp = {_T=1790153980122, REQUEST=GetMap, FORMAT=image/png, SRS=EPSG:3857, BBOX=11143907.227752417,1545862.4600394047,11153691.16737292,1555646.3996599081, VERSION=1.1.1, STYLES=, SERVICE=WMS, WIDTH=256, HEIGHT=256, TRANSPARENT=true, LAYERS=ws_30cad3c4:vec_s2s_vec_radit_boundary_ba3d1cda}
	RemoteOwsType = null
	RemoteOwsURL = null
	Request = GetMap
	RequestCharset = UTF-8
	ScaleMethod = null
	Sld = null
	SldBody = null
	SldVersion = null
	SortBy = null
	SortByArrays = null
	SRS = EPSG:3857
	StartIndex = null
	StyleBody = null
	StyleFormat = sld
	Styles = [StyleImpl[ name=style_vec_s2s_vec_radit_boundary_ba3d1cda]]
	StyleUrl = null
	StyleVersion = null
	Tiled = false
	TilesOrigin = null
	Time = []
	Transparent = true
	ValidateSchema = false
	Version = 1.1.1
	ViewParams = null
	Width = 256
23 Sep 08:59:48 INFO   [geoserver.flow] - releasing flow controllers for [WMS 1.1.1 GetMap]
23 Sep 08:59:48 INFO   [geoserver.flow] - Request completed, running requests: 4, blocked requests: 0
23 Sep 08:59:48 INFO   [geoserver.flow] - Request completed, running requests: 4, blocked requests: 0
23 Sep 08:59:48 INFO   [geoserver.wms] - 
Request: getMap
	Angle = 0.0
	BaseUrl = http://localhost:8080/geoserver/
	Bbox = SRSEnvelope[1.1124339348511413E7 : 1.1134123288131915E7, 1555646.3996599081 : 1565430.33928041]
	BgColor = java.awt.Color[r=255,g=255,b=255]
	Buffer = 0
	Clip = null
	CQLFilter = null
	Crs = PROJCS["WGS 84 / Pseudo-Mercator", 
  GEOGCS["WGS 84", 
    DATUM["World Geodetic System 1984", 
      SPHEROID["WGS 84", 6378137.0, 298.257223563, AUTHORITY["EPSG","7030"]], 
      AUTHORITY["EPSG","6326"]], 
    PRIMEM["Greenwich", 0.0, AUTHORITY["EPSG","8901"]], 
    UNIT["degree", 0.017453292519943295], 
    AXIS["Geodetic longitude", EAST], 
    AXIS["Geodetic latitude", NORTH], 
    AUTHORITY["EPSG","4326"]], 
  PROJECTION["Popular Visualisation Pseudo Mercator", AUTHORITY["EPSG","1024"]], 
  PARAMETER["semi_minor", 6378137.0], 
  PARAMETER["latitude_of_origin", 0.0], 
  PARAMETER["central_meridian", 0.0], 
  PARAMETER["scale_factor", 1.0], 
  PARAMETER["false_easting", 0.0], 
  PARAMETER["false_northing", 0.0], 
  UNIT["m", 1.0], 
  AXIS["Easting", EAST], 
  AXIS["Northing", NORTH], 
  AUTHORITY["EPSG","3857"]]
	Elevation = []
	Env = {}
	Exceptions = SE_XML
	FeatureId = null
	FeatureVersion = null
	Filter = null
	Format = image/png
	FormatOptions = {}
	Get = true
	Height = 256
	Interpolations = []
	Layers = [org.geoserver.wms.MapLayerInfo@bb2aeae[description=<null>,label=Radit Boundary,layerFeatureConstraints=<null>,layerGroupMetadata={},layerInfo=SecuredLayerInfo[LayerInfoImpl[vec_s2s_vec_radit_boundary_ba3d1cda, resource:FeatureTypeInfoImpl[vec_s2s_vec_radit_boundary_ba3d1cda]]],name=vec_s2s_vec_radit_boundary_ba3d1cda,remoteFeatureSource=<null>,style=<null>,type=0]]
	MaxFeatures = null
	Palette = null
	RawKvp = {_T=1790153980122, REQUEST=GetMap, FORMAT=image/png, SRS=EPSG:3857, BBOX=11124339.348511413,1555646.3996599081,11134123.288131915,1565430.33928041, VERSION=1.1.1, STYLES=, SERVICE=WMS, WIDTH=256, HEIGHT=256, TRANSPARENT=true, LAYERS=ws_30cad3c4:vec_s2s_vec_radit_boundary_ba3d1cda}
	RemoteOwsType = null
	RemoteOwsURL = null
	Request = GetMap
	RequestCharset = UTF-8
	ScaleMethod = null
	Sld = null
	SldBody = null
	SldVersion = null
	SortBy = null
	SortByArrays = null
	SRS = EPSG:3857
	StartIndex = null
	StyleBody = null
	StyleFormat = sld
	Styles = [StyleImpl[ name=style_vec_s2s_vec_radit_boundary_ba3d1cda]]
	StyleUrl = null
	StyleVersion = null
	Tiled = false
	TilesOrigin = null
	Time = []
	Transparent = true
	ValidateSchema = false
	Version = 1.1.1
	ViewParams = null
	Width = 256
23 Sep 08:59:48 INFO   [geoserver.wms] - 
Request: getMap
	Angle = 0.0
	BaseUrl = http://localhost:8080/geoserver/
	Bbox = SRSEnvelope[1.1134123288131915E7 : 1.1143907227752417E7, 1555646.3996599081 : 1565430.33928041]
	BgColor = java.awt.Color[r=255,g=255,b=255]
	Buffer = 0
	Clip = null
	CQLFilter = null
	Crs = PROJCS["WGS 84 / Pseudo-Mercator", 
  GEOGCS["WGS 84", 
    DATUM["World Geodetic System 1984", 
      SPHEROID["WGS 84", 6378137.0, 298.257223563, AUTHORITY["EPSG","7030"]], 
      AUTHORITY["EPSG","6326"]], 
    PRIMEM["Greenwich", 0.0, AUTHORITY["EPSG","8901"]], 
    UNIT["degree", 0.017453292519943295], 
    AXIS["Geodetic longitude", EAST], 
    AXIS["Geodetic latitude", NORTH], 
    AUTHORITY["EPSG","4326"]], 
  PROJECTION["Popular Visualisation Pseudo Mercator", AUTHORITY["EPSG","1024"]], 
  PARAMETER["semi_minor", 6378137.0], 
  PARAMETER["latitude_of_origin", 0.0], 
  PARAMETER["central_meridian", 0.0], 
  PARAMETER["scale_factor", 1.0], 
  PARAMETER["false_easting", 0.0], 
  PARAMETER["false_northing", 0.0], 
  UNIT["m", 1.0], 
  AXIS["Easting", EAST], 
  AXIS["Northing", NORTH], 
  AUTHORITY["EPSG","3857"]]
	Elevation = []
	Env = {}
	Exceptions = SE_XML
	FeatureId = null
	FeatureVersion = null
	Filter = null
	Format = image/png
	FormatOptions = {}
	Get = true
	Height = 256
	Interpolations = []
	Layers = [org.geoserver.wms.MapLayerInfo@75d307fb[description=<null>,label=Radit Boundary,layerFeatureConstraints=<null>,layerGroupMetadata={},layerInfo=SecuredLayerInfo[LayerInfoImpl[vec_s2s_vec_radit_boundary_ba3d1cda, resource:FeatureTypeInfoImpl[vec_s2s_vec_radit_boundary_ba3d1cda]]],name=vec_s2s_vec_radit_boundary_ba3d1cda,remoteFeatureSource=<null>,style=<null>,type=0]]
	MaxFeatures = null
	Palette = null
	RawKvp = {_T=1790153980122, REQUEST=GetMap, FORMAT=image/png, SRS=EPSG:3857, BBOX=11134123.288131915,1555646.3996599081,11143907.227752417,1565430.33928041, VERSION=1.1.1, STYLES=, SERVICE=WMS, WIDTH=256, HEIGHT=256, TRANSPARENT=true, LAYERS=ws_30cad3c4:vec_s2s_vec_radit_boundary_ba3d1cda}
	RemoteOwsType = null
	RemoteOwsURL = null
	Request = GetMap
	RequestCharset = UTF-8
	ScaleMethod = null
	Sld = null
	SldBody = null
	SldVersion = null
	SortBy = null
	SortByArrays = null
	SRS = EPSG:3857
	StartIndex = null
	StyleBody = null
	StyleFormat = sld
	Styles = [StyleImpl[ name=style_vec_s2s_vec_radit_boundary_ba3d1cda]]
	StyleUrl = null
	StyleVersion = null
	Tiled = false
	TilesOrigin = null
	Time = []
	Transparent = true
	ValidateSchema = false
	Version = 1.1.1
	ViewParams = null
	Width = 256
23 Sep 08:59:48 INFO   [geoserver.flow] - releasing flow controllers for [WMS 1.1.1 GetMap]
23 Sep 08:59:48 INFO   [geoserver.flow] - Request completed, running requests: 1, blocked requests: 0
23 Sep 08:59:48 INFO   [geoserver.flow] - releasing flow controllers for [WMS 1.1.1 GetMap]
23 Sep 08:59:48 INFO   [geoserver.flow] - Request completed, running requests: 0, blocked requests: 0
23 Sep 08:59:48 INFO   [geoserver.flow] - releasing flow controllers for [WMS 1.1.1 GetMap]
23 Sep 08:59:48 INFO   [geoserver.flow] - Request completed, running requests: 0, blocked requests: 0
23 Sep 08:59:48 INFO   [geoserver.wms] - 
Request: getServiceInfo
23 Sep 08:59:48 INFO   [geoserver.flow] - releasing flow controllers for [WMS 1.1.1 GetMap]
23 Sep 08:59:48 INFO   [geoserver.flow] - Request completed, running requests: 0, blocked requests: 1
23 Sep 08:59:48 INFO   [geoserver.flow] - Request [WMS 1.1.1 GetMap] starting, processing through flow controllers
23 Sep 08:59:48 INFO   [geoserver.wms] - 
Request: getServiceInfo
23 Sep 08:59:48 INFO   [geoserver.wms] - 
Request: getServiceInfo
23 Sep 08:59:48 INFO   [geoserver.wms] - 
Request: getServiceInfo
23 Sep 08:59:48 INFO   [geoserver.flow] - Request [WMS 1.1.1 GetMap] starting, processing through flow controllers
23 Sep 08:59:48 INFO   [geoserver.flow] - Request control-flow performed, running requests: 2, blocked requests: 2
23 Sep 08:59:48 INFO   [geoserver.flow] - Request control-flow performed, running requests: 1, blocked requests: 0
23 Sep 08:59:48 INFO   [geoserver.flow] - Request [WMS 1.1.1 GetMap] starting, processing through flow controllers
23 Sep 08:59:48 INFO   [geoserver.flow] - Request [WMS 1.1.1 GetMap] starting, processing through flow controllers
23 Sep 08:59:48 INFO   [geoserver.flow] - Request control-flow performed, running requests: 3, blocked requests: 1
23 Sep 08:59:48 INFO   [geoserver.flow] - Request control-flow performed, running requests: 4, blocked requests: 0
23 Sep 08:59:48 INFO   [geoserver.wms] - 
Request: getMap
	Angle = 0.0
	BaseUrl = http://localhost:8080/geoserver/
	Bbox = SRSEnvelope[1.1114555408890909E7 : 1.1124339348511413E7, 1555646.3996599081 : 1565430.33928041]
	BgColor = java.awt.Color[r=255,g=255,b=255]
	Buffer = 0
	Clip = null
	CQLFilter = null
	Crs = PROJCS["WGS 84 / Pseudo-Mercator", 
  GEOGCS["WGS 84", 
    DATUM["World Geodetic System 1984", 
      SPHEROID["WGS 84", 6378137.0, 298.257223563, AUTHORITY["EPSG","7030"]], 
      AUTHORITY["EPSG","6326"]], 
    PRIMEM["Greenwich", 0.0, AUTHORITY["EPSG","8901"]], 
    UNIT["degree", 0.017453292519943295], 
    AXIS["Geodetic longitude", EAST], 
    AXIS["Geodetic latitude", NORTH], 
    AUTHORITY["EPSG","4326"]], 
  PROJECTION["Popular Visualisation Pseudo Mercator", AUTHORITY["EPSG","1024"]], 
  PARAMETER["semi_minor", 6378137.0], 
  PARAMETER["latitude_of_origin", 0.0], 
  PARAMETER["central_meridian", 0.0], 
  PARAMETER["scale_factor", 1.0], 
  PARAMETER["false_easting", 0.0], 
  PARAMETER["false_northing", 0.0], 
  UNIT["m", 1.0], 
  AXIS["Easting", EAST], 
  AXIS["Northing", NORTH], 
  AUTHORITY["EPSG","3857"]]
	Elevation = []
	Env = {}
	Exceptions = SE_XML
	FeatureId = null
	FeatureVersion = null
	Filter = null
	Format = image/png
	FormatOptions = {}
	Get = true
	Height = 256
	Interpolations = []
	Layers = [org.geoserver.wms.MapLayerInfo@5d842574[description=<null>,label=Radit Boundary,layerFeatureConstraints=<null>,layerGroupMetadata={},layerInfo=SecuredLayerInfo[LayerInfoImpl[vec_s2s_vec_radit_boundary_ba3d1cda, resource:FeatureTypeInfoImpl[vec_s2s_vec_radit_boundary_ba3d1cda]]],name=vec_s2s_vec_radit_boundary_ba3d1cda,remoteFeatureSource=<null>,style=<null>,type=0]]
	MaxFeatures = null
	Palette = null
	RawKvp = {_T=1790153980122, REQUEST=GetMap, FORMAT=image/png, SRS=EPSG:3857, BBOX=11114555.408890909,1555646.3996599081,11124339.348511413,1565430.33928041, VERSION=1.1.1, STYLES=, SERVICE=WMS, WIDTH=256, HEIGHT=256, TRANSPARENT=true, LAYERS=ws_30cad3c4:vec_s2s_vec_radit_boundary_ba3d1cda}
	RemoteOwsType = null
	RemoteOwsURL = null
	Request = GetMap
	RequestCharset = UTF-8
	ScaleMethod = null
	Sld = null
	SldBody = null
	SldVersion = null
	SortBy = null
	SortByArrays = null
	SRS = EPSG:3857
	StartIndex = null
	StyleBody = null
	StyleFormat = sld
	Styles = [StyleImpl[ name=style_vec_s2s_vec_radit_boundary_ba3d1cda]]
	StyleUrl = null
	StyleVersion = null
	Tiled = false
	TilesOrigin = null
	Time = []
	Transparent = true
	ValidateSchema = false
	Version = 1.1.1
	ViewParams = null
	Width = 256
23 Sep 08:59:48 INFO   [geoserver.wms] - 
Request: getMap
	Angle = 0.0
	BaseUrl = http://localhost:8080/geoserver/
	Bbox = SRSEnvelope[1.1114555408890909E7 : 1.1124339348511413E7, 1545862.4600394047 : 1555646.3996599081]
	BgColor = java.awt.Color[r=255,g=255,b=255]
	Buffer = 0
	Clip = null
	CQLFilter = null
	Crs = PROJCS["WGS 84 / Pseudo-Mercator", 
  GEOGCS["WGS 84", 
    DATUM["World Geodetic System 1984", 
      SPHEROID["WGS 84", 6378137.0, 298.257223563, AUTHORITY["EPSG","7030"]], 
      AUTHORITY["EPSG","6326"]], 
    PRIMEM["Greenwich", 0.0, AUTHORITY["EPSG","8901"]], 
    UNIT["degree", 0.017453292519943295], 
    AXIS["Geodetic longitude", EAST], 
    AXIS["Geodetic latitude", NORTH], 
    AUTHORITY["EPSG","4326"]], 
  PROJECTION["Popular Visualisation Pseudo Mercator", AUTHORITY["EPSG","1024"]], 
  PARAMETER["semi_minor", 6378137.0], 
  PARAMETER["latitude_of_origin", 0.0], 
  PARAMETER["central_meridian", 0.0], 
  PARAMETER["scale_factor", 1.0], 
  PARAMETER["false_easting", 0.0], 
  PARAMETER["false_northing", 0.0], 
  UNIT["m", 1.0], 
  AXIS["Easting", EAST], 
  AXIS["Northing", NORTH], 
  AUTHORITY["EPSG","3857"]]
	Elevation = []
	Env = {}
	Exceptions = SE_XML
	FeatureId = null
	FeatureVersion = null
	Filter = null
	Format = image/png
	FormatOptions = {}
	Get = true
	Height = 256
	Interpolations = []
	Layers = [org.geoserver.wms.MapLayerInfo@5147264c[description=<null>,label=Radit Boundary,layerFeatureConstraints=<null>,layerGroupMetadata={},layerInfo=SecuredLayerInfo[LayerInfoImpl[vec_s2s_vec_radit_boundary_ba3d1cda, resource:FeatureTypeInfoImpl[vec_s2s_vec_radit_boundary_ba3d1cda]]],name=vec_s2s_vec_radit_boundary_ba3d1cda,remoteFeatureSource=<null>,style=<null>,type=0]]
	MaxFeatures = null
	Palette = null
	RawKvp = {_T=1790153980122, REQUEST=GetMap, FORMAT=image/png, SRS=EPSG:3857, BBOX=11114555.408890909,1545862.4600394047,11124339.348511413,1555646.3996599081, VERSION=1.1.1, STYLES=, SERVICE=WMS, WIDTH=256, HEIGHT=256, TRANSPARENT=true, LAYERS=ws_30cad3c4:vec_s2s_vec_radit_boundary_ba3d1cda}
	RemoteOwsType = null
	RemoteOwsURL = null
	Request = GetMap
	RequestCharset = UTF-8
	ScaleMethod = null
	Sld = null
	SldBody = null
	SldVersion = null
	SortBy = null
	SortByArrays = null
	SRS = EPSG:3857
	StartIndex = null
	StyleBody = null
	StyleFormat = sld
	Styles = [StyleImpl[ name=style_vec_s2s_vec_radit_boundary_ba3d1cda]]
	StyleUrl = null
	StyleVersion = null
	Tiled = false
	TilesOrigin = null
	Time = []
	Transparent = true
	ValidateSchema = false
	Version = 1.1.1
	ViewParams = null
	Width = 256
23 Sep 08:59:48 INFO   [geoserver.flow] - releasing flow controllers for [WMS 1.1.1 GetMap]
23 Sep 08:59:48 INFO   [geoserver.flow] - Request completed, running requests: 2, blocked requests: 0
23 Sep 08:59:48 INFO   [geoserver.wms] - 
Request: getMap
	Angle = 0.0
	BaseUrl = http://localhost:8080/geoserver/
	Bbox = SRSEnvelope[1.115369116737292E7 : 1.1163475106993424E7, 1545862.4600394047 : 1555646.3996599081]
	BgColor = java.awt.Color[r=255,g=255,b=255]
	Buffer = 0
	Clip = null
	CQLFilter = null
	Crs = PROJCS["WGS 84 / Pseudo-Mercator", 
  GEOGCS["WGS 84", 
    DATUM["World Geodetic System 1984", 
      SPHEROID["WGS 84", 6378137.0, 298.257223563, AUTHORITY["EPSG","7030"]], 
      AUTHORITY["EPSG","6326"]], 
    PRIMEM["Greenwich", 0.0, AUTHORITY["EPSG","8901"]], 
    UNIT["degree", 0.017453292519943295], 
    AXIS["Geodetic longitude", EAST], 
    AXIS["Geodetic latitude", NORTH], 
    AUTHORITY["EPSG","4326"]], 
  PROJECTION["Popular Visualisation Pseudo Mercator", AUTHORITY["EPSG","1024"]], 
  PARAMETER["semi_minor", 6378137.0], 
  PARAMETER["latitude_of_origin", 0.0], 
  PARAMETER["central_meridian", 0.0], 
  PARAMETER["scale_factor", 1.0], 
  PARAMETER["false_easting", 0.0], 
  PARAMETER["false_northing", 0.0], 
  UNIT["m", 1.0], 
  AXIS["Easting", EAST], 
  AXIS["Northing", NORTH], 
  AUTHORITY["EPSG","3857"]]
	Elevation = []
	Env = {}
	Exceptions = SE_XML
	FeatureId = null
	FeatureVersion = null
	Filter = null
	Format = image/png
	FormatOptions = {}
	Get = true
	Height = 256
	Interpolations = []
	Layers = [org.geoserver.wms.MapLayerInfo@2d8973ad[description=<null>,label=Radit Boundary,layerFeatureConstraints=<null>,layerGroupMetadata={},layerInfo=SecuredLayerInfo[LayerInfoImpl[vec_s2s_vec_radit_boundary_ba3d1cda, resource:FeatureTypeInfoImpl[vec_s2s_vec_radit_boundary_ba3d1cda]]],name=vec_s2s_vec_radit_boundary_ba3d1cda,remoteFeatureSource=<null>,style=<null>,type=0]]
	MaxFeatures = null
	Palette = null
	RawKvp = {_T=1790153980122, REQUEST=GetMap, FORMAT=image/png, SRS=EPSG:3857, BBOX=11153691.16737292,1545862.4600394047,11163475.106993424,1555646.3996599081, VERSION=1.1.1, STYLES=, SERVICE=WMS, WIDTH=256, HEIGHT=256, TRANSPARENT=true, LAYERS=ws_30cad3c4:vec_s2s_vec_radit_boundary_ba3d1cda}
	RemoteOwsType = null
	RemoteOwsURL = null
	Request = GetMap
	RequestCharset = UTF-8
	ScaleMethod = null
	Sld = null
	SldBody = null
	SldVersion = null
	SortBy = null
	SortByArrays = null
	SRS = EPSG:3857
	StartIndex = null
	StyleBody = null
	StyleFormat = sld
	Styles = [StyleImpl[ name=style_vec_s2s_vec_radit_boundary_ba3d1cda]]
	StyleUrl = null
	StyleVersion = null
	Tiled = false
	TilesOrigin = null
	Time = []
	Transparent = true
	ValidateSchema = false
	Version = 1.1.1
	ViewParams = null
	Width = 256
23 Sep 08:59:48 INFO   [geoserver.wms] - 
Request: getMap
	Angle = 0.0
	BaseUrl = http://localhost:8080/geoserver/
	Bbox = SRSEnvelope[1.115369116737292E7 : 1.1163475106993424E7, 1555646.3996599081 : 1565430.33928041]
	BgColor = java.awt.Color[r=255,g=255,b=255]
	Buffer = 0
	Clip = null
	CQLFilter = null
	Crs = PROJCS["WGS 84 / Pseudo-Mercator", 
  GEOGCS["WGS 84", 
    DATUM["World Geodetic System 1984", 
      SPHEROID["WGS 84", 6378137.0, 298.257223563, AUTHORITY["EPSG","7030"]], 
      AUTHORITY["EPSG","6326"]], 
    PRIMEM["Greenwich", 0.0, AUTHORITY["EPSG","8901"]], 
    UNIT["degree", 0.017453292519943295], 
    AXIS["Geodetic longitude", EAST], 
    AXIS["Geodetic latitude", NORTH], 
    AUTHORITY["EPSG","4326"]], 
  PROJECTION["Popular Visualisation Pseudo Mercator", AUTHORITY["EPSG","1024"]], 
  PARAMETER["semi_minor", 6378137.0], 
  PARAMETER["latitude_of_origin", 0.0], 
  PARAMETER["central_meridian", 0.0], 
  PARAMETER["scale_factor", 1.0], 
  PARAMETER["false_easting", 0.0], 
  PARAMETER["false_northing", 0.0], 
  UNIT["m", 1.0], 
  AXIS["Easting", EAST], 
  AXIS["Northing", NORTH], 
  AUTHORITY["EPSG","3857"]]
	Elevation = []
	Env = {}
	Exceptions = SE_XML
	FeatureId = null
	FeatureVersion = null
	Filter = null
	Format = image/png
	FormatOptions = {}
	Get = true
	Height = 256
	Interpolations = []
	Layers = [org.geoserver.wms.MapLayerInfo@f0460a5[description=<null>,label=Radit Boundary,layerFeatureConstraints=<null>,layerGroupMetadata={},layerInfo=SecuredLayerInfo[LayerInfoImpl[vec_s2s_vec_radit_boundary_ba3d1cda, resource:FeatureTypeInfoImpl[vec_s2s_vec_radit_boundary_ba3d1cda]]],name=vec_s2s_vec_radit_boundary_ba3d1cda,remoteFeatureSource=<null>,style=<null>,type=0]]
	MaxFeatures = null
	Palette = null
	RawKvp = {_T=1790153980122, REQUEST=GetMap, FORMAT=image/png, SRS=EPSG:3857, BBOX=11153691.16737292,1555646.3996599081,11163475.106993424,1565430.33928041, VERSION=1.1.1, STYLES=, SERVICE=WMS, WIDTH=256, HEIGHT=256, TRANSPARENT=true, LAYERS=ws_30cad3c4:vec_s2s_vec_radit_boundary_ba3d1cda}
	RemoteOwsType = null
	RemoteOwsURL = null
	Request = GetMap
	RequestCharset = UTF-8
	ScaleMethod = null
	Sld = null
	SldBody = null
	SldVersion = null
	SortBy = null
	SortByArrays = null
	SRS = EPSG:3857
	StartIndex = null
	StyleBody = null
	StyleFormat = sld
	Styles = [StyleImpl[ name=style_vec_s2s_vec_radit_boundary_ba3d1cda]]
	StyleUrl = null
	StyleVersion = null
	Tiled = false
	TilesOrigin = null
	Time = []
	Transparent = true
	ValidateSchema = false
	Version = 1.1.1
	ViewParams = null
	Width = 256
23 Sep 08:59:48 INFO   [geoserver.flow] - releasing flow controllers for [WMS 1.1.1 GetMap]
23 Sep 08:59:48 INFO   [geoserver.flow] - releasing flow controllers for [WMS 1.1.1 GetMap]
23 Sep 08:59:48 INFO   [geoserver.flow] - Request completed, running requests: 1, blocked requests: 0
23 Sep 08:59:48 INFO   [geoserver.flow] - Request completed, running requests: 1, blocked requests: 0
23 Sep 08:59:48 INFO   [geoserver.flow] - releasing flow controllers for [WMS 1.1.1 GetMap]
23 Sep 08:59:48 INFO   [geoserver.flow] - Request completed, running requests: 0, blocked requests: 0
23 Sep 08:59:48 INFO   [geoserver.wms] - 
Request: getServiceInfo
23 Sep 08:59:48 INFO   [geoserver.wms] - 
Request: getServiceInfo
23 Sep 08:59:48 INFO   [geoserver.wms] - 
Request: getServiceInfo
23 Sep 08:59:48 INFO   [geoserver.flow] - Request [WMS 1.1.1 GetMap] starting, processing through flow controllers
23 Sep 08:59:48 INFO   [geoserver.wms] - 
Request: getServiceInfo
23 Sep 08:59:48 INFO   [geoserver.wms] - 
Request: getServiceInfo
23 Sep 08:59:48 INFO   [geoserver.flow] - Request [WMS 1.1.1 GetMap] starting, processing through flow controllers
23 Sep 08:59:48 INFO   [geoserver.flow] - Request [WMS 1.1.1 GetMap] starting, processing through flow controllers
23 Sep 08:59:48 INFO   [geoserver.flow] - Request [WMS 1.1.1 GetMap] starting, processing through flow controllers
23 Sep 08:59:48 INFO   [geoserver.wms] - 
Request: getServiceInfo
23 Sep 08:59:48 INFO   [geoserver.flow] - Request control-flow performed, running requests: 3, blocked requests: 2
23 Sep 08:59:48 INFO   [geoserver.flow] - Request control-flow performed, running requests: 2, blocked requests: 3
23 Sep 08:59:48 INFO   [geoserver.flow] - Request control-flow performed, running requests: 1, blocked requests: 2
23 Sep 08:59:48 INFO   [geoserver.flow] - Request [WMS 1.1.1 GetMap] starting, processing through flow controllers
23 Sep 08:59:48 INFO   [geoserver.flow] - Request control-flow performed, running requests: 5, blocked requests: 1
23 Sep 08:59:48 INFO   [geoserver.flow] - Request [WMS 1.1.1 GetMap] starting, processing through flow controllers
23 Sep 08:59:48 INFO   [geoserver.flow] - Request control-flow performed, running requests: 6, blocked requests: 0
23 Sep 08:59:48 INFO   [geoserver.flow] - Request control-flow performed, running requests: 4, blocked requests: 1
23 Sep 08:59:48 INFO   [geoserver.wms] - 
Request: getMap
	Angle = 0.0
	BaseUrl = http://localhost:8080/geoserver/
	Bbox = SRSEnvelope[1.1114555408890909E7 : 1.1134123288131915E7, 1545862.4600394047 : 1565430.33928041]
	BgColor = java.awt.Color[r=255,g=255,b=255]
	Buffer = 0
	Clip = null
	CQLFilter = null
	Crs = PROJCS["WGS 84 / Pseudo-Mercator", 
  GEOGCS["WGS 84", 
    DATUM["World Geodetic System 1984", 
      SPHEROID["WGS 84", 6378137.0, 298.257223563, AUTHORITY["EPSG","7030"]], 
      AUTHORITY["EPSG","6326"]], 
    PRIMEM["Greenwich", 0.0, AUTHORITY["EPSG","8901"]], 
    UNIT["degree", 0.017453292519943295], 
    AXIS["Geodetic longitude", EAST], 
    AXIS["Geodetic latitude", NORTH], 
    AUTHORITY["EPSG","4326"]], 
  PROJECTION["Popular Visualisation Pseudo Mercator", AUTHORITY["EPSG","1024"]], 
  PARAMETER["semi_minor", 6378137.0], 
  PARAMETER["latitude_of_origin", 0.0], 
  PARAMETER["central_meridian", 0.0], 
  PARAMETER["scale_factor", 1.0], 
  PARAMETER["false_easting", 0.0], 
  PARAMETER["false_northing", 0.0], 
  UNIT["m", 1.0], 
  AXIS["Easting", EAST], 
  AXIS["Northing", NORTH], 
  AUTHORITY["EPSG","3857"]]
	Elevation = []
	Env = {}
	Exceptions = SE_XML
	FeatureId = null
	FeatureVersion = null
	Filter = null
	Format = image/png
	FormatOptions = {}
	Get = true
	Height = 256
	Interpolations = []
	Layers = [org.geoserver.wms.MapLayerInfo@3a89f0ea[description=<null>,label=Radit Boundary,layerFeatureConstraints=<null>,layerGroupMetadata={},layerInfo=SecuredLayerInfo[LayerInfoImpl[vec_s2s_vec_radit_boundary_ba3d1cda, resource:FeatureTypeInfoImpl[vec_s2s_vec_radit_boundary_ba3d1cda]]],name=vec_s2s_vec_radit_boundary_ba3d1cda,remoteFeatureSource=<null>,style=<null>,type=0]]
	MaxFeatures = null
	Palette = null
	RawKvp = {_T=1790153980122, REQUEST=GetMap, FORMAT=image/png, SRS=EPSG:3857, BBOX=11114555.408890909,1545862.4600394047,11134123.288131915,1565430.33928041, VERSION=1.1.1, STYLES=, SERVICE=WMS, WIDTH=256, HEIGHT=256, TRANSPARENT=true, LAYERS=ws_30cad3c4:vec_s2s_vec_radit_boundary_ba3d1cda}
	RemoteOwsType = null
	RemoteOwsURL = null
	Request = GetMap
	RequestCharset = UTF-8
	ScaleMethod = null
	Sld = null
	SldBody = null
	SldVersion = null
	SortBy = null
	SortByArrays = null
	SRS = EPSG:3857
	StartIndex = null
	StyleBody = null
	StyleFormat = sld
	Styles = [StyleImpl[ name=style_vec_s2s_vec_radit_boundary_ba3d1cda]]
	StyleUrl = null
	StyleVersion = null
	Tiled = false
	TilesOrigin = null
	Time = []
	Transparent = true
	ValidateSchema = false
	Version = 1.1.1
	ViewParams = null
	Width = 256
23 Sep 08:59:48 INFO   [geoserver.wms] - 
Request: getMap
	Angle = 0.0
	BaseUrl = http://localhost:8080/geoserver/
	Bbox = SRSEnvelope[1.115369116737292E7 : 1.1173259046613924E7, 1545862.4600394047 : 1565430.33928041]
	BgColor = java.awt.Color[r=255,g=255,b=255]
	Buffer = 0
	Clip = null
	CQLFilter = null
	Crs = PROJCS["WGS 84 / Pseudo-Mercator", 
  GEOGCS["WGS 84", 
    DATUM["World Geodetic System 1984", 
      SPHEROID["WGS 84", 6378137.0, 298.257223563, AUTHORITY["EPSG","7030"]], 
      AUTHORITY["EPSG","6326"]], 
    PRIMEM["Greenwich", 0.0, AUTHORITY["EPSG","8901"]], 
    UNIT["degree", 0.017453292519943295], 
    AXIS["Geodetic longitude", EAST], 
    AXIS["Geodetic latitude", NORTH], 
    AUTHORITY["EPSG","4326"]], 
  PROJECTION["Popular Visualisation Pseudo Mercator", AUTHORITY["EPSG","1024"]], 
  PARAMETER["semi_minor", 6378137.0], 
  PARAMETER["latitude_of_origin", 0.0], 
  PARAMETER["central_meridian", 0.0], 
  PARAMETER["scale_factor", 1.0], 
  PARAMETER["false_easting", 0.0], 
  PARAMETER["false_northing", 0.0], 
  UNIT["m", 1.0], 
  AXIS["Easting", EAST], 
  AXIS["Northing", NORTH], 
  AUTHORITY["EPSG","3857"]]
	Elevation = []
	Env = {}
	Exceptions = SE_XML
	FeatureId = null
	FeatureVersion = null
	Filter = null
	Format = image/png
	FormatOptions = {}
	Get = true
	Height = 256
	Interpolations = []
	Layers = [org.geoserver.wms.MapLayerInfo@1f5cb4b6[description=<null>,label=Radit Boundary,layerFeatureConstraints=<null>,layerGroupMetadata={},layerInfo=SecuredLayerInfo[LayerInfoImpl[vec_s2s_vec_radit_boundary_ba3d1cda, resource:FeatureTypeInfoImpl[vec_s2s_vec_radit_boundary_ba3d1cda]]],name=vec_s2s_vec_radit_boundary_ba3d1cda,remoteFeatureSource=<null>,style=<null>,type=0]]
	MaxFeatures = null
	Palette = null
	RawKvp = {_T=1790153980122, REQUEST=GetMap, FORMAT=image/png, SRS=EPSG:3857, BBOX=11153691.16737292,1545862.4600394047,11173259.046613924,1565430.33928041, VERSION=1.1.1, STYLES=, SERVICE=WMS, WIDTH=256, HEIGHT=256, TRANSPARENT=true, LAYERS=ws_30cad3c4:vec_s2s_vec_radit_boundary_ba3d1cda}
	RemoteOwsType = null
	RemoteOwsURL = null
	Request = GetMap
	RequestCharset = UTF-8
	ScaleMethod = null
	Sld = null
	SldBody = null
	SldVersion = null
	SortBy = null
	SortByArrays = null
	SRS = EPSG:3857
	StartIndex = null
	StyleBody = null
	StyleFormat = sld
	Styles = [StyleImpl[ name=style_vec_s2s_vec_radit_boundary_ba3d1cda]]
	StyleUrl = null
	StyleVersion = null
	Tiled = false
	TilesOrigin = null
	Time = []
	Transparent = true
	ValidateSchema = false
	Version = 1.1.1
	ViewParams = null
	Width = 256
23 Sep 08:59:48 INFO   [geoserver.wms] - 
Request: getMap
	Angle = 0.0
	BaseUrl = http://localhost:8080/geoserver/
	Bbox = SRSEnvelope[1.1114555408890909E7 : 1.1134123288131915E7, 1565430.33928041 : 1584998.2185214155]
	BgColor = java.awt.Color[r=255,g=255,b=255]
	Buffer = 0
	Clip = null
	CQLFilter = null
	Crs = PROJCS["WGS 84 / Pseudo-Mercator", 
  GEOGCS["WGS 84", 
    DATUM["World Geodetic System 1984", 
      SPHEROID["WGS 84", 6378137.0, 298.257223563, AUTHORITY["EPSG","7030"]], 
      AUTHORITY["EPSG","6326"]], 
    PRIMEM["Greenwich", 0.0, AUTHORITY["EPSG","8901"]], 
    UNIT["degree", 0.017453292519943295], 
    AXIS["Geodetic longitude", EAST], 
    AXIS["Geodetic latitude", NORTH], 
    AUTHORITY["EPSG","4326"]], 
  PROJECTION["Popular Visualisation Pseudo Mercator", AUTHORITY["EPSG","1024"]], 
  PARAMETER["semi_minor", 6378137.0], 
  PARAMETER["latitude_of_origin", 0.0], 
  PARAMETER["central_meridian", 0.0], 
  PARAMETER["scale_factor", 1.0], 
  PARAMETER["false_easting", 0.0], 
  PARAMETER["false_northing", 0.0], 
  UNIT["m", 1.0], 
  AXIS["Easting", EAST], 
  AXIS["Northing", NORTH], 
  AUTHORITY["EPSG","3857"]]
	Elevation = []
	Env = {}
	Exceptions = SE_XML
	FeatureId = null
	FeatureVersion = null
	Filter = null
	Format = image/png
	FormatOptions = {}
	Get = true
	Height = 256
	Interpolations = []
	Layers = [org.geoserver.wms.MapLayerInfo@5b6a9b36[description=<null>,label=Radit Boundary,layerFeatureConstraints=<null>,layerGroupMetadata={},layerInfo=SecuredLayerInfo[LayerInfoImpl[vec_s2s_vec_radit_boundary_ba3d1cda, resource:FeatureTypeInfoImpl[vec_s2s_vec_radit_boundary_ba3d1cda]]],name=vec_s2s_vec_radit_boundary_ba3d1cda,remoteFeatureSource=<null>,style=<null>,type=0]]
	MaxFeatures = null
	Palette = null
	RawKvp = {_T=1790153980122, REQUEST=GetMap, FORMAT=image/png, SRS=EPSG:3857, BBOX=11114555.408890909,1565430.33928041,11134123.288131915,1584998.2185214155, VERSION=1.1.1, STYLES=, SERVICE=WMS, WIDTH=256, HEIGHT=256, TRANSPARENT=true, LAYERS=ws_30cad3c4:vec_s2s_vec_radit_boundary_ba3d1cda}
	RemoteOwsType = null
	RemoteOwsURL = null
	Request = GetMap
	RequestCharset = UTF-8
	ScaleMethod = null
	Sld = null
	SldBody = null
	SldVersion = null
	SortBy = null
	SortByArrays = null
	SRS = EPSG:3857
	StartIndex = null
	StyleBody = null
	StyleFormat = sld
	Styles = [StyleImpl[ name=style_vec_s2s_vec_radit_boundary_ba3d1cda]]
	StyleUrl = null
	StyleVersion = null
	Tiled = false
	TilesOrigin = null
	Time = []
	Transparent = true
	ValidateSchema = false
	Version = 1.1.1
	ViewParams = null
	Width = 256
23 Sep 08:59:48 INFO   [geoserver.wms] - 
Request: getMap
	Angle = 0.0
	BaseUrl = http://localhost:8080/geoserver/
	Bbox = SRSEnvelope[1.1134123288131915E7 : 1.115369116737292E7, 1545862.4600394047 : 1565430.33928041]
	BgColor = java.awt.Color[r=255,g=255,b=255]
	Buffer = 0
	Clip = null
	CQLFilter = null
	Crs = PROJCS["WGS 84 / Pseudo-Mercator", 
  GEOGCS["WGS 84", 
    DATUM["World Geodetic System 1984", 
      SPHEROID["WGS 84", 6378137.0, 298.257223563, AUTHORITY["EPSG","7030"]], 
      AUTHORITY["EPSG","6326"]], 
    PRIMEM["Greenwich", 0.0, AUTHORITY["EPSG","8901"]], 
    UNIT["degree", 0.017453292519943295], 
    AXIS["Geodetic longitude", EAST], 
    AXIS["Geodetic latitude", NORTH], 
    AUTHORITY["EPSG","4326"]], 
  PROJECTION["Popular Visualisation Pseudo Mercator", AUTHORITY["EPSG","1024"]], 
  PARAMETER["semi_minor", 6378137.0], 
  PARAMETER["latitude_of_origin", 0.0], 
  PARAMETER["central_meridian", 0.0], 
  PARAMETER["scale_factor", 1.0], 
  PARAMETER["false_easting", 0.0], 
  PARAMETER["false_northing", 0.0], 
  UNIT["m", 1.0], 
  AXIS["Easting", EAST], 
  AXIS["Northing", NORTH], 
  AUTHORITY["EPSG","3857"]]
	Elevation = []
	Env = {}
	Exceptions = SE_XML
	FeatureId = null
	FeatureVersion = null
	Filter = null
	Format = image/png
	FormatOptions = {}
	Get = true
	Height = 256
	Interpolations = []
	Layers = [org.geoserver.wms.MapLayerInfo@6ba3f34c[description=<null>,label=Radit Boundary,layerFeatureConstraints=<null>,layerGroupMetadata={},layerInfo=SecuredLayerInfo[LayerInfoImpl[vec_s2s_vec_radit_boundary_ba3d1cda, resource:FeatureTypeInfoImpl[vec_s2s_vec_radit_boundary_ba3d1cda]]],name=vec_s2s_vec_radit_boundary_ba3d1cda,remoteFeatureSource=<null>,style=<null>,type=0]]
	MaxFeatures = null
	Palette = null
	RawKvp = {_T=1790153980122, REQUEST=GetMap, FORMAT=image/png, SRS=EPSG:3857, BBOX=11134123.288131915,1545862.4600394047,11153691.16737292,1565430.33928041, VERSION=1.1.1, STYLES=, SERVICE=WMS, WIDTH=256, HEIGHT=256, TRANSPARENT=true, LAYERS=ws_30cad3c4:vec_s2s_vec_radit_boundary_ba3d1cda}
	RemoteOwsType = null
	RemoteOwsURL = null
	Request = GetMap
	RequestCharset = UTF-8
	ScaleMethod = null
	Sld = null
	SldBody = null
	SldVersion = null
	SortBy = null
	SortByArrays = null
	SRS = EPSG:3857
	StartIndex = null
	StyleBody = null
	StyleFormat = sld
	Styles = [StyleImpl[ name=style_vec_s2s_vec_radit_boundary_ba3d1cda]]
	StyleUrl = null
	StyleVersion = null
	Tiled = false
	TilesOrigin = null
	Time = []
	Transparent = true
	ValidateSchema = false
	Version = 1.1.1
	ViewParams = null
	Width = 256
23 Sep 08:59:48 INFO   [geoserver.flow] - releasing flow controllers for [WMS 1.1.1 GetMap]
23 Sep 08:59:48 INFO   [geoserver.wms] - 
Request: getMap
	Angle = 0.0
	BaseUrl = http://localhost:8080/geoserver/
	Bbox = SRSEnvelope[1.115369116737292E7 : 1.1173259046613924E7, 1565430.33928041 : 1584998.2185214155]
	BgColor = java.awt.Color[r=255,g=255,b=255]
	Buffer = 0
	Clip = null
	CQLFilter = null
	Crs = PROJCS["WGS 84 / Pseudo-Mercator", 
  GEOGCS["WGS 84", 
    DATUM["World Geodetic System 1984", 
      SPHEROID["WGS 84", 6378137.0, 298.257223563, AUTHORITY["EPSG","7030"]], 
      AUTHORITY["EPSG","6326"]], 
    PRIMEM["Greenwich", 0.0, AUTHORITY["EPSG","8901"]], 
    UNIT["degree", 0.017453292519943295], 
    AXIS["Geodetic longitude", EAST], 
    AXIS["Geodetic latitude", NORTH], 
    AUTHORITY["EPSG","4326"]], 
  PROJECTION["Popular Visualisation Pseudo Mercator", AUTHORITY["EPSG","1024"]], 
  PARAMETER["semi_minor", 6378137.0], 
  PARAMETER["latitude_of_origin", 0.0], 
  PARAMETER["central_meridian", 0.0], 
  PARAMETER["scale_factor", 1.0], 
  PARAMETER["false_easting", 0.0], 
  PARAMETER["false_northing", 0.0], 
  UNIT["m", 1.0], 
  AXIS["Easting", EAST], 
  AXIS["Northing", NORTH], 
  AUTHORITY["EPSG","3857"]]
	Elevation = []
	Env = {}
	Exceptions = SE_XML
	FeatureId = null
	FeatureVersion = null
	Filter = null
	Format = image/png
	FormatOptions = {}
	Get = true
	Height = 256
	Interpolations = []
	Layers = [org.geoserver.wms.MapLayerInfo@6463781[description=<null>,label=Radit Boundary,layerFeatureConstraints=<null>,layerGroupMetadata={},layerInfo=SecuredLayerInfo[LayerInfoImpl[vec_s2s_vec_radit_boundary_ba3d1cda, resource:FeatureTypeInfoImpl[vec_s2s_vec_radit_boundary_ba3d1cda]]],name=vec_s2s_vec_radit_boundary_ba3d1cda,remoteFeatureSource=<null>,style=<null>,type=0]]
	MaxFeatures = null
	Palette = null
	RawKvp = {_T=1790153980122, REQUEST=GetMap, FORMAT=image/png, SRS=EPSG:3857, BBOX=11153691.16737292,1565430.33928041,11173259.046613924,1584998.2185214155, VERSION=1.1.1, STYLES=, SERVICE=WMS, WIDTH=256, HEIGHT=256, TRANSPARENT=true, LAYERS=ws_30cad3c4:vec_s2s_vec_radit_boundary_ba3d1cda}
	RemoteOwsType = null
	RemoteOwsURL = null
	Request = GetMap
	RequestCharset = UTF-8
	ScaleMethod = null
	Sld = null
	SldBody = null
	SldVersion = null
	SortBy = null
	SortByArrays = null
	SRS = EPSG:3857
	StartIndex = null
	StyleBody = null
	StyleFormat = sld
	Styles = [StyleImpl[ name=style_vec_s2s_vec_radit_boundary_ba3d1cda]]
	StyleUrl = null
	StyleVersion = null
	Tiled = false
	TilesOrigin = null
	Time = []
	Transparent = true
	ValidateSchema = false
	Version = 1.1.1
	ViewParams = null
	Width = 256
23 Sep 08:59:48 INFO   [geoserver.flow] - releasing flow controllers for [WMS 1.1.1 GetMap]
23 Sep 08:59:48 INFO   [geoserver.flow] - releasing flow controllers for [WMS 1.1.1 GetMap]
23 Sep 08:59:48 INFO   [geoserver.wms] - 
Request: getMap
	Angle = 0.0
	BaseUrl = http://localhost:8080/geoserver/
	Bbox = SRSEnvelope[1.1134123288131915E7 : 1.115369116737292E7, 1565430.33928041 : 1584998.2185214155]
	BgColor = java.awt.Color[r=255,g=255,b=255]
	Buffer = 0
	Clip = null
	CQLFilter = null
	Crs = PROJCS["WGS 84 / Pseudo-Mercator", 
  GEOGCS["WGS 84", 
    DATUM["World Geodetic System 1984", 
      SPHEROID["WGS 84", 6378137.0, 298.257223563, AUTHORITY["EPSG","7030"]], 
      AUTHORITY["EPSG","6326"]], 
    PRIMEM["Greenwich", 0.0, AUTHORITY["EPSG","8901"]], 
    UNIT["degree", 0.017453292519943295], 
    AXIS["Geodetic longitude", EAST], 
    AXIS["Geodetic latitude", NORTH], 
    AUTHORITY["EPSG","4326"]], 
  PROJECTION["Popular Visualisation Pseudo Mercator", AUTHORITY["EPSG","1024"]], 
  PARAMETER["semi_minor", 6378137.0], 
  PARAMETER["latitude_of_origin", 0.0], 
  PARAMETER["central_meridian", 0.0], 
  PARAMETER["scale_factor", 1.0], 
  PARAMETER["false_easting", 0.0], 
  PARAMETER["false_northing", 0.0], 
  UNIT["m", 1.0], 
  AXIS["Easting", EAST], 
  AXIS["Northing", NORTH], 
  AUTHORITY["EPSG","3857"]]
	Elevation = []
	Env = {}
	Exceptions = SE_XML
	FeatureId = null
	FeatureVersion = null
	Filter = null
	Format = image/png
	FormatOptions = {}
	Get = true
	Height = 256
	Interpolations = []
	Layers = [org.geoserver.wms.MapLayerInfo@160572ae[description=<null>,label=Radit Boundary,layerFeatureConstraints=<null>,layerGroupMetadata={},layerInfo=SecuredLayerInfo[LayerInfoImpl[vec_s2s_vec_radit_boundary_ba3d1cda, resource:FeatureTypeInfoImpl[vec_s2s_vec_radit_boundary_ba3d1cda]]],name=vec_s2s_vec_radit_boundary_ba3d1cda,remoteFeatureSource=<null>,style=<null>,type=0]]
	MaxFeatures = null
	Palette = null
	RawKvp = {_T=1790153980122, REQUEST=GetMap, FORMAT=image/png, SRS=EPSG:3857, BBOX=11134123.288131915,1565430.33928041,11153691.16737292,1584998.2185214155, VERSION=1.1.1, STYLES=, SERVICE=WMS, WIDTH=256, HEIGHT=256, TRANSPARENT=true, LAYERS=ws_30cad3c4:vec_s2s_vec_radit_boundary_ba3d1cda}
	RemoteOwsType = null
	RemoteOwsURL = null
	Request = GetMap
	RequestCharset = UTF-8
	ScaleMethod = null
	Sld = null
	SldBody = null
	SldVersion = null
	SortBy = null
	SortByArrays = null
	SRS = EPSG:3857
	StartIndex = null
	StyleBody = null
	StyleFormat = sld
	Styles = [StyleImpl[ name=style_vec_s2s_vec_radit_boundary_ba3d1cda]]
	StyleUrl = null
	StyleVersion = null
	Tiled = false
	TilesOrigin = null
	Time = []
	Transparent = true
	ValidateSchema = false
	Version = 1.1.1
	ViewParams = null
	Width = 256
23 Sep 08:59:48 INFO   [geoserver.flow] - Request completed, running requests: 3, blocked requests: 0
23 Sep 08:59:48 INFO   [geoserver.flow] - releasing flow controllers for [WMS 1.1.1 GetMap]
23 Sep 08:59:48 INFO   [geoserver.flow] - Request completed, running requests: 0, blocked requests: 0
23 Sep 08:59:48 INFO   [geoserver.flow] - releasing flow controllers for [WMS 1.1.1 GetMap]
23 Sep 08:59:48 INFO   [geoserver.flow] - Request completed, running requests: 1, blocked requests: 0
23 Sep 08:59:48 INFO   [geoserver.flow] - releasing flow controllers for [WMS 1.1.1 GetMap]
23 Sep 08:59:48 INFO   [geoserver.flow] - Request completed, running requests: 0, blocked requests: 0
23 Sep 08:59:48 INFO   [geoserver.flow] - Request completed, running requests: 2, blocked requests: 0
23 Sep 08:59:48 INFO   [geoserver.flow] - Request completed, running requests: 0, blocked requests: 0
23 Sep 08:59:49 INFO   [geoserver.wms] - 
Request: getServiceInfo
23 Sep 08:59:49 INFO   [geoserver.wms] - 
Request: getServiceInfo
23 Sep 08:59:49 INFO   [geoserver.wms] - 
Request: getServiceInfo
23 Sep 08:59:49 INFO   [geoserver.wms] - 
Request: getServiceInfo
23 Sep 08:59:49 INFO   [geoserver.wms] - 
Request: getServiceInfo
23 Sep 08:59:49 INFO   [geoserver.wms] - 
Request: getServiceInfo
23 Sep 08:59:49 INFO   [geoserver.flow] - Request [WMS 1.1.1 GetMap] starting, processing through flow controllers
23 Sep 08:59:49 INFO   [geoserver.flow] - Request [WMS 1.1.1 GetMap] starting, processing through flow controllers
23 Sep 08:59:49 INFO   [geoserver.flow] - Request [WMS 1.1.1 GetMap] starting, processing through flow controllers
23 Sep 08:59:49 INFO   [geoserver.flow] - Request [WMS 1.1.1 GetMap] starting, processing through flow controllers
23 Sep 08:59:49 INFO   [geoserver.flow] - Request [WMS 1.1.1 GetMap] starting, processing through flow controllers
23 Sep 08:59:49 INFO   [geoserver.flow] - Request [WMS 1.1.1 GetMap] starting, processing through flow controllers
23 Sep 08:59:49 INFO   [geoserver.flow] - Request control-flow performed, running requests: 3, blocked requests: 2
23 Sep 08:59:49 INFO   [geoserver.flow] - Request control-flow performed, running requests: 2, blocked requests: 3
23 Sep 08:59:49 INFO   [geoserver.flow] - Request control-flow performed, running requests: 1, blocked requests: 4
23 Sep 08:59:49 INFO   [geoserver.flow] - Request control-flow performed, running requests: 5, blocked requests: 1
23 Sep 08:59:49 INFO   [geoserver.flow] - Request control-flow performed, running requests: 6, blocked requests: 0
23 Sep 08:59:49 INFO   [geoserver.flow] - Request control-flow performed, running requests: 4, blocked requests: 2
23 Sep 08:59:49 INFO   [geoserver.wms] - 
Request: getMap
	Angle = 0.0
	BaseUrl = http://localhost:8080/geoserver/
	Bbox = SRSEnvelope[1.1173259046613924E7 : 1.119282692585493E7, 1545862.4600394047 : 1565430.33928041]
	BgColor = java.awt.Color[r=255,g=255,b=255]
	Buffer = 0
	Clip = null
	CQLFilter = null
	Crs = PROJCS["WGS 84 / Pseudo-Mercator", 
  GEOGCS["WGS 84", 
    DATUM["World Geodetic System 1984", 
      SPHEROID["WGS 84", 6378137.0, 298.257223563, AUTHORITY["EPSG","7030"]], 
      AUTHORITY["EPSG","6326"]], 
    PRIMEM["Greenwich", 0.0, AUTHORITY["EPSG","8901"]], 
    UNIT["degree", 0.017453292519943295], 
    AXIS["Geodetic longitude", EAST], 
    AXIS["Geodetic latitude", NORTH], 
    AUTHORITY["EPSG","4326"]], 
  PROJECTION["Popular Visualisation Pseudo Mercator", AUTHORITY["EPSG","1024"]], 
  PARAMETER["semi_minor", 6378137.0], 
  PARAMETER["latitude_of_origin", 0.0], 
  PARAMETER["central_meridian", 0.0], 
  PARAMETER["scale_factor", 1.0], 
  PARAMETER["false_easting", 0.0], 
  PARAMETER["false_northing", 0.0], 
  UNIT["m", 1.0], 
  AXIS["Easting", EAST], 
  AXIS["Northing", NORTH], 
  AUTHORITY["EPSG","3857"]]
	Elevation = []
	Env = {}
	Exceptions = SE_XML
	FeatureId = null
	FeatureVersion = null
	Filter = null
	Format = image/png
	FormatOptions = {}
	Get = true
	Height = 256
	Interpolations = []
	Layers = [org.geoserver.wms.MapLayerInfo@6326302[description=<null>,label=Radit Boundary,layerFeatureConstraints=<null>,layerGroupMetadata={},layerInfo=SecuredLayerInfo[LayerInfoImpl[vec_s2s_vec_radit_boundary_ba3d1cda, resource:FeatureTypeInfoImpl[vec_s2s_vec_radit_boundary_ba3d1cda]]],name=vec_s2s_vec_radit_boundary_ba3d1cda,remoteFeatureSource=<null>,style=<null>,type=0]]
	MaxFeatures = null
	Palette = null
	RawKvp = {_T=1790153980122, REQUEST=GetMap, FORMAT=image/png, SRS=EPSG:3857, BBOX=11173259.046613924,1545862.4600394047,11192826.92585493,1565430.33928041, VERSION=1.1.1, STYLES=, SERVICE=WMS, WIDTH=256, HEIGHT=256, TRANSPARENT=true, LAYERS=ws_30cad3c4:vec_s2s_vec_radit_boundary_ba3d1cda}
	RemoteOwsType = null
	RemoteOwsURL = null
	Request = GetMap
	RequestCharset = UTF-8
	ScaleMethod = null
	Sld = null
	SldBody = null
	SldVersion = null
	SortBy = null
	SortByArrays = null
	SRS = EPSG:3857
	StartIndex = null
	StyleBody = null
	StyleFormat = sld
	Styles = [StyleImpl[ name=style_vec_s2s_vec_radit_boundary_ba3d1cda]]
	StyleUrl = null
	StyleVersion = null
	Tiled = false
	TilesOrigin = null
	Time = []
	Transparent = true
	ValidateSchema = false
	Version = 1.1.1
	ViewParams = null
	Width = 256
23 Sep 08:59:49 INFO   [geoserver.wms] - 
Request: getMap
	Angle = 0.0
	BaseUrl = http://localhost:8080/geoserver/
	Bbox = SRSEnvelope[1.115369116737292E7 : 1.1173259046613924E7, 1526294.580798401 : 1545862.4600394047]
	BgColor = java.awt.Color[r=255,g=255,b=255]
	Buffer = 0
	Clip = null
	CQLFilter = null
	Crs = PROJCS["WGS 84 / Pseudo-Mercator", 
  GEOGCS["WGS 84", 
    DATUM["World Geodetic System 1984", 
      SPHEROID["WGS 84", 6378137.0, 298.257223563, AUTHORITY["EPSG","7030"]], 
      AUTHORITY["EPSG","6326"]], 
    PRIMEM["Greenwich", 0.0, AUTHORITY["EPSG","8901"]], 
    UNIT["degree", 0.017453292519943295], 
    AXIS["Geodetic longitude", EAST], 
    AXIS["Geodetic latitude", NORTH], 
    AUTHORITY["EPSG","4326"]], 
  PROJECTION["Popular Visualisation Pseudo Mercator", AUTHORITY["EPSG","1024"]], 
  PARAMETER["semi_minor", 6378137.0], 
  PARAMETER["latitude_of_origin", 0.0], 
  PARAMETER["central_meridian", 0.0], 
  PARAMETER["scale_factor", 1.0], 
  PARAMETER["false_easting", 0.0], 
  PARAMETER["false_northing", 0.0], 
  UNIT["m", 1.0], 
  AXIS["Easting", EAST], 
  AXIS["Northing", NORTH], 
  AUTHORITY["EPSG","3857"]]
	Elevation = []
	Env = {}
	Exceptions = SE_XML
	FeatureId = null
	FeatureVersion = null
	Filter = null
	Format = image/png
	FormatOptions = {}
	Get = true
	Height = 256
	Interpolations = []
	Layers = [org.geoserver.wms.MapLayerInfo@269a37c9[description=<null>,label=Radit Boundary,layerFeatureConstraints=<null>,layerGroupMetadata={},layerInfo=SecuredLayerInfo[LayerInfoImpl[vec_s2s_vec_radit_boundary_ba3d1cda, resource:FeatureTypeInfoImpl[vec_s2s_vec_radit_boundary_ba3d1cda]]],name=vec_s2s_vec_radit_boundary_ba3d1cda,remoteFeatureSource=<null>,style=<null>,type=0]]
	MaxFeatures = null
	Palette = null
	RawKvp = {_T=1790153980122, REQUEST=GetMap, FORMAT=image/png, SRS=EPSG:3857, BBOX=11153691.16737292,1526294.580798401,11173259.046613924,1545862.4600394047, VERSION=1.1.1, STYLES=, SERVICE=WMS, WIDTH=256, HEIGHT=256, TRANSPARENT=true, LAYERS=ws_30cad3c4:vec_s2s_vec_radit_boundary_ba3d1cda}
	RemoteOwsType = null
	RemoteOwsURL = null
	Request = GetMap
	RequestCharset = UTF-8
	ScaleMethod = null
	Sld = null
	SldBody = null
	SldVersion = null
	SortBy = null
	SortByArrays = null
	SRS = EPSG:3857
	StartIndex = null
	StyleBody = null
	StyleFormat = sld
	Styles = [StyleImpl[ name=style_vec_s2s_vec_radit_boundary_ba3d1cda]]
	StyleUrl = null
	StyleVersion = null
	Tiled = false
	TilesOrigin = null
	Time = []
	Transparent = true
	ValidateSchema = false
	Version = 1.1.1
	ViewParams = null
	Width = 256
23 Sep 08:59:49 INFO   [geoserver.wms] - 
Request: getMap
	Angle = 0.0
	BaseUrl = http://localhost:8080/geoserver/
	Bbox = SRSEnvelope[1.1134123288131915E7 : 1.115369116737292E7, 1526294.580798401 : 1545862.4600394047]
	BgColor = java.awt.Color[r=255,g=255,b=255]
	Buffer = 0
	Clip = null
	CQLFilter = null
	Crs = PROJCS["WGS 84 / Pseudo-Mercator", 
  GEOGCS["WGS 84", 
    DATUM["World Geodetic System 1984", 
      SPHEROID["WGS 84", 6378137.0, 298.257223563, AUTHORITY["EPSG","7030"]], 
      AUTHORITY["EPSG","6326"]], 
    PRIMEM["Greenwich", 0.0, AUTHORITY["EPSG","8901"]], 
    UNIT["degree", 0.017453292519943295], 
    AXIS["Geodetic longitude", EAST], 
    AXIS["Geodetic latitude", NORTH], 
    AUTHORITY["EPSG","4326"]], 
  PROJECTION["Popular Visualisation Pseudo Mercator", AUTHORITY["EPSG","1024"]], 
  PARAMETER["semi_minor", 6378137.0], 
  PARAMETER["latitude_of_origin", 0.0], 
  PARAMETER["central_meridian", 0.0], 
  PARAMETER["scale_factor", 1.0], 
  PARAMETER["false_easting", 0.0], 
  PARAMETER["false_northing", 0.0], 
  UNIT["m", 1.0], 
  AXIS["Easting", EAST], 
  AXIS["Northing", NORTH], 
  AUTHORITY["EPSG","3857"]]
	Elevation = []
	Env = {}
	Exceptions = SE_XML
	FeatureId = null
	FeatureVersion = null
	Filter = null
	Format = image/png
	FormatOptions = {}
	Get = true
	Height = 256
	Interpolations = []
	Layers = [org.geoserver.wms.MapLayerInfo@14c7360c[description=<null>,label=Radit Boundary,layerFeatureConstraints=<null>,layerGroupMetadata={},layerInfo=SecuredLayerInfo[LayerInfoImpl[vec_s2s_vec_radit_boundary_ba3d1cda, resource:FeatureTypeInfoImpl[vec_s2s_vec_radit_boundary_ba3d1cda]]],name=vec_s2s_vec_radit_boundary_ba3d1cda,remoteFeatureSource=<null>,style=<null>,type=0]]
	MaxFeatures = null
	Palette = null
	RawKvp = {_T=1790153980122, REQUEST=GetMap, FORMAT=image/png, SRS=EPSG:3857, BBOX=11134123.288131915,1526294.580798401,11153691.16737292,1545862.4600394047, VERSION=1.1.1, STYLES=, SERVICE=WMS, WIDTH=256, HEIGHT=256, TRANSPARENT=true, LAYERS=ws_30cad3c4:vec_s2s_vec_radit_boundary_ba3d1cda}
	RemoteOwsType = null
	RemoteOwsURL = null
	Request = GetMap
	RequestCharset = UTF-8
	ScaleMethod = null
	Sld = null
	SldBody = null
	SldVersion = null
	SortBy = null
	SortByArrays = null
	SRS = EPSG:3857
	StartIndex = null
	StyleBody = null
	StyleFormat = sld
	Styles = [StyleImpl[ name=style_vec_s2s_vec_radit_boundary_ba3d1cda]]
	StyleUrl = null
	StyleVersion = null
	Tiled = false
	TilesOrigin = null
	Time = []
	Transparent = true
	ValidateSchema = false
	Version = 1.1.1
	ViewParams = null
	Width = 256
23 Sep 08:59:49 INFO   [geoserver.wms] - 
Request: getMap
	Angle = 0.0
	BaseUrl = http://localhost:8080/geoserver/
	Bbox = SRSEnvelope[1.1094987529649906E7 : 1.1114555408890909E7, 1545862.4600394047 : 1565430.33928041]
	BgColor = java.awt.Color[r=255,g=255,b=255]
	Buffer = 0
	Clip = null
	CQLFilter = null
	Crs = PROJCS["WGS 84 / Pseudo-Mercator", 
  GEOGCS["WGS 84", 
    DATUM["World Geodetic System 1984", 
      SPHEROID["WGS 84", 6378137.0, 298.257223563, AUTHORITY["EPSG","7030"]], 
      AUTHORITY["EPSG","6326"]], 
    PRIMEM["Greenwich", 0.0, AUTHORITY["EPSG","8901"]], 
    UNIT["degree", 0.017453292519943295], 
    AXIS["Geodetic longitude", EAST], 
    AXIS["Geodetic latitude", NORTH], 
    AUTHORITY["EPSG","4326"]], 
  PROJECTION["Popular Visualisation Pseudo Mercator", AUTHORITY["EPSG","1024"]], 
  PARAMETER["semi_minor", 6378137.0], 
  PARAMETER["latitude_of_origin", 0.0], 
  PARAMETER["central_meridian", 0.0], 
  PARAMETER["scale_factor", 1.0], 
  PARAMETER["false_easting", 0.0], 
  PARAMETER["false_northing", 0.0], 
  UNIT["m", 1.0], 
  AXIS["Easting", EAST], 
  AXIS["Northing", NORTH], 
  AUTHORITY["EPSG","3857"]]
	Elevation = []
	Env = {}
	Exceptions = SE_XML
	FeatureId = null
	FeatureVersion = null
	Filter = null
	Format = image/png
	FormatOptions = {}
	Get = true
	Height = 256
	Interpolations = []
	Layers = [org.geoserver.wms.MapLayerInfo@1cbcbb7[description=<null>,label=Radit Boundary,layerFeatureConstraints=<null>,layerGroupMetadata={},layerInfo=SecuredLayerInfo[LayerInfoImpl[vec_s2s_vec_radit_boundary_ba3d1cda, resource:FeatureTypeInfoImpl[vec_s2s_vec_radit_boundary_ba3d1cda]]],name=vec_s2s_vec_radit_boundary_ba3d1cda,remoteFeatureSource=<null>,style=<null>,type=0]]
	MaxFeatures = null
	Palette = null
	RawKvp = {_T=1790153980122, REQUEST=GetMap, FORMAT=image/png, SRS=EPSG:3857, BBOX=11094987.529649906,1545862.4600394047,11114555.408890909,1565430.33928041, VERSION=1.1.1, STYLES=, SERVICE=WMS, WIDTH=256, HEIGHT=256, TRANSPARENT=true, LAYERS=ws_30cad3c4:vec_s2s_vec_radit_boundary_ba3d1cda}
	RemoteOwsType = null
	RemoteOwsURL = null
	Request = GetMap
	RequestCharset = UTF-8
	ScaleMethod = null
	Sld = null
	SldBody = null
	SldVersion = null
	SortBy = null
	SortByArrays = null
	SRS = EPSG:3857
	StartIndex = null
	StyleBody = null
	StyleFormat = sld
	Styles = [StyleImpl[ name=style_vec_s2s_vec_radit_boundary_ba3d1cda]]
	StyleUrl = null
	StyleVersion = null
	Tiled = false
	TilesOrigin = null
	Time = []
	Transparent = true
	ValidateSchema = false
	Version = 1.1.1
	ViewParams = null
	Width = 256
23 Sep 08:59:49 INFO   [geoserver.flow] - releasing flow controllers for [WMS 1.1.1 GetMap]
23 Sep 08:59:49 INFO   [geoserver.flow] - Request completed, running requests: 4, blocked requests: 0
23 Sep 08:59:49 INFO   [geoserver.wms] - 
Request: getMap
	Angle = 0.0
	BaseUrl = http://localhost:8080/geoserver/
	Bbox = SRSEnvelope[1.1094987529649906E7 : 1.1114555408890909E7, 1565430.33928041 : 1584998.2185214155]
	BgColor = java.awt.Color[r=255,g=255,b=255]
	Buffer = 0
	Clip = null
	CQLFilter = null
	Crs = PROJCS["WGS 84 / Pseudo-Mercator", 
  GEOGCS["WGS 84", 
    DATUM["World Geodetic System 1984", 
      SPHEROID["WGS 84", 6378137.0, 298.257223563, AUTHORITY["EPSG","7030"]], 
      AUTHORITY["EPSG","6326"]], 
    PRIMEM["Greenwich", 0.0, AUTHORITY["EPSG","8901"]], 
    UNIT["degree", 0.017453292519943295], 
    AXIS["Geodetic longitude", EAST], 
    AXIS["Geodetic latitude", NORTH], 
    AUTHORITY["EPSG","4326"]], 
  PROJECTION["Popular Visualisation Pseudo Mercator", AUTHORITY["EPSG","1024"]], 
  PARAMETER["semi_minor", 6378137.0], 
  PARAMETER["latitude_of_origin", 0.0], 
  PARAMETER["central_meridian", 0.0], 
  PARAMETER["scale_factor", 1.0], 
  PARAMETER["false_easting", 0.0], 
  PARAMETER["false_northing", 0.0], 
  UNIT["m", 1.0], 
  AXIS["Easting", EAST], 
  AXIS["Northing", NORTH], 
  AUTHORITY["EPSG","3857"]]
	Elevation = []
	Env = {}
	Exceptions = SE_XML
	FeatureId = null
	FeatureVersion = null
	Filter = null
	Format = image/png
	FormatOptions = {}
	Get = true
	Height = 256
	Interpolations = []
	Layers = [org.geoserver.wms.MapLayerInfo@535b3d5b[description=<null>,label=Radit Boundary,layerFeatureConstraints=<null>,layerGroupMetadata={},layerInfo=SecuredLayerInfo[LayerInfoImpl[vec_s2s_vec_radit_boundary_ba3d1cda, resource:FeatureTypeInfoImpl[vec_s2s_vec_radit_boundary_ba3d1cda]]],name=vec_s2s_vec_radit_boundary_ba3d1cda,remoteFeatureSource=<null>,style=<null>,type=0]]
	MaxFeatures = null
	Palette = null
	RawKvp = {_T=1790153980122, REQUEST=GetMap, FORMAT=image/png, SRS=EPSG:3857, BBOX=11094987.529649906,1565430.33928041,11114555.408890909,1584998.2185214155, VERSION=1.1.1, STYLES=, SERVICE=WMS, WIDTH=256, HEIGHT=256, TRANSPARENT=true, LAYERS=ws_30cad3c4:vec_s2s_vec_radit_boundary_ba3d1cda}
	RemoteOwsType = null
	RemoteOwsURL = null
	Request = GetMap
	RequestCharset = UTF-8
	ScaleMethod = null
	Sld = null
	SldBody = null
	SldVersion = null
	SortBy = null
	SortByArrays = null
	SRS = EPSG:3857
	StartIndex = null
	StyleBody = null
	StyleFormat = sld
	Styles = [StyleImpl[ name=style_vec_s2s_vec_radit_boundary_ba3d1cda]]
	StyleUrl = null
	StyleVersion = null
	Tiled = false
	TilesOrigin = null
	Time = []
	Transparent = true
	ValidateSchema = false
	Version = 1.1.1
	ViewParams = null
	Width = 256
23 Sep 08:59:49 INFO   [geoserver.flow] - releasing flow controllers for [WMS 1.1.1 GetMap]
23 Sep 08:59:49 INFO   [geoserver.flow] - releasing flow controllers for [WMS 1.1.1 GetMap]
23 Sep 08:59:49 INFO   [geoserver.wms] - 
Request: getMap
	Angle = 0.0
	BaseUrl = http://localhost:8080/geoserver/
	Bbox = SRSEnvelope[1.1114555408890909E7 : 1.1134123288131915E7, 1526294.580798401 : 1545862.4600394047]
	BgColor = java.awt.Color[r=255,g=255,b=255]
	Buffer = 0
	Clip = null
	CQLFilter = null
	Crs = PROJCS["WGS 84 / Pseudo-Mercator", 
  GEOGCS["WGS 84", 
    DATUM["World Geodetic System 1984", 
      SPHEROID["WGS 84", 6378137.0, 298.257223563, AUTHORITY["EPSG","7030"]], 
      AUTHORITY["EPSG","6326"]], 
    PRIMEM["Greenwich", 0.0, AUTHORITY["EPSG","8901"]], 
    UNIT["degree", 0.017453292519943295], 
    AXIS["Geodetic longitude", EAST], 
    AXIS["Geodetic latitude", NORTH], 
    AUTHORITY["EPSG","4326"]], 
  PROJECTION["Popular Visualisation Pseudo Mercator", AUTHORITY["EPSG","1024"]], 
  PARAMETER["semi_minor", 6378137.0], 
  PARAMETER["latitude_of_origin", 0.0], 
  PARAMETER["central_meridian", 0.0], 
  PARAMETER["scale_factor", 1.0], 
  PARAMETER["false_easting", 0.0], 
  PARAMETER["false_northing", 0.0], 
  UNIT["m", 1.0], 
  AXIS["Easting", EAST], 
  AXIS["Northing", NORTH], 
  AUTHORITY["EPSG","3857"]]
	Elevation = []
	Env = {}
	Exceptions = SE_XML
	FeatureId = null
	FeatureVersion = null
	Filter = null
	Format = image/png
	FormatOptions = {}
	Get = true
	Height = 256
	Interpolations = []
	Layers = [org.geoserver.wms.MapLayerInfo@1e7f09c[description=<null>,label=Radit Boundary,layerFeatureConstraints=<null>,layerGroupMetadata={},layerInfo=SecuredLayerInfo[LayerInfoImpl[vec_s2s_vec_radit_boundary_ba3d1cda, resource:FeatureTypeInfoImpl[vec_s2s_vec_radit_boundary_ba3d1cda]]],name=vec_s2s_vec_radit_boundary_ba3d1cda,remoteFeatureSource=<null>,style=<null>,type=0]]
	MaxFeatures = null
	Palette = null
	RawKvp = {_T=1790153980122, REQUEST=GetMap, FORMAT=image/png, SRS=EPSG:3857, BBOX=11114555.408890909,1526294.580798401,11134123.288131915,1545862.4600394047, VERSION=1.1.1, STYLES=, SERVICE=WMS, WIDTH=256, HEIGHT=256, TRANSPARENT=true, LAYERS=ws_30cad3c4:vec_s2s_vec_radit_boundary_ba3d1cda}
	RemoteOwsType = null
	RemoteOwsURL = null
	Request = GetMap
	RequestCharset = UTF-8
	ScaleMethod = null
	Sld = null
	SldBody = null
	SldVersion = null
	SortBy = null
	SortByArrays = null
	SRS = EPSG:3857
	StartIndex = null
	StyleBody = null
	StyleFormat = sld
	Styles = [StyleImpl[ name=style_vec_s2s_vec_radit_boundary_ba3d1cda]]
	StyleUrl = null
	StyleVersion = null
	Tiled = false
	TilesOrigin = null
	Time = []
	Transparent = true
	ValidateSchema = false
	Version = 1.1.1
	ViewParams = null
	Width = 256
23 Sep 08:59:49 INFO   [geoserver.flow] - releasing flow controllers for [WMS 1.1.1 GetMap]
23 Sep 08:59:49 INFO   [geoserver.flow] - Request completed, running requests: 2, blocked requests: 0
23 Sep 08:59:49 INFO   [geoserver.flow] - Request completed, running requests: 2, blocked requests: 0
23 Sep 08:59:49 INFO   [geoserver.flow] - releasing flow controllers for [WMS 1.1.1 GetMap]
23 Sep 08:59:49 INFO   [geoserver.flow] - Request completed, running requests: 0, blocked requests: 0
23 Sep 08:59:49 INFO   [geoserver.flow] - Request completed, running requests: 2, blocked requests: 0
23 Sep 08:59:49 INFO   [geoserver.flow] - releasing flow controllers for [WMS 1.1.1 GetMap]
23 Sep 08:59:49 INFO   [geoserver.flow] - Request completed, running requests: 0, blocked requests: 0
23 Sep 08:59:49 INFO   [geoserver.wms] - 
Request: getServiceInfo
23 Sep 08:59:49 INFO   [geoserver.wms] - 
Request: getServiceInfo
23 Sep 08:59:49 INFO   [geoserver.flow] - Request [WMS 1.1.1 GetMap] starting, processing through flow controllers
23 Sep 08:59:49 INFO   [geoserver.flow] - Request control-flow performed, running requests: 1, blocked requests: 1
23 Sep 08:59:49 INFO   [geoserver.flow] - Request [WMS 1.1.1 GetMap] starting, processing through flow controllers
23 Sep 08:59:49 INFO   [geoserver.wms] - 
Request: getServiceInfo
23 Sep 08:59:49 INFO   [geoserver.flow] - Request control-flow performed, running requests: 2, blocked requests: 0
23 Sep 08:59:49 INFO   [geoserver.flow] - Request [WMS 1.1.1 GetMap] starting, processing through flow controllers
23 Sep 08:59:49 INFO   [geoserver.flow] - Request control-flow performed, running requests: 3, blocked requests: 0
23 Sep 08:59:49 INFO   [geoserver.wms] - 
Request: getMap
	Angle = 0.0
	BaseUrl = http://localhost:8080/geoserver/
	Bbox = SRSEnvelope[1.1173259046613924E7 : 1.119282692585493E7, 1526294.580798401 : 1545862.4600394047]
	BgColor = java.awt.Color[r=255,g=255,b=255]
	Buffer = 0
	Clip = null
	CQLFilter = null
	Crs = PROJCS["WGS 84 / Pseudo-Mercator", 
  GEOGCS["WGS 84", 
    DATUM["World Geodetic System 1984", 
      SPHEROID["WGS 84", 6378137.0, 298.257223563, AUTHORITY["EPSG","7030"]], 
      AUTHORITY["EPSG","6326"]], 
    PRIMEM["Greenwich", 0.0, AUTHORITY["EPSG","8901"]], 
    UNIT["degree", 0.017453292519943295], 
    AXIS["Geodetic longitude", EAST], 
    AXIS["Geodetic latitude", NORTH], 
    AUTHORITY["EPSG","4326"]], 
  PROJECTION["Popular Visualisation Pseudo Mercator", AUTHORITY["EPSG","1024"]], 
  PARAMETER["semi_minor", 6378137.0], 
  PARAMETER["latitude_of_origin", 0.0], 
  PARAMETER["central_meridian", 0.0], 
  PARAMETER["scale_factor", 1.0], 
  PARAMETER["false_easting", 0.0], 
  PARAMETER["false_northing", 0.0], 
  UNIT["m", 1.0], 
  AXIS["Easting", EAST], 
  AXIS["Northing", NORTH], 
  AUTHORITY["EPSG","3857"]]
	Elevation = []
	Env = {}
	Exceptions = SE_XML
	FeatureId = null
	FeatureVersion = null
	Filter = null
	Format = image/png
	FormatOptions = {}
	Get = true
	Height = 256
	Interpolations = []
	Layers = [org.geoserver.wms.MapLayerInfo@23c122e7[description=<null>,label=Radit Boundary,layerFeatureConstraints=<null>,layerGroupMetadata={},layerInfo=SecuredLayerInfo[LayerInfoImpl[vec_s2s_vec_radit_boundary_ba3d1cda, resource:FeatureTypeInfoImpl[vec_s2s_vec_radit_boundary_ba3d1cda]]],name=vec_s2s_vec_radit_boundary_ba3d1cda,remoteFeatureSource=<null>,style=<null>,type=0]]
	MaxFeatures = null
	Palette = null
	RawKvp = {_T=1790153980122, REQUEST=GetMap, FORMAT=image/png, SRS=EPSG:3857, BBOX=11173259.046613924,1526294.580798401,11192826.92585493,1545862.4600394047, VERSION=1.1.1, STYLES=, SERVICE=WMS, WIDTH=256, HEIGHT=256, TRANSPARENT=true, LAYERS=ws_30cad3c4:vec_s2s_vec_radit_boundary_ba3d1cda}
	RemoteOwsType = null
	RemoteOwsURL = null
	Request = GetMap
	RequestCharset = UTF-8
	ScaleMethod = null
	Sld = null
	SldBody = null
	SldVersion = null
	SortBy = null
	SortByArrays = null
	SRS = EPSG:3857
	StartIndex = null
	StyleBody = null
	StyleFormat = sld
	Styles = [StyleImpl[ name=style_vec_s2s_vec_radit_boundary_ba3d1cda]]
	StyleUrl = null
	StyleVersion = null
	Tiled = false
	TilesOrigin = null
	Time = []
	Transparent = true
	ValidateSchema = false
	Version = 1.1.1
	ViewParams = null
	Width = 256
23 Sep 08:59:49 INFO   [geoserver.flow] - releasing flow controllers for [WMS 1.1.1 GetMap]
23 Sep 08:59:49 INFO   [geoserver.wms] - 
Request: getMap
	Angle = 0.0
	BaseUrl = http://localhost:8080/geoserver/
	Bbox = SRSEnvelope[1.1173259046613924E7 : 1.119282692585493E7, 1565430.33928041 : 1584998.2185214155]
	BgColor = java.awt.Color[r=255,g=255,b=255]
	Buffer = 0
	Clip = null
	CQLFilter = null
	Crs = PROJCS["WGS 84 / Pseudo-Mercator", 
  GEOGCS["WGS 84", 
    DATUM["World Geodetic System 1984", 
      SPHEROID["WGS 84", 6378137.0, 298.257223563, AUTHORITY["EPSG","7030"]], 
      AUTHORITY["EPSG","6326"]], 
    PRIMEM["Greenwich", 0.0, AUTHORITY["EPSG","8901"]], 
    UNIT["degree", 0.017453292519943295], 
    AXIS["Geodetic longitude", EAST], 
    AXIS["Geodetic latitude", NORTH], 
    AUTHORITY["EPSG","4326"]], 
  PROJECTION["Popular Visualisation Pseudo Mercator", AUTHORITY["EPSG","1024"]], 
  PARAMETER["semi_minor", 6378137.0], 
  PARAMETER["latitude_of_origin", 0.0], 
  PARAMETER["central_meridian", 0.0], 
  PARAMETER["scale_factor", 1.0], 
  PARAMETER["false_easting", 0.0], 
  PARAMETER["false_northing", 0.0], 
  UNIT["m", 1.0], 
  AXIS["Easting", EAST], 
  AXIS["Northing", NORTH], 
  AUTHORITY["EPSG","3857"]]
	Elevation = []
	Env = {}
	Exceptions = SE_XML
	FeatureId = null
	FeatureVersion = null
	Filter = null
	Format = image/png
	FormatOptions = {}
	Get = true
	Height = 256
	Interpolations = []
	Layers = [org.geoserver.wms.MapLayerInfo@26be8b39[description=<null>,label=Radit Boundary,layerFeatureConstraints=<null>,layerGroupMetadata={},layerInfo=SecuredLayerInfo[LayerInfoImpl[vec_s2s_vec_radit_boundary_ba3d1cda, resource:FeatureTypeInfoImpl[vec_s2s_vec_radit_boundary_ba3d1cda]]],name=vec_s2s_vec_radit_boundary_ba3d1cda,remoteFeatureSource=<null>,style=<null>,type=0]]
	MaxFeatures = null
	Palette = null
	RawKvp = {_T=1790153980122, REQUEST=GetMap, FORMAT=image/png, SRS=EPSG:3857, BBOX=11173259.046613924,1565430.33928041,11192826.92585493,1584998.2185214155, VERSION=1.1.1, STYLES=, SERVICE=WMS, WIDTH=256, HEIGHT=256, TRANSPARENT=true, LAYERS=ws_30cad3c4:vec_s2s_vec_radit_boundary_ba3d1cda}
	RemoteOwsType = null
	RemoteOwsURL = null
	Request = GetMap
	RequestCharset = UTF-8
	ScaleMethod = null
	Sld = null
	SldBody = null
	SldVersion = null
	SortBy = null
	SortByArrays = null
	SRS = EPSG:3857
	StartIndex = null
	StyleBody = null
	StyleFormat = sld
	Styles = [StyleImpl[ name=style_vec_s2s_vec_radit_boundary_ba3d1cda]]
	StyleUrl = null
	StyleVersion = null
	Tiled = false
	TilesOrigin = null
	Time = []
	Transparent = true
	ValidateSchema = false
	Version = 1.1.1
	ViewParams = null
	Width = 256
23 Sep 08:59:49 INFO   [geoserver.wms] - 
Request: getMap
	Angle = 0.0
	BaseUrl = http://localhost:8080/geoserver/
	Bbox = SRSEnvelope[1.1094987529649906E7 : 1.1114555408890909E7, 1526294.580798401 : 1545862.4600394047]
	BgColor = java.awt.Color[r=255,g=255,b=255]
	Buffer = 0
	Clip = null
	CQLFilter = null
	Crs = PROJCS["WGS 84 / Pseudo-Mercator", 
  GEOGCS["WGS 84", 
    DATUM["World Geodetic System 1984", 
      SPHEROID["WGS 84", 6378137.0, 298.257223563, AUTHORITY["EPSG","7030"]], 
      AUTHORITY["EPSG","6326"]], 
    PRIMEM["Greenwich", 0.0, AUTHORITY["EPSG","8901"]], 
    UNIT["degree", 0.017453292519943295], 
    AXIS["Geodetic longitude", EAST], 
    AXIS["Geodetic latitude", NORTH], 
    AUTHORITY["EPSG","4326"]], 
  PROJECTION["Popular Visualisation Pseudo Mercator", AUTHORITY["EPSG","1024"]], 
  PARAMETER["semi_minor", 6378137.0], 
  PARAMETER["latitude_of_origin", 0.0], 
  PARAMETER["central_meridian", 0.0], 
  PARAMETER["scale_factor", 1.0], 
  PARAMETER["false_easting", 0.0], 
  PARAMETER["false_northing", 0.0], 
  UNIT["m", 1.0], 
  AXIS["Easting", EAST], 
  AXIS["Northing", NORTH], 
  AUTHORITY["EPSG","3857"]]
	Elevation = []
	Env = {}
	Exceptions = SE_XML
	FeatureId = null
	FeatureVersion = null
	Filter = null
	Format = image/png
	FormatOptions = {}
	Get = true
	Height = 256
	Interpolations = []
	Layers = [org.geoserver.wms.MapLayerInfo@2de98fa9[description=<null>,label=Radit Boundary,layerFeatureConstraints=<null>,layerGroupMetadata={},layerInfo=SecuredLayerInfo[LayerInfoImpl[vec_s2s_vec_radit_boundary_ba3d1cda, resource:FeatureTypeInfoImpl[vec_s2s_vec_radit_boundary_ba3d1cda]]],name=vec_s2s_vec_radit_boundary_ba3d1cda,remoteFeatureSource=<null>,style=<null>,type=0]]
	MaxFeatures = null
	Palette = null
	RawKvp = {_T=1790153980122, REQUEST=GetMap, FORMAT=image/png, SRS=EPSG:3857, BBOX=11094987.529649906,1526294.580798401,11114555.408890909,1545862.4600394047, VERSION=1.1.1, STYLES=, SERVICE=WMS, WIDTH=256, HEIGHT=256, TRANSPARENT=true, LAYERS=ws_30cad3c4:vec_s2s_vec_radit_boundary_ba3d1cda}
	RemoteOwsType = null
	RemoteOwsURL = null
	Request = GetMap
	RequestCharset = UTF-8
	ScaleMethod = null
	Sld = null
	SldBody = null
	SldVersion = null
	SortBy = null
	SortByArrays = null
	SRS = EPSG:3857
	StartIndex = null
	StyleBody = null
	StyleFormat = sld
	Styles = [StyleImpl[ name=style_vec_s2s_vec_radit_boundary_ba3d1cda]]
	StyleUrl = null
	StyleVersion = null
	Tiled = false
	TilesOrigin = null
	Time = []
	Transparent = true
	ValidateSchema = false
	Version = 1.1.1
	ViewParams = null
	Width = 256
23 Sep 08:59:49 INFO   [geoserver.flow] - Request completed, running requests: 2, blocked requests: 0
23 Sep 08:59:49 INFO   [geoserver.flow] - releasing flow controllers for [WMS 1.1.1 GetMap]
23 Sep 08:59:49 INFO   [geoserver.flow] - releasing flow controllers for [WMS 1.1.1 GetMap]
23 Sep 08:59:49 INFO   [geoserver.flow] - Request completed, running requests: 0, blocked requests: 0
23 Sep 08:59:49 INFO   [geoserver.flow] - Request completed, running requests: 0, blocked requests: 0
23 Sep 08:59:49 INFO   [geoserver.wms] - 
Request: getServiceInfo
23 Sep 08:59:49 INFO   [geoserver.wms] - 
Request: getServiceInfo
23 Sep 08:59:49 INFO   [geoserver.wms] - 
Request: getServiceInfo
23 Sep 08:59:49 INFO   [geoserver.wms] - 
Request: getServiceInfo
23 Sep 08:59:49 INFO   [geoserver.wms] - 
Request: getServiceInfo
23 Sep 08:59:49 INFO   [geoserver.wms] - 
Request: getServiceInfo
23 Sep 08:59:49 INFO   [geoserver.flow] - Request [WMS 1.1.1 GetMap] starting, processing through flow controllers
23 Sep 08:59:49 INFO   [geoserver.flow] - Request [WMS 1.1.1 GetMap] starting, processing through flow controllers
23 Sep 08:59:49 INFO   [geoserver.flow] - Request [WMS 1.1.1 GetMap] starting, processing through flow controllers
23 Sep 08:59:49 INFO   [geoserver.flow] - Request [WMS 1.1.1 GetMap] starting, processing through flow controllers
23 Sep 08:59:49 INFO   [geoserver.flow] - Request control-flow performed, running requests: 1, blocked requests: 5
23 Sep 08:59:49 INFO   [geoserver.flow] - Request [WMS 1.1.1 GetMap] starting, processing through flow controllers
23 Sep 08:59:49 INFO   [geoserver.flow] - Request [WMS 1.1.1 GetMap] starting, processing through flow controllers
23 Sep 08:59:49 INFO   [geoserver.flow] - Request control-flow performed, running requests: 4, blocked requests: 2
23 Sep 08:59:49 INFO   [geoserver.flow] - Request control-flow performed, running requests: 3, blocked requests: 3
23 Sep 08:59:49 INFO   [geoserver.flow] - Request control-flow performed, running requests: 6, blocked requests: 0
23 Sep 08:59:49 INFO   [geoserver.flow] - Request control-flow performed, running requests: 2, blocked requests: 4
23 Sep 08:59:49 INFO   [geoserver.flow] - Request control-flow performed, running requests: 5, blocked requests: 1
23 Sep 08:59:49 INFO   [geoserver.wms] - 
Request: getMap
	Angle = 0.0
	BaseUrl = http://localhost:8080/geoserver/
	Bbox = SRSEnvelope[1.1212394805095935E7 : 1.1231962684336942E7, 1545862.4600394047 : 1565430.33928041]
	BgColor = java.awt.Color[r=255,g=255,b=255]
	Buffer = 0
	Clip = null
	CQLFilter = null
	Crs = PROJCS["WGS 84 / Pseudo-Mercator", 
  GEOGCS["WGS 84", 
    DATUM["World Geodetic System 1984", 
      SPHEROID["WGS 84", 6378137.0, 298.257223563, AUTHORITY["EPSG","7030"]], 
      AUTHORITY["EPSG","6326"]], 
    PRIMEM["Greenwich", 0.0, AUTHORITY["EPSG","8901"]], 
    UNIT["degree", 0.017453292519943295], 
    AXIS["Geodetic longitude", EAST], 
    AXIS["Geodetic latitude", NORTH], 
    AUTHORITY["EPSG","4326"]], 
  PROJECTION["Popular Visualisation Pseudo Mercator", AUTHORITY["EPSG","1024"]], 
  PARAMETER["semi_minor", 6378137.0], 
  PARAMETER["latitude_of_origin", 0.0], 
  PARAMETER["central_meridian", 0.0], 
  PARAMETER["scale_factor", 1.0], 
  PARAMETER["false_easting", 0.0], 
  PARAMETER["false_northing", 0.0], 
  UNIT["m", 1.0], 
  AXIS["Easting", EAST], 
  AXIS["Northing", NORTH], 
  AUTHORITY["EPSG","3857"]]
	Elevation = []
	Env = {}
	Exceptions = SE_XML
	FeatureId = null
	FeatureVersion = null
	Filter = null
	Format = image/png
	FormatOptions = {}
	Get = true
	Height = 256
	Interpolations = []
	Layers = [org.geoserver.wms.MapLayerInfo@443f6267[description=<null>,label=Radit Boundary,layerFeatureConstraints=<null>,layerGroupMetadata={},layerInfo=SecuredLayerInfo[LayerInfoImpl[vec_s2s_vec_radit_boundary_ba3d1cda, resource:FeatureTypeInfoImpl[vec_s2s_vec_radit_boundary_ba3d1cda]]],name=vec_s2s_vec_radit_boundary_ba3d1cda,remoteFeatureSource=<null>,style=<null>,type=0]]
	MaxFeatures = null
	Palette = null
	RawKvp = {_T=1790153980122, REQUEST=GetMap, FORMAT=image/png, SRS=EPSG:3857, BBOX=11212394.805095935,1545862.4600394047,11231962.684336942,1565430.33928041, VERSION=1.1.1, STYLES=, SERVICE=WMS, WIDTH=256, HEIGHT=256, TRANSPARENT=true, LAYERS=ws_30cad3c4:vec_s2s_vec_radit_boundary_ba3d1cda}
	RemoteOwsType = null
	RemoteOwsURL = null
	Request = GetMap
	RequestCharset = UTF-8
	ScaleMethod = null
	Sld = null
	SldBody = null
	SldVersion = null
	SortBy = null
	SortByArrays = null
	SRS = EPSG:3857
	StartIndex = null
	StyleBody = null
	StyleFormat = sld
	Styles = [StyleImpl[ name=style_vec_s2s_vec_radit_boundary_ba3d1cda]]
	StyleUrl = null
	StyleVersion = null
	Tiled = false
	TilesOrigin = null
	Time = []
	Transparent = true
	ValidateSchema = false
	Version = 1.1.1
	ViewParams = null
	Width = 256
23 Sep 08:59:49 INFO   [geoserver.wms] - 
Request: getMap
	Angle = 0.0
	BaseUrl = http://localhost:8080/geoserver/
	Bbox = SRSEnvelope[1.119282692585493E7 : 1.1212394805095935E7, 1565430.33928041 : 1584998.2185214155]
	BgColor = java.awt.Color[r=255,g=255,b=255]
	Buffer = 0
	Clip = null
	CQLFilter = null
	Crs = PROJCS["WGS 84 / Pseudo-Mercator", 
  GEOGCS["WGS 84", 
    DATUM["World Geodetic System 1984", 
      SPHEROID["WGS 84", 6378137.0, 298.257223563, AUTHORITY["EPSG","7030"]], 
      AUTHORITY["EPSG","6326"]], 
    PRIMEM["Greenwich", 0.0, AUTHORITY["EPSG","8901"]], 
    UNIT["degree", 0.017453292519943295], 
    AXIS["Geodetic longitude", EAST], 
    AXIS["Geodetic latitude", NORTH], 
    AUTHORITY["EPSG","4326"]], 
  PROJECTION["Popular Visualisation Pseudo Mercator", AUTHORITY["EPSG","1024"]], 
  PARAMETER["semi_minor", 6378137.0], 
  PARAMETER["latitude_of_origin", 0.0], 
  PARAMETER["central_meridian", 0.0], 
  PARAMETER["scale_factor", 1.0], 
  PARAMETER["false_easting", 0.0], 
  PARAMETER["false_northing", 0.0], 
  UNIT["m", 1.0], 
  AXIS["Easting", EAST], 
  AXIS["Northing", NORTH], 
  AUTHORITY["EPSG","3857"]]
	Elevation = []
	Env = {}
	Exceptions = SE_XML
	FeatureId = null
	FeatureVersion = null
	Filter = null
	Format = image/png
	FormatOptions = {}
	Get = true
	Height = 256
	Interpolations = []
	Layers = [org.geoserver.wms.MapLayerInfo@7d218aa3[description=<null>,label=Radit Boundary,layerFeatureConstraints=<null>,layerGroupMetadata={},layerInfo=SecuredLayerInfo[LayerInfoImpl[vec_s2s_vec_radit_boundary_ba3d1cda, resource:FeatureTypeInfoImpl[vec_s2s_vec_radit_boundary_ba3d1cda]]],name=vec_s2s_vec_radit_boundary_ba3d1cda,remoteFeatureSource=<null>,style=<null>,type=0]]
	MaxFeatures = null
	Palette = null
	RawKvp = {_T=1790153980122, REQUEST=GetMap, FORMAT=image/png, SRS=EPSG:3857, BBOX=11192826.92585493,1565430.33928041,11212394.805095935,1584998.2185214155, VERSION=1.1.1, STYLES=, SERVICE=WMS, WIDTH=256, HEIGHT=256, TRANSPARENT=true, LAYERS=ws_30cad3c4:vec_s2s_vec_radit_boundary_ba3d1cda}
	RemoteOwsType = null
	RemoteOwsURL = null
	Request = GetMap
	RequestCharset = UTF-8
	ScaleMethod = null
	Sld = null
	SldBody = null
	SldVersion = null
	SortBy = null
	SortByArrays = null
	SRS = EPSG:3857
	StartIndex = null
	StyleBody = null
	StyleFormat = sld
	Styles = [StyleImpl[ name=style_vec_s2s_vec_radit_boundary_ba3d1cda]]
	StyleUrl = null
	StyleVersion = null
	Tiled = false
	TilesOrigin = null
	Time = []
	Transparent = true
	ValidateSchema = false
	Version = 1.1.1
	ViewParams = null
	Width = 256
23 Sep 08:59:49 INFO   [geoserver.wms] - 
Request: getMap
	Angle = 0.0
	BaseUrl = http://localhost:8080/geoserver/
	Bbox = SRSEnvelope[1.119282692585493E7 : 1.1212394805095935E7, 1545862.4600394047 : 1565430.33928041]
	BgColor = java.awt.Color[r=255,g=255,b=255]
	Buffer = 0
	Clip = null
	CQLFilter = null
	Crs = PROJCS["WGS 84 / Pseudo-Mercator", 
  GEOGCS["WGS 84", 
    DATUM["World Geodetic System 1984", 
      SPHEROID["WGS 84", 6378137.0, 298.257223563, AUTHORITY["EPSG","7030"]], 
      AUTHORITY["EPSG","6326"]], 
    PRIMEM["Greenwich", 0.0, AUTHORITY["EPSG","8901"]], 
    UNIT["degree", 0.017453292519943295], 
    AXIS["Geodetic longitude", EAST], 
    AXIS["Geodetic latitude", NORTH], 
    AUTHORITY["EPSG","4326"]], 
  PROJECTION["Popular Visualisation Pseudo Mercator", AUTHORITY["EPSG","1024"]], 
  PARAMETER["semi_minor", 6378137.0], 
  PARAMETER["latitude_of_origin", 0.0], 
  PARAMETER["central_meridian", 0.0], 
  PARAMETER["scale_factor", 1.0], 
  PARAMETER["false_easting", 0.0], 
  PARAMETER["false_northing", 0.0], 
  UNIT["m", 1.0], 
  AXIS["Easting", EAST], 
  AXIS["Northing", NORTH], 
  AUTHORITY["EPSG","3857"]]
	Elevation = []
	Env = {}
	Exceptions = SE_XML
	FeatureId = null
	FeatureVersion = null
	Filter = null
	Format = image/png
	FormatOptions = {}
	Get = true
	Height = 256
	Interpolations = []
	Layers = [org.geoserver.wms.MapLayerInfo@5cc80736[description=<null>,label=Radit Boundary,layerFeatureConstraints=<null>,layerGroupMetadata={},layerInfo=SecuredLayerInfo[LayerInfoImpl[vec_s2s_vec_radit_boundary_ba3d1cda, resource:FeatureTypeInfoImpl[vec_s2s_vec_radit_boundary_ba3d1cda]]],name=vec_s2s_vec_radit_boundary_ba3d1cda,remoteFeatureSource=<null>,style=<null>,type=0]]
	MaxFeatures = null
	Palette = null
	RawKvp = {_T=1790153980122, REQUEST=GetMap, FORMAT=image/png, SRS=EPSG:3857, BBOX=11192826.92585493,1545862.4600394047,11212394.805095935,1565430.33928041, VERSION=1.1.1, STYLES=, SERVICE=WMS, WIDTH=256, HEIGHT=256, TRANSPARENT=true, LAYERS=ws_30cad3c4:vec_s2s_vec_radit_boundary_ba3d1cda}
	RemoteOwsType = null
	RemoteOwsURL = null
	Request = GetMap
	RequestCharset = UTF-8
	ScaleMethod = null
	Sld = null
	SldBody = null
	SldVersion = null
	SortBy = null
	SortByArrays = null
	SRS = EPSG:3857
	StartIndex = null
	StyleBody = null
	StyleFormat = sld
	Styles = [StyleImpl[ name=style_vec_s2s_vec_radit_boundary_ba3d1cda]]
	StyleUrl = null
	StyleVersion = null
	Tiled = false
	TilesOrigin = null
	Time = []
	Transparent = true
	ValidateSchema = false
	Version = 1.1.1
	ViewParams = null
	Width = 256
23 Sep 08:59:49 INFO   [geoserver.flow] - releasing flow controllers for [WMS 1.1.1 GetMap]
23 Sep 08:59:49 INFO   [geoserver.flow] - Request completed, running requests: 4, blocked requests: 0
23 Sep 08:59:49 INFO   [geoserver.flow] - releasing flow controllers for [WMS 1.1.1 GetMap]
23 Sep 08:59:49 INFO   [geoserver.flow] - Request completed, running requests: 3, blocked requests: 0
23 Sep 08:59:49 INFO   [geoserver.wms] - 
Request: getMap
	Angle = 0.0
	BaseUrl = http://localhost:8080/geoserver/
	Bbox = SRSEnvelope[1.119282692585493E7 : 1.1212394805095935E7, 1584998.2185214155 : 1604566.0977624203]
	BgColor = java.awt.Color[r=255,g=255,b=255]
	Buffer = 0
	Clip = null
	CQLFilter = null
	Crs = PROJCS["WGS 84 / Pseudo-Mercator", 
  GEOGCS["WGS 84", 
    DATUM["World Geodetic System 1984", 
      SPHEROID["WGS 84", 6378137.0, 298.257223563, AUTHORITY["EPSG","7030"]], 
      AUTHORITY["EPSG","6326"]], 
    PRIMEM["Greenwich", 0.0, AUTHORITY["EPSG","8901"]], 
    UNIT["degree", 0.017453292519943295], 
    AXIS["Geodetic longitude", EAST], 
    AXIS["Geodetic latitude", NORTH], 
    AUTHORITY["EPSG","4326"]], 
  PROJECTION["Popular Visualisation Pseudo Mercator", AUTHORITY["EPSG","1024"]], 
  PARAMETER["semi_minor", 6378137.0], 
  PARAMETER["latitude_of_origin", 0.0], 
  PARAMETER["central_meridian", 0.0], 
  PARAMETER["scale_factor", 1.0], 
  PARAMETER["false_easting", 0.0], 
  PARAMETER["false_northing", 0.0], 
  UNIT["m", 1.0], 
  AXIS["Easting", EAST], 
  AXIS["Northing", NORTH], 
  AUTHORITY["EPSG","3857"]]
	Elevation = []
	Env = {}
	Exceptions = SE_XML
	FeatureId = null
	FeatureVersion = null
	Filter = null
	Format = image/png
	FormatOptions = {}
	Get = true
	Height = 256
	Interpolations = []
	Layers = [org.geoserver.wms.MapLayerInfo@2dfad39b[description=<null>,label=Radit Boundary,layerFeatureConstraints=<null>,layerGroupMetadata={},layerInfo=SecuredLayerInfo[LayerInfoImpl[vec_s2s_vec_radit_boundary_ba3d1cda, resource:FeatureTypeInfoImpl[vec_s2s_vec_radit_boundary_ba3d1cda]]],name=vec_s2s_vec_radit_boundary_ba3d1cda,remoteFeatureSource=<null>,style=<null>,type=0]]
	MaxFeatures = null
	Palette = null
	RawKvp = {_T=1790153980122, REQUEST=GetMap, FORMAT=image/png, SRS=EPSG:3857, BBOX=11192826.92585493,1584998.2185214155,11212394.805095935,1604566.0977624203, VERSION=1.1.1, STYLES=, SERVICE=WMS, WIDTH=256, HEIGHT=256, TRANSPARENT=true, LAYERS=ws_30cad3c4:vec_s2s_vec_radit_boundary_ba3d1cda}
	RemoteOwsType = null
	RemoteOwsURL = null
	Request = GetMap
	RequestCharset = UTF-8
	ScaleMethod = null
	Sld = null
	SldBody = null
	SldVersion = null
	SortBy = null
	SortByArrays = null
	SRS = EPSG:3857
	StartIndex = null
	StyleBody = null
	StyleFormat = sld
	Styles = [StyleImpl[ name=style_vec_s2s_vec_radit_boundary_ba3d1cda]]
	StyleUrl = null
	StyleVersion = null
	Tiled = false
	TilesOrigin = null
	Time = []
	Transparent = true
	ValidateSchema = false
	Version = 1.1.1
	ViewParams = null
	Width = 256
23 Sep 08:59:49 INFO   [geoserver.flow] - releasing flow controllers for [WMS 1.1.1 GetMap]
23 Sep 08:59:49 INFO   [geoserver.wms] - 
Request: getMap
	Angle = 0.0
	BaseUrl = http://localhost:8080/geoserver/
	Bbox = SRSEnvelope[1.1212394805095935E7 : 1.1231962684336942E7, 1584998.2185214155 : 1604566.0977624203]
	BgColor = java.awt.Color[r=255,g=255,b=255]
	Buffer = 0
	Clip = null
	CQLFilter = null
	Crs = PROJCS["WGS 84 / Pseudo-Mercator", 
  GEOGCS["WGS 84", 
    DATUM["World Geodetic System 1984", 
      SPHEROID["WGS 84", 6378137.0, 298.257223563, AUTHORITY["EPSG","7030"]], 
      AUTHORITY["EPSG","6326"]], 
    PRIMEM["Greenwich", 0.0, AUTHORITY["EPSG","8901"]], 
    UNIT["degree", 0.017453292519943295], 
    AXIS["Geodetic longitude", EAST], 
    AXIS["Geodetic latitude", NORTH], 
    AUTHORITY["EPSG","4326"]], 
  PROJECTION["Popular Visualisation Pseudo Mercator", AUTHORITY["EPSG","1024"]], 
  PARAMETER["semi_minor", 6378137.0], 
  PARAMETER["latitude_of_origin", 0.0], 
  PARAMETER["central_meridian", 0.0], 
  PARAMETER["scale_factor", 1.0], 
  PARAMETER["false_easting", 0.0], 
  PARAMETER["false_northing", 0.0], 
  UNIT["m", 1.0], 
  AXIS["Easting", EAST], 
  AXIS["Northing", NORTH], 
  AUTHORITY["EPSG","3857"]]
	Elevation = []
	Env = {}
	Exceptions = SE_XML
	FeatureId = null
	FeatureVersion = null
	Filter = null
	Format = image/png
	FormatOptions = {}
	Get = true
	Height = 256
	Interpolations = []
	Layers = [org.geoserver.wms.MapLayerInfo@1dee350a[description=<null>,label=Radit Boundary,layerFeatureConstraints=<null>,layerGroupMetadata={},layerInfo=SecuredLayerInfo[LayerInfoImpl[vec_s2s_vec_radit_boundary_ba3d1cda, resource:FeatureTypeInfoImpl[vec_s2s_vec_radit_boundary_ba3d1cda]]],name=vec_s2s_vec_radit_boundary_ba3d1cda,remoteFeatureSource=<null>,style=<null>,type=0]]
	MaxFeatures = null
	Palette = null
	RawKvp = {_T=1790153980122, REQUEST=GetMap, FORMAT=image/png, SRS=EPSG:3857, BBOX=11212394.805095935,1584998.2185214155,11231962.684336942,1604566.0977624203, VERSION=1.1.1, STYLES=, SERVICE=WMS, WIDTH=256, HEIGHT=256, TRANSPARENT=true, LAYERS=ws_30cad3c4:vec_s2s_vec_radit_boundary_ba3d1cda}
	RemoteOwsType = null
	RemoteOwsURL = null
	Request = GetMap
	RequestCharset = UTF-8
	ScaleMethod = null
	Sld = null
	SldBody = null
	SldVersion = null
	SortBy = null
	SortByArrays = null
	SRS = EPSG:3857
	StartIndex = null
	StyleBody = null
	StyleFormat = sld
	Styles = [StyleImpl[ name=style_vec_s2s_vec_radit_boundary_ba3d1cda]]
	StyleUrl = null
	StyleVersion = null
	Tiled = false
	TilesOrigin = null
	Time = []
	Transparent = true
	ValidateSchema = false
	Version = 1.1.1
	ViewParams = null
	Width = 256
23 Sep 08:59:49 INFO   [geoserver.wms] - 
Request: getMap
	Angle = 0.0
	BaseUrl = http://localhost:8080/geoserver/
	Bbox = SRSEnvelope[1.1212394805095935E7 : 1.1231962684336942E7, 1565430.33928041 : 1584998.2185214155]
	BgColor = java.awt.Color[r=255,g=255,b=255]
	Buffer = 0
	Clip = null
	CQLFilter = null
	Crs = PROJCS["WGS 84 / Pseudo-Mercator", 
  GEOGCS["WGS 84", 
    DATUM["World Geodetic System 1984", 
      SPHEROID["WGS 84", 6378137.0, 298.257223563, AUTHORITY["EPSG","7030"]], 
      AUTHORITY["EPSG","6326"]], 
    PRIMEM["Greenwich", 0.0, AUTHORITY["EPSG","8901"]], 
    UNIT["degree", 0.017453292519943295], 
    AXIS["Geodetic longitude", EAST], 
    AXIS["Geodetic latitude", NORTH], 
    AUTHORITY["EPSG","4326"]], 
  PROJECTION["Popular Visualisation Pseudo Mercator", AUTHORITY["EPSG","1024"]], 
  PARAMETER["semi_minor", 6378137.0], 
  PARAMETER["latitude_of_origin", 0.0], 
  PARAMETER["central_meridian", 0.0], 
  PARAMETER["scale_factor", 1.0], 
  PARAMETER["false_easting", 0.0], 
  PARAMETER["false_northing", 0.0], 
  UNIT["m", 1.0], 
  AXIS["Easting", EAST], 
  AXIS["Northing", NORTH], 
  AUTHORITY["EPSG","3857"]]
	Elevation = []
	Env = {}
	Exceptions = SE_XML
	FeatureId = null
	FeatureVersion = null
	Filter = null
	Format = image/png
	FormatOptions = {}
	Get = true
	Height = 256
	Interpolations = []
	Layers = [org.geoserver.wms.MapLayerInfo@2cc3a01b[description=<null>,label=Radit Boundary,layerFeatureConstraints=<null>,layerGroupMetadata={},layerInfo=SecuredLayerInfo[LayerInfoImpl[vec_s2s_vec_radit_boundary_ba3d1cda, resource:FeatureTypeInfoImpl[vec_s2s_vec_radit_boundary_ba3d1cda]]],name=vec_s2s_vec_radit_boundary_ba3d1cda,remoteFeatureSource=<null>,style=<null>,type=0]]
	MaxFeatures = null
	Palette = null
	RawKvp = {_T=1790153980122, REQUEST=GetMap, FORMAT=image/png, SRS=EPSG:3857, BBOX=11212394.805095935,1565430.33928041,11231962.684336942,1584998.2185214155, VERSION=1.1.1, STYLES=, SERVICE=WMS, WIDTH=256, HEIGHT=256, TRANSPARENT=true, LAYERS=ws_30cad3c4:vec_s2s_vec_radit_boundary_ba3d1cda}
	RemoteOwsType = null
	RemoteOwsURL = null
	Request = GetMap
	RequestCharset = UTF-8
	ScaleMethod = null
	Sld = null
	SldBody = null
	SldVersion = null
	SortBy = null
	SortByArrays = null
	SRS = EPSG:3857
	StartIndex = null
	StyleBody = null
	StyleFormat = sld
	Styles = [StyleImpl[ name=style_vec_s2s_vec_radit_boundary_ba3d1cda]]
	StyleUrl = null
	StyleVersion = null
	Tiled = false
	TilesOrigin = null
	Time = []
	Transparent = true
	ValidateSchema = false
	Version = 1.1.1
	ViewParams = null
	Width = 256
23 Sep 08:59:49 INFO   [geoserver.flow] - Request completed, running requests: 3, blocked requests: 0
23 Sep 08:59:49 INFO   [geoserver.flow] - releasing flow controllers for [WMS 1.1.1 GetMap]
23 Sep 08:59:49 INFO   [geoserver.flow] - releasing flow controllers for [WMS 1.1.1 GetMap]
23 Sep 08:59:49 INFO   [geoserver.wms] - 
Request: getServiceInfo
23 Sep 08:59:49 INFO   [geoserver.wms] - 
Request: getServiceInfo
23 Sep 08:59:49 INFO   [geoserver.flow] - releasing flow controllers for [WMS 1.1.1 GetMap]
23 Sep 08:59:49 INFO   [geoserver.flow] - Request completed, running requests: 1, blocked requests: 0
23 Sep 08:59:49 INFO   [geoserver.flow] - Request completed, running requests: 1, blocked requests: 0
23 Sep 08:59:49 INFO   [geoserver.flow] - Request [WMS 1.1.1 GetMap] starting, processing through flow controllers
23 Sep 08:59:49 INFO   [geoserver.flow] - Request control-flow performed, running requests: 1, blocked requests: 1
23 Sep 08:59:49 INFO   [geoserver.wms] - 
Request: getServiceInfo
23 Sep 08:59:49 INFO   [geoserver.wms] - 
Request: getServiceInfo
23 Sep 08:59:49 INFO   [geoserver.flow] - Request [WMS 1.1.1 GetMap] starting, processing through flow controllers
23 Sep 08:59:49 INFO   [geoserver.flow] - Request control-flow performed, running requests: 2, blocked requests: 2
23 Sep 08:59:49 INFO   [geoserver.flow] - Request completed, running requests: 0, blocked requests: 2
23 Sep 08:59:49 INFO   [geoserver.wms] - 
Request: getMap
	Angle = 0.0
	BaseUrl = http://localhost:8080/geoserver/
	Bbox = SRSEnvelope[1.1231962684336942E7 : 1.1251530563577944E7, 1565430.33928041 : 1584998.2185214155]
	BgColor = java.awt.Color[r=255,g=255,b=255]
	Buffer = 0
	Clip = null
	CQLFilter = null
	Crs = PROJCS["WGS 84 / Pseudo-Mercator", 
  GEOGCS["WGS 84", 
    DATUM["World Geodetic System 1984", 
      SPHEROID["WGS 84", 6378137.0, 298.257223563, AUTHORITY["EPSG","7030"]], 
      AUTHORITY["EPSG","6326"]], 
    PRIMEM["Greenwich", 0.0, AUTHORITY["EPSG","8901"]], 
    UNIT["degree", 0.017453292519943295], 
    AXIS["Geodetic longitude", EAST], 
    AXIS["Geodetic latitude", NORTH], 
    AUTHORITY["EPSG","4326"]], 
  PROJECTION["Popular Visualisation Pseudo Mercator", AUTHORITY["EPSG","1024"]], 
  PARAMETER["semi_minor", 6378137.0], 
  PARAMETER["latitude_of_origin", 0.0], 
  PARAMETER["central_meridian", 0.0], 
  PARAMETER["scale_factor", 1.0], 
  PARAMETER["false_easting", 0.0], 
  PARAMETER["false_northing", 0.0], 
  UNIT["m", 1.0], 
  AXIS["Easting", EAST], 
  AXIS["Northing", NORTH], 
  AUTHORITY["EPSG","3857"]]
	Elevation = []
	Env = {}
	Exceptions = SE_XML
	FeatureId = null
	FeatureVersion = null
	Filter = null
	Format = image/png
	FormatOptions = {}
	Get = true
	Height = 256
	Interpolations = []
	Layers = [org.geoserver.wms.MapLayerInfo@4185bd4a[description=<null>,label=Radit Boundary,layerFeatureConstraints=<null>,layerGroupMetadata={},layerInfo=SecuredLayerInfo[LayerInfoImpl[vec_s2s_vec_radit_boundary_ba3d1cda, resource:FeatureTypeInfoImpl[vec_s2s_vec_radit_boundary_ba3d1cda]]],name=vec_s2s_vec_radit_boundary_ba3d1cda,remoteFeatureSource=<null>,style=<null>,type=0]]
	MaxFeatures = null
	Palette = null
	RawKvp = {_T=1790153980122, REQUEST=GetMap, FORMAT=image/png, SRS=EPSG:3857, BBOX=11231962.684336942,1565430.33928041,11251530.563577944,1584998.2185214155, VERSION=1.1.1, STYLES=, SERVICE=WMS, WIDTH=256, HEIGHT=256, TRANSPARENT=true, LAYERS=ws_30cad3c4:vec_s2s_vec_radit_boundary_ba3d1cda}
	RemoteOwsType = null
	RemoteOwsURL = null
	Request = GetMap
	RequestCharset = UTF-8
	ScaleMethod = null
	Sld = null
	SldBody = null
	SldVersion = null
	SortBy = null
	SortByArrays = null
	SRS = EPSG:3857
	StartIndex = null
	StyleBody = null
	StyleFormat = sld
	Styles = [StyleImpl[ name=style_vec_s2s_vec_radit_boundary_ba3d1cda]]
	StyleUrl = null
	StyleVersion = null
	Tiled = false
	TilesOrigin = null
	Time = []
	Transparent = true
	ValidateSchema = false
	Version = 1.1.1
	ViewParams = null
	Width = 256
23 Sep 08:59:49 INFO   [geoserver.flow] - Request [WMS 1.1.1 GetMap] starting, processing through flow controllers
23 Sep 08:59:49 INFO   [geoserver.flow] - Request [WMS 1.1.1 GetMap] starting, processing through flow controllers
23 Sep 08:59:49 INFO   [geoserver.flow] - releasing flow controllers for [WMS 1.1.1 GetMap]
23 Sep 08:59:49 INFO   [geoserver.flow] - Request completed, running requests: 3, blocked requests: 0
23 Sep 08:59:49 INFO   [geoserver.wms] - 
Request: getMap
	Angle = 0.0
	BaseUrl = http://localhost:8080/geoserver/
	Bbox = SRSEnvelope[1.1173259046613924E7 : 1.119282692585493E7, 1584998.2185214155 : 1604566.0977624203]
	BgColor = java.awt.Color[r=255,g=255,b=255]
	Buffer = 0
	Clip = null
	CQLFilter = null
	Crs = PROJCS["WGS 84 / Pseudo-Mercator", 
  GEOGCS["WGS 84", 
    DATUM["World Geodetic System 1984", 
      SPHEROID["WGS 84", 6378137.0, 298.257223563, AUTHORITY["EPSG","7030"]], 
      AUTHORITY["EPSG","6326"]], 
    PRIMEM["Greenwich", 0.0, AUTHORITY["EPSG","8901"]], 
    UNIT["degree", 0.017453292519943295], 
    AXIS["Geodetic longitude", EAST], 
    AXIS["Geodetic latitude", NORTH], 
    AUTHORITY["EPSG","4326"]], 
  PROJECTION["Popular Visualisation Pseudo Mercator", AUTHORITY["EPSG","1024"]], 
  PARAMETER["semi_minor", 6378137.0], 
  PARAMETER["latitude_of_origin", 0.0], 
  PARAMETER["central_meridian", 0.0], 
  PARAMETER["scale_factor", 1.0], 
  PARAMETER["false_easting", 0.0], 
  PARAMETER["false_northing", 0.0], 
  UNIT["m", 1.0], 
  AXIS["Easting", EAST], 
  AXIS["Northing", NORTH], 
  AUTHORITY["EPSG","3857"]]
	Elevation = []
	Env = {}
	Exceptions = SE_XML
	FeatureId = null
	FeatureVersion = null
	Filter = null
	Format = image/png
	FormatOptions = {}
	Get = true
	Height = 256
	Interpolations = []
	Layers = [org.geoserver.wms.MapLayerInfo@5f55d7a3[description=<null>,label=Radit Boundary,layerFeatureConstraints=<null>,layerGroupMetadata={},layerInfo=SecuredLayerInfo[LayerInfoImpl[vec_s2s_vec_radit_boundary_ba3d1cda, resource:FeatureTypeInfoImpl[vec_s2s_vec_radit_boundary_ba3d1cda]]],name=vec_s2s_vec_radit_boundary_ba3d1cda,remoteFeatureSource=<null>,style=<null>,type=0]]
	MaxFeatures = null
	Palette = null
	RawKvp = {_T=1790153980122, REQUEST=GetMap, FORMAT=image/png, SRS=EPSG:3857, BBOX=11173259.046613924,1584998.2185214155,11192826.92585493,1604566.0977624203, VERSION=1.1.1, STYLES=, SERVICE=WMS, WIDTH=256, HEIGHT=256, TRANSPARENT=true, LAYERS=ws_30cad3c4:vec_s2s_vec_radit_boundary_ba3d1cda}
	RemoteOwsType = null
	RemoteOwsURL = null
	Request = GetMap
	RequestCharset = UTF-8
	ScaleMethod = null
	Sld = null
	SldBody = null
	SldVersion = null
	SortBy = null
	SortByArrays = null
	SRS = EPSG:3857
	StartIndex = null
	StyleBody = null
	StyleFormat = sld
	Styles = [StyleImpl[ name=style_vec_s2s_vec_radit_boundary_ba3d1cda]]
	StyleUrl = null
	StyleVersion = null
	Tiled = false
	TilesOrigin = null
	Time = []
	Transparent = true
	ValidateSchema = false
	Version = 1.1.1
	ViewParams = null
	Width = 256
23 Sep 08:59:49 INFO   [geoserver.flow] - Request control-flow performed, running requests: 3, blocked requests: 1
23 Sep 08:59:49 INFO   [geoserver.flow] - Request control-flow performed, running requests: 3, blocked requests: 0
23 Sep 08:59:49 INFO   [geoserver.flow] - releasing flow controllers for [WMS 1.1.1 GetMap]
23 Sep 08:59:49 INFO   [geoserver.flow] - Request completed, running requests: 2, blocked requests: 0
23 Sep 08:59:49 INFO   [geoserver.wms] - 
Request: getMap
	Angle = 0.0
	BaseUrl = http://localhost:8080/geoserver/
	Bbox = SRSEnvelope[1.1231962684336942E7 : 1.1251530563577944E7, 1545862.4600394047 : 1565430.33928041]
	BgColor = java.awt.Color[r=255,g=255,b=255]
	Buffer = 0
	Clip = null
	CQLFilter = null
	Crs = PROJCS["WGS 84 / Pseudo-Mercator", 
  GEOGCS["WGS 84", 
    DATUM["World Geodetic System 1984", 
      SPHEROID["WGS 84", 6378137.0, 298.257223563, AUTHORITY["EPSG","7030"]], 
      AUTHORITY["EPSG","6326"]], 
    PRIMEM["Greenwich", 0.0, AUTHORITY["EPSG","8901"]], 
    UNIT["degree", 0.017453292519943295], 
    AXIS["Geodetic longitude", EAST], 
    AXIS["Geodetic latitude", NORTH], 
    AUTHORITY["EPSG","4326"]], 
  PROJECTION["Popular Visualisation Pseudo Mercator", AUTHORITY["EPSG","1024"]], 
  PARAMETER["semi_minor", 6378137.0], 
  PARAMETER["latitude_of_origin", 0.0], 
  PARAMETER["central_meridian", 0.0], 
  PARAMETER["scale_factor", 1.0], 
  PARAMETER["false_easting", 0.0], 
  PARAMETER["false_northing", 0.0], 
  UNIT["m", 1.0], 
  AXIS["Easting", EAST], 
  AXIS["Northing", NORTH], 
  AUTHORITY["EPSG","3857"]]
	Elevation = []
	Env = {}
	Exceptions = SE_XML
	FeatureId = null
	FeatureVersion = null
	Filter = null
	Format = image/png
	FormatOptions = {}
	Get = true
	Height = 256
	Interpolations = []
	Layers = [org.geoserver.wms.MapLayerInfo@6b8bd0d2[description=<null>,label=Radit Boundary,layerFeatureConstraints=<null>,layerGroupMetadata={},layerInfo=SecuredLayerInfo[LayerInfoImpl[vec_s2s_vec_radit_boundary_ba3d1cda, resource:FeatureTypeInfoImpl[vec_s2s_vec_radit_boundary_ba3d1cda]]],name=vec_s2s_vec_radit_boundary_ba3d1cda,remoteFeatureSource=<null>,style=<null>,type=0]]
	MaxFeatures = null
	Palette = null
	RawKvp = {_T=1790153980122, REQUEST=GetMap, FORMAT=image/png, SRS=EPSG:3857, BBOX=11231962.684336942,1545862.4600394047,11251530.563577944,1565430.33928041, VERSION=1.1.1, STYLES=, SERVICE=WMS, WIDTH=256, HEIGHT=256, TRANSPARENT=true, LAYERS=ws_30cad3c4:vec_s2s_vec_radit_boundary_ba3d1cda}
	RemoteOwsType = null
	RemoteOwsURL = null
	Request = GetMap
	RequestCharset = UTF-8
	ScaleMethod = null
	Sld = null
	SldBody = null
	SldVersion = null
	SortBy = null
	SortByArrays = null
	SRS = EPSG:3857
	StartIndex = null
	StyleBody = null
	StyleFormat = sld
	Styles = [StyleImpl[ name=style_vec_s2s_vec_radit_boundary_ba3d1cda]]
	StyleUrl = null
	StyleVersion = null
	Tiled = false
	TilesOrigin = null
	Time = []
	Transparent = true
	ValidateSchema = false
	Version = 1.1.1
	ViewParams = null
	Width = 256
23 Sep 08:59:49 INFO   [geoserver.wms] - 
Request: getMap
	Angle = 0.0
	BaseUrl = http://localhost:8080/geoserver/
	Bbox = SRSEnvelope[1.1231962684336942E7 : 1.1251530563577944E7, 1584998.2185214155 : 1604566.0977624203]
	BgColor = java.awt.Color[r=255,g=255,b=255]
	Buffer = 0
	Clip = null
	CQLFilter = null
	Crs = PROJCS["WGS 84 / Pseudo-Mercator", 
  GEOGCS["WGS 84", 
    DATUM["World Geodetic System 1984", 
      SPHEROID["WGS 84", 6378137.0, 298.257223563, AUTHORITY["EPSG","7030"]], 
      AUTHORITY["EPSG","6326"]], 
    PRIMEM["Greenwich", 0.0, AUTHORITY["EPSG","8901"]], 
    UNIT["degree", 0.017453292519943295], 
    AXIS["Geodetic longitude", EAST], 
    AXIS["Geodetic latitude", NORTH], 
    AUTHORITY["EPSG","4326"]], 
  PROJECTION["Popular Visualisation Pseudo Mercator", AUTHORITY["EPSG","1024"]], 
  PARAMETER["semi_minor", 6378137.0], 
  PARAMETER["latitude_of_origin", 0.0], 
  PARAMETER["central_meridian", 0.0], 
  PARAMETER["scale_factor", 1.0], 
  PARAMETER["false_easting", 0.0], 
  PARAMETER["false_northing", 0.0], 
  UNIT["m", 1.0], 
  AXIS["Easting", EAST], 
  AXIS["Northing", NORTH], 
  AUTHORITY["EPSG","3857"]]
	Elevation = []
	Env = {}
	Exceptions = SE_XML
	FeatureId = null
	FeatureVersion = null
	Filter = null
	Format = image/png
	FormatOptions = {}
	Get = true
	Height = 256
	Interpolations = []
	Layers = [org.geoserver.wms.MapLayerInfo@245d656a[description=<null>,label=Radit Boundary,layerFeatureConstraints=<null>,layerGroupMetadata={},layerInfo=SecuredLayerInfo[LayerInfoImpl[vec_s2s_vec_radit_boundary_ba3d1cda, resource:FeatureTypeInfoImpl[vec_s2s_vec_radit_boundary_ba3d1cda]]],name=vec_s2s_vec_radit_boundary_ba3d1cda,remoteFeatureSource=<null>,style=<null>,type=0]]
	MaxFeatures = null
	Palette = null
	RawKvp = {_T=1790153980122, REQUEST=GetMap, FORMAT=image/png, SRS=EPSG:3857, BBOX=11231962.684336942,1584998.2185214155,11251530.563577944,1604566.0977624203, VERSION=1.1.1, STYLES=, SERVICE=WMS, WIDTH=256, HEIGHT=256, TRANSPARENT=true, LAYERS=ws_30cad3c4:vec_s2s_vec_radit_boundary_ba3d1cda}
	RemoteOwsType = null
	RemoteOwsURL = null
	Request = GetMap
	RequestCharset = UTF-8
	ScaleMethod = null
	Sld = null
	SldBody = null
	SldVersion = null
	SortBy = null
	SortByArrays = null
	SRS = EPSG:3857
	StartIndex = null
	StyleBody = null
	StyleFormat = sld
	Styles = [StyleImpl[ name=style_vec_s2s_vec_radit_boundary_ba3d1cda]]
	StyleUrl = null
	StyleVersion = null
	Tiled = false
	TilesOrigin = null
	Time = []
	Transparent = true
	ValidateSchema = false
	Version = 1.1.1
	ViewParams = null
	Width = 256
23 Sep 08:59:49 INFO   [geoserver.flow] - releasing flow controllers for [WMS 1.1.1 GetMap]
23 Sep 08:59:49 INFO   [geoserver.flow] - releasing flow controllers for [WMS 1.1.1 GetMap]
23 Sep 08:59:49 INFO   [geoserver.flow] - Request completed, running requests: 0, blocked requests: 0
23 Sep 08:59:49 INFO   [geoserver.flow] - Request completed, running requests: 0, blocked requests: 0
23 Sep 08:59:49 INFO   [geoserver.wms] - 
Request: getServiceInfo
23 Sep 08:59:49 INFO   [geoserver.wms] - 
Request: getServiceInfo
23 Sep 08:59:49 INFO   [geoserver.wms] - 
Request: getServiceInfo
23 Sep 08:59:49 INFO   [geoserver.wms] - 
Request: getServiceInfo
23 Sep 08:59:49 INFO   [geoserver.wms] - 
Request: getServiceInfo
23 Sep 08:59:49 INFO   [geoserver.flow] - Request [WMS 1.1.1 GetMap] starting, processing through flow controllers
23 Sep 08:59:49 INFO   [geoserver.flow] - Request control-flow performed, running requests: 1, blocked requests: 4
23 Sep 08:59:49 INFO   [geoserver.flow] - Request [WMS 1.1.1 GetMap] starting, processing through flow controllers
23 Sep 08:59:49 INFO   [geoserver.flow] - Request [WMS 1.1.1 GetMap] starting, processing through flow controllers
23 Sep 08:59:49 INFO   [geoserver.flow] - Request [WMS 1.1.1 GetMap] starting, processing through flow controllers
23 Sep 08:59:49 INFO   [geoserver.wms] - 
Request: getServiceInfo
23 Sep 08:59:49 INFO   [geoserver.flow] - Request control-flow performed, running requests: 4, blocked requests: 1
23 Sep 08:59:49 INFO   [geoserver.flow] - Request control-flow performed, running requests: 2, blocked requests: 3
23 Sep 08:59:49 INFO   [geoserver.flow] - Request [WMS 1.1.1 GetMap] starting, processing through flow controllers
23 Sep 08:59:49 INFO   [geoserver.flow] - Request control-flow performed, running requests: 3, blocked requests: 2
23 Sep 08:59:49 INFO   [geoserver.flow] - Request control-flow performed, running requests: 5, blocked requests: 0
23 Sep 08:59:49 INFO   [geoserver.wms] - 
Request: getMap
	Angle = 0.0
	BaseUrl = http://localhost:8080/geoserver/
	Bbox = SRSEnvelope[1.127109844281895E7 : 1.1349369959782971E7, 1565430.33928041 : 1643701.8562444302]
	BgColor = java.awt.Color[r=255,g=255,b=255]
	Buffer = 0
	Clip = null
	CQLFilter = null
	Crs = PROJCS["WGS 84 / Pseudo-Mercator", 
  GEOGCS["WGS 84", 
    DATUM["World Geodetic System 1984", 
      SPHEROID["WGS 84", 6378137.0, 298.257223563, AUTHORITY["EPSG","7030"]], 
      AUTHORITY["EPSG","6326"]], 
    PRIMEM["Greenwich", 0.0, AUTHORITY["EPSG","8901"]], 
    UNIT["degree", 0.017453292519943295], 
    AXIS["Geodetic longitude", EAST], 
    AXIS["Geodetic latitude", NORTH], 
    AUTHORITY["EPSG","4326"]], 
  PROJECTION["Popular Visualisation Pseudo Mercator", AUTHORITY["EPSG","1024"]], 
  PARAMETER["semi_minor", 6378137.0], 
  PARAMETER["latitude_of_origin", 0.0], 
  PARAMETER["central_meridian", 0.0], 
  PARAMETER["scale_factor", 1.0], 
  PARAMETER["false_easting", 0.0], 
  PARAMETER["false_northing", 0.0], 
  UNIT["m", 1.0], 
  AXIS["Easting", EAST], 
  AXIS["Northing", NORTH], 
  AUTHORITY["EPSG","3857"]]
	Elevation = []
	Env = {}
	Exceptions = SE_XML
	FeatureId = null
	FeatureVersion = null
	Filter = null
	Format = image/png
	FormatOptions = {}
	Get = true
	Height = 256
	Interpolations = []
	Layers = [org.geoserver.wms.MapLayerInfo@40f7fbc7[description=<null>,label=Radit Boundary,layerFeatureConstraints=<null>,layerGroupMetadata={},layerInfo=SecuredLayerInfo[LayerInfoImpl[vec_s2s_vec_radit_boundary_ba3d1cda, resource:FeatureTypeInfoImpl[vec_s2s_vec_radit_boundary_ba3d1cda]]],name=vec_s2s_vec_radit_boundary_ba3d1cda,remoteFeatureSource=<null>,style=<null>,type=0]]
	MaxFeatures = null
	Palette = null
	RawKvp = {_T=1790153980122, REQUEST=GetMap, FORMAT=image/png, SRS=EPSG:3857, BBOX=11271098.44281895,1565430.33928041,11349369.959782971,1643701.8562444302, VERSION=1.1.1, STYLES=, SERVICE=WMS, WIDTH=256, HEIGHT=256, TRANSPARENT=true, LAYERS=ws_30cad3c4:vec_s2s_vec_radit_boundary_ba3d1cda}
	RemoteOwsType = null
	RemoteOwsURL = null
	Request = GetMap
	RequestCharset = UTF-8
	ScaleMethod = null
	Sld = null
	SldBody = null
	SldVersion = null
	SortBy = null
	SortByArrays = null
	SRS = EPSG:3857
	StartIndex = null
	StyleBody = null
	StyleFormat = sld
	Styles = [StyleImpl[ name=style_vec_s2s_vec_radit_boundary_ba3d1cda]]
	StyleUrl = null
	StyleVersion = null
	Tiled = false
	TilesOrigin = null
	Time = []
	Transparent = true
	ValidateSchema = false
	Version = 1.1.1
	ViewParams = null
	Width = 256
23 Sep 08:59:49 INFO   [geoserver.wms] - 
Request: getMap
	Angle = 0.0
	BaseUrl = http://localhost:8080/geoserver/
	Bbox = SRSEnvelope[1.1114555408890909E7 : 1.119282692585493E7, 1487158.8223163905 : 1565430.33928041]
	BgColor = java.awt.Color[r=255,g=255,b=255]
	Buffer = 0
	Clip = null
	CQLFilter = null
	Crs = PROJCS["WGS 84 / Pseudo-Mercator", 
  GEOGCS["WGS 84", 
    DATUM["World Geodetic System 1984", 
      SPHEROID["WGS 84", 6378137.0, 298.257223563, AUTHORITY["EPSG","7030"]], 
      AUTHORITY["EPSG","6326"]], 
    PRIMEM["Greenwich", 0.0, AUTHORITY["EPSG","8901"]], 
    UNIT["degree", 0.017453292519943295], 
    AXIS["Geodetic longitude", EAST], 
    AXIS["Geodetic latitude", NORTH], 
    AUTHORITY["EPSG","4326"]], 
  PROJECTION["Popular Visualisation Pseudo Mercator", AUTHORITY["EPSG","1024"]], 
  PARAMETER["semi_minor", 6378137.0], 
  PARAMETER["latitude_of_origin", 0.0], 
  PARAMETER["central_meridian", 0.0], 
  PARAMETER["scale_factor", 1.0], 
  PARAMETER["false_easting", 0.0], 
  PARAMETER["false_northing", 0.0], 
  UNIT["m", 1.0], 
  AXIS["Easting", EAST], 
  AXIS["Northing", NORTH], 
  AUTHORITY["EPSG","3857"]]
	Elevation = []
	Env = {}
	Exceptions = SE_XML
	FeatureId = null
	FeatureVersion = null
	Filter = null
	Format = image/png
	FormatOptions = {}
	Get = true
	Height = 256
	Interpolations = []
	Layers = [org.geoserver.wms.MapLayerInfo@322d9c76[description=<null>,label=Radit Boundary,layerFeatureConstraints=<null>,layerGroupMetadata={},layerInfo=SecuredLayerInfo[LayerInfoImpl[vec_s2s_vec_radit_boundary_ba3d1cda, resource:FeatureTypeInfoImpl[vec_s2s_vec_radit_boundary_ba3d1cda]]],name=vec_s2s_vec_radit_boundary_ba3d1cda,remoteFeatureSource=<null>,style=<null>,type=0]]
	MaxFeatures = null
	Palette = null
	RawKvp = {_T=1790153980122, REQUEST=GetMap, FORMAT=image/png, SRS=EPSG:3857, BBOX=11114555.408890909,1487158.8223163905,11192826.92585493,1565430.33928041, VERSION=1.1.1, STYLES=, SERVICE=WMS, WIDTH=256, HEIGHT=256, TRANSPARENT=true, LAYERS=ws_30cad3c4:vec_s2s_vec_radit_boundary_ba3d1cda}
	RemoteOwsType = null
	RemoteOwsURL = null
	Request = GetMap
	RequestCharset = UTF-8
	ScaleMethod = null
	Sld = null
	SldBody = null
	SldVersion = null
	SortBy = null
	SortByArrays = null
	SRS = EPSG:3857
	StartIndex = null
	StyleBody = null
	StyleFormat = sld
	Styles = [StyleImpl[ name=style_vec_s2s_vec_radit_boundary_ba3d1cda]]
	StyleUrl = null
	StyleVersion = null
	Tiled = false
	TilesOrigin = null
	Time = []
	Transparent = true
	ValidateSchema = false
	Version = 1.1.1
	ViewParams = null
	Width = 256
23 Sep 08:59:49 INFO   [geoserver.flow] - Request [WMS 1.1.1 GetMap] starting, processing through flow controllers
23 Sep 08:59:49 INFO   [geoserver.wms] - 
Request: getMap
	Angle = 0.0
	BaseUrl = http://localhost:8080/geoserver/
	Bbox = SRSEnvelope[1.119282692585493E7 : 1.127109844281895E7, 1565430.33928041 : 1643701.8562444302]
	BgColor = java.awt.Color[r=255,g=255,b=255]
	Buffer = 0
	Clip = null
	CQLFilter = null
	Crs = PROJCS["WGS 84 / Pseudo-Mercator", 
  GEOGCS["WGS 84", 
    DATUM["World Geodetic System 1984", 
      SPHEROID["WGS 84", 6378137.0, 298.257223563, AUTHORITY["EPSG","7030"]], 
      AUTHORITY["EPSG","6326"]], 
    PRIMEM["Greenwich", 0.0, AUTHORITY["EPSG","8901"]], 
    UNIT["degree", 0.017453292519943295], 
    AXIS["Geodetic longitude", EAST], 
    AXIS["Geodetic latitude", NORTH], 
    AUTHORITY["EPSG","4326"]], 
  PROJECTION["Popular Visualisation Pseudo Mercator", AUTHORITY["EPSG","1024"]], 
  PARAMETER["semi_minor", 6378137.0], 
  PARAMETER["latitude_of_origin", 0.0], 
  PARAMETER["central_meridian", 0.0], 
  PARAMETER["scale_factor", 1.0], 
  PARAMETER["false_easting", 0.0], 
  PARAMETER["false_northing", 0.0], 
  UNIT["m", 1.0], 
  AXIS["Easting", EAST], 
  AXIS["Northing", NORTH], 
  AUTHORITY["EPSG","3857"]]
	Elevation = []
	Env = {}
	Exceptions = SE_XML
	FeatureId = null
	FeatureVersion = null
	Filter = null
	Format = image/png
	FormatOptions = {}
	Get = true
	Height = 256
	Interpolations = []
	Layers = [org.geoserver.wms.MapLayerInfo@5e34dcf4[description=<null>,label=Radit Boundary,layerFeatureConstraints=<null>,layerGroupMetadata={},layerInfo=SecuredLayerInfo[LayerInfoImpl[vec_s2s_vec_radit_boundary_ba3d1cda, resource:FeatureTypeInfoImpl[vec_s2s_vec_radit_boundary_ba3d1cda]]],name=vec_s2s_vec_radit_boundary_ba3d1cda,remoteFeatureSource=<null>,style=<null>,type=0]]
	MaxFeatures = null
	Palette = null
	RawKvp = {_T=1790153980122, REQUEST=GetMap, FORMAT=image/png, SRS=EPSG:3857, BBOX=11192826.92585493,1565430.33928041,11271098.44281895,1643701.8562444302, VERSION=1.1.1, STYLES=, SERVICE=WMS, WIDTH=256, HEIGHT=256, TRANSPARENT=true, LAYERS=ws_30cad3c4:vec_s2s_vec_radit_boundary_ba3d1cda}
	RemoteOwsType = null
	RemoteOwsURL = null
	Request = GetMap
	RequestCharset = UTF-8
	ScaleMethod = null
	Sld = null
	SldBody = null
	SldVersion = null
	SortBy = null
	SortByArrays = null
	SRS = EPSG:3857
	StartIndex = null
	StyleBody = null
	StyleFormat = sld
	Styles = [StyleImpl[ name=style_vec_s2s_vec_radit_boundary_ba3d1cda]]
	StyleUrl = null
	StyleVersion = null
	Tiled = false
	TilesOrigin = null
	Time = []
	Transparent = true
	ValidateSchema = false
	Version = 1.1.1
	ViewParams = null
	Width = 256
23 Sep 08:59:49 INFO   [geoserver.flow] - releasing flow controllers for [WMS 1.1.1 GetMap]
23 Sep 08:59:49 INFO   [geoserver.wms] - 
Request: getMap
	Angle = 0.0
	BaseUrl = http://localhost:8080/geoserver/
	Bbox = SRSEnvelope[1.119282692585493E7 : 1.127109844281895E7, 1487158.8223163905 : 1565430.33928041]
	BgColor = java.awt.Color[r=255,g=255,b=255]
	Buffer = 0
	Clip = null
	CQLFilter = null
	Crs = PROJCS["WGS 84 / Pseudo-Mercator", 
  GEOGCS["WGS 84", 
    DATUM["World Geodetic System 1984", 
      SPHEROID["WGS 84", 6378137.0, 298.257223563, AUTHORITY["EPSG","7030"]], 
      AUTHORITY["EPSG","6326"]], 
    PRIMEM["Greenwich", 0.0, AUTHORITY["EPSG","8901"]], 
    UNIT["degree", 0.017453292519943295], 
    AXIS["Geodetic longitude", EAST], 
    AXIS["Geodetic latitude", NORTH], 
    AUTHORITY["EPSG","4326"]], 
  PROJECTION["Popular Visualisation Pseudo Mercator", AUTHORITY["EPSG","1024"]], 
  PARAMETER["semi_minor", 6378137.0], 
  PARAMETER["latitude_of_origin", 0.0], 
  PARAMETER["central_meridian", 0.0], 
  PARAMETER["scale_factor", 1.0], 
  PARAMETER["false_easting", 0.0], 
  PARAMETER["false_northing", 0.0], 
  UNIT["m", 1.0], 
  AXIS["Easting", EAST], 
  AXIS["Northing", NORTH], 
  AUTHORITY["EPSG","3857"]]
	Elevation = []
	Env = {}
	Exceptions = SE_XML
	FeatureId = null
	FeatureVersion = null
	Filter = null
	Format = image/png
	FormatOptions = {}
	Get = true
	Height = 256
	Interpolations = []
	Layers = [org.geoserver.wms.MapLayerInfo@40270d5d[description=<null>,label=Radit Boundary,layerFeatureConstraints=<null>,layerGroupMetadata={},layerInfo=SecuredLayerInfo[LayerInfoImpl[vec_s2s_vec_radit_boundary_ba3d1cda, resource:FeatureTypeInfoImpl[vec_s2s_vec_radit_boundary_ba3d1cda]]],name=vec_s2s_vec_radit_boundary_ba3d1cda,remoteFeatureSource=<null>,style=<null>,type=0]]
	MaxFeatures = null
	Palette = null
	RawKvp = {_T=1790153980122, REQUEST=GetMap, FORMAT=image/png, SRS=EPSG:3857, BBOX=11192826.92585493,1487158.8223163905,11271098.44281895,1565430.33928041, VERSION=1.1.1, STYLES=, SERVICE=WMS, WIDTH=256, HEIGHT=256, TRANSPARENT=true, LAYERS=ws_30cad3c4:vec_s2s_vec_radit_boundary_ba3d1cda}
	RemoteOwsType = null
	RemoteOwsURL = null
	Request = GetMap
	RequestCharset = UTF-8
	ScaleMethod = null
	Sld = null
	SldBody = null
	SldVersion = null
	SortBy = null
	SortByArrays = null
	SRS = EPSG:3857
	StartIndex = null
	StyleBody = null
	StyleFormat = sld
	Styles = [StyleImpl[ name=style_vec_s2s_vec_radit_boundary_ba3d1cda]]
	StyleUrl = null
	StyleVersion = null
	Tiled = false
	TilesOrigin = null
	Time = []
	Transparent = true
	ValidateSchema = false
	Version = 1.1.1
	ViewParams = null
	Width = 256
23 Sep 08:59:49 INFO   [geoserver.flow] - releasing flow controllers for [WMS 1.1.1 GetMap]
23 Sep 08:59:49 INFO   [geoserver.wms] - 
Request: getMap
	Angle = 0.0
	BaseUrl = http://localhost:8080/geoserver/
	Bbox = SRSEnvelope[1.127109844281895E7 : 1.1349369959782971E7, 1487158.8223163905 : 1565430.33928041]
	BgColor = java.awt.Color[r=255,g=255,b=255]
	Buffer = 0
	Clip = null
	CQLFilter = null
	Crs = PROJCS["WGS 84 / Pseudo-Mercator", 
  GEOGCS["WGS 84", 
    DATUM["World Geodetic System 1984", 
      SPHEROID["WGS 84", 6378137.0, 298.257223563, AUTHORITY["EPSG","7030"]], 
      AUTHORITY["EPSG","6326"]], 
    PRIMEM["Greenwich", 0.0, AUTHORITY["EPSG","8901"]], 
    UNIT["degree", 0.017453292519943295], 
    AXIS["Geodetic longitude", EAST], 
    AXIS["Geodetic latitude", NORTH], 
    AUTHORITY["EPSG","4326"]], 
  PROJECTION["Popular Visualisation Pseudo Mercator", AUTHORITY["EPSG","1024"]], 
  PARAMETER["semi_minor", 6378137.0], 
  PARAMETER["latitude_of_origin", 0.0], 
  PARAMETER["central_meridian", 0.0], 
  PARAMETER["scale_factor", 1.0], 
  PARAMETER["false_easting", 0.0], 
  PARAMETER["false_northing", 0.0], 
  UNIT["m", 1.0], 
  AXIS["Easting", EAST], 
  AXIS["Northing", NORTH], 
  AUTHORITY["EPSG","3857"]]
	Elevation = []
	Env = {}
	Exceptions = SE_XML
	FeatureId = null
	FeatureVersion = null
	Filter = null
	Format = image/png
	FormatOptions = {}
	Get = true
	Height = 256
	Interpolations = []
	Layers = [org.geoserver.wms.MapLayerInfo@18a632da[description=<null>,label=Radit Boundary,layerFeatureConstraints=<null>,layerGroupMetadata={},layerInfo=SecuredLayerInfo[LayerInfoImpl[vec_s2s_vec_radit_boundary_ba3d1cda, resource:FeatureTypeInfoImpl[vec_s2s_vec_radit_boundary_ba3d1cda]]],name=vec_s2s_vec_radit_boundary_ba3d1cda,remoteFeatureSource=<null>,style=<null>,type=0]]
	MaxFeatures = null
	Palette = null
	RawKvp = {_T=1790153980122, REQUEST=GetMap, FORMAT=image/png, SRS=EPSG:3857, BBOX=11271098.44281895,1487158.8223163905,11349369.959782971,1565430.33928041, VERSION=1.1.1, STYLES=, SERVICE=WMS, WIDTH=256, HEIGHT=256, TRANSPARENT=true, LAYERS=ws_30cad3c4:vec_s2s_vec_radit_boundary_ba3d1cda}
	RemoteOwsType = null
	RemoteOwsURL = null
	Request = GetMap
	RequestCharset = UTF-8
	ScaleMethod = null
	Sld = null
	SldBody = null
	SldVersion = null
	SortBy = null
	SortByArrays = null
	SRS = EPSG:3857
	StartIndex = null
	StyleBody = null
	StyleFormat = sld
	Styles = [StyleImpl[ name=style_vec_s2s_vec_radit_boundary_ba3d1cda]]
	StyleUrl = null
	StyleVersion = null
	Tiled = false
	TilesOrigin = null
	Time = []
	Transparent = true
	ValidateSchema = false
	Version = 1.1.1
	ViewParams = null
	Width = 256
23 Sep 08:59:49 INFO   [geoserver.flow] - Request control-flow performed, running requests: 6, blocked requests: 0
23 Sep 08:59:49 INFO   [geoserver.flow] - Request completed, running requests: 4, blocked requests: 0
23 Sep 08:59:49 INFO   [geoserver.flow] - Request completed, running requests: 4, blocked requests: 0
23 Sep 08:59:49 INFO   [geoserver.flow] - releasing flow controllers for [WMS 1.1.1 GetMap]
23 Sep 08:59:49 INFO   [geoserver.flow] - releasing flow controllers for [WMS 1.1.1 GetMap]
23 Sep 08:59:49 INFO   [geoserver.flow] - releasing flow controllers for [WMS 1.1.1 GetMap]
23 Sep 08:59:49 INFO   [geoserver.flow] - Request completed, running requests: 1, blocked requests: 0
23 Sep 08:59:49 INFO   [geoserver.wms] - 
Request: getMap
	Angle = 0.0
	BaseUrl = http://localhost:8080/geoserver/
	Bbox = SRSEnvelope[1.1114555408890909E7 : 1.119282692585493E7, 1565430.33928041 : 1643701.8562444302]
	BgColor = java.awt.Color[r=255,g=255,b=255]
	Buffer = 0
	Clip = null
	CQLFilter = null
	Crs = PROJCS["WGS 84 / Pseudo-Mercator", 
  GEOGCS["WGS 84", 
    DATUM["World Geodetic System 1984", 
      SPHEROID["WGS 84", 6378137.0, 298.257223563, AUTHORITY["EPSG","7030"]], 
      AUTHORITY["EPSG","6326"]], 
    PRIMEM["Greenwich", 0.0, AUTHORITY["EPSG","8901"]], 
    UNIT["degree", 0.017453292519943295], 
    AXIS["Geodetic longitude", EAST], 
    AXIS["Geodetic latitude", NORTH], 
    AUTHORITY["EPSG","4326"]], 
  PROJECTION["Popular Visualisation Pseudo Mercator", AUTHORITY["EPSG","1024"]], 
  PARAMETER["semi_minor", 6378137.0], 
  PARAMETER["latitude_of_origin", 0.0], 
  PARAMETER["central_meridian", 0.0], 
  PARAMETER["scale_factor", 1.0], 
  PARAMETER["false_easting", 0.0], 
  PARAMETER["false_northing", 0.0], 
  UNIT["m", 1.0], 
  AXIS["Easting", EAST], 
  AXIS["Northing", NORTH], 
  AUTHORITY["EPSG","3857"]]
	Elevation = []
	Env = {}
	Exceptions = SE_XML
	FeatureId = null
	FeatureVersion = null
	Filter = null
	Format = image/png
	FormatOptions = {}
	Get = true
	Height = 256
	Interpolations = []
	Layers = [org.geoserver.wms.MapLayerInfo@68243607[description=<null>,label=Radit Boundary,layerFeatureConstraints=<null>,layerGroupMetadata={},layerInfo=SecuredLayerInfo[LayerInfoImpl[vec_s2s_vec_radit_boundary_ba3d1cda, resource:FeatureTypeInfoImpl[vec_s2s_vec_radit_boundary_ba3d1cda]]],name=vec_s2s_vec_radit_boundary_ba3d1cda,remoteFeatureSource=<null>,style=<null>,type=0]]
	MaxFeatures = null
	Palette = null
	RawKvp = {_T=1790153980122, REQUEST=GetMap, FORMAT=image/png, SRS=EPSG:3857, BBOX=11114555.408890909,1565430.33928041,11192826.92585493,1643701.8562444302, VERSION=1.1.1, STYLES=, SERVICE=WMS, WIDTH=256, HEIGHT=256, TRANSPARENT=true, LAYERS=ws_30cad3c4:vec_s2s_vec_radit_boundary_ba3d1cda}
	RemoteOwsType = null
	RemoteOwsURL = null
	Request = GetMap
	RequestCharset = UTF-8
	ScaleMethod = null
	Sld = null
	SldBody = null
	SldVersion = null
	SortBy = null
	SortByArrays = null
	SRS = EPSG:3857
	StartIndex = null
	StyleBody = null
	StyleFormat = sld
	Styles = [StyleImpl[ name=style_vec_s2s_vec_radit_boundary_ba3d1cda]]
	StyleUrl = null
	StyleVersion = null
	Tiled = false
	TilesOrigin = null
	Time = []
	Transparent = true
	ValidateSchema = false
	Version = 1.1.1
	ViewParams = null
	Width = 256
23 Sep 08:59:49 INFO   [geoserver.flow] - Request completed, running requests: 1, blocked requests: 0
23 Sep 08:59:49 INFO   [geoserver.wms] - 
Request: getServiceInfo
23 Sep 08:59:49 INFO   [geoserver.wms] - 
Request: getServiceInfo
23 Sep 08:59:49 INFO   [geoserver.flow] - releasing flow controllers for [WMS 1.1.1 GetMap]
23 Sep 08:59:49 INFO   [geoserver.wms] - 
Request: getServiceInfo
23 Sep 08:59:49 INFO   [geoserver.flow] - Request [WMS 1.1.1 GetMap] starting, processing through flow controllers
23 Sep 08:59:49 INFO   [geoserver.flow] - Request completed, running requests: 1, blocked requests: 0
23 Sep 08:59:49 INFO   [geoserver.flow] - Request [WMS 1.1.1 GetMap] starting, processing through flow controllers
23 Sep 08:59:49 INFO   [geoserver.flow] - Request [WMS 1.1.1 GetMap] starting, processing through flow controllers
23 Sep 08:59:49 INFO   [geoserver.flow] - Request completed, running requests: 0, blocked requests: 2
23 Sep 08:59:49 INFO   [geoserver.flow] - Request control-flow performed, running requests: 2, blocked requests: 1
23 Sep 08:59:49 INFO   [geoserver.wms] - 
Request: getServiceInfo
23 Sep 08:59:49 INFO   [geoserver.flow] - Request control-flow performed, running requests: 1, blocked requests: 2
23 Sep 08:59:49 INFO   [geoserver.flow] - Request control-flow performed, running requests: 3, blocked requests: 0
23 Sep 08:59:49 INFO   [geoserver.flow] - Request [WMS 1.1.1 GetMap] starting, processing through flow controllers
23 Sep 08:59:49 INFO   [geoserver.flow] - Request control-flow performed, running requests: 4, blocked requests: 0
23 Sep 08:59:49 INFO   [geoserver.wms] - 
Request: getMap
	Angle = 0.0
	BaseUrl = http://localhost:8080/geoserver/
	Bbox = SRSEnvelope[1.1349369959782971E7 : 1.1427641476746991E7, 1565430.33928041 : 1643701.8562444302]
	BgColor = java.awt.Color[r=255,g=255,b=255]
	Buffer = 0
	Clip = null
	CQLFilter = null
	Crs = PROJCS["WGS 84 / Pseudo-Mercator", 
  GEOGCS["WGS 84", 
    DATUM["World Geodetic System 1984", 
      SPHEROID["WGS 84", 6378137.0, 298.257223563, AUTHORITY["EPSG","7030"]], 
      AUTHORITY["EPSG","6326"]], 
    PRIMEM["Greenwich", 0.0, AUTHORITY["EPSG","8901"]], 
    UNIT["degree", 0.017453292519943295], 
    AXIS["Geodetic longitude", EAST], 
    AXIS["Geodetic latitude", NORTH], 
    AUTHORITY["EPSG","4326"]], 
  PROJECTION["Popular Visualisation Pseudo Mercator", AUTHORITY["EPSG","1024"]], 
  PARAMETER["semi_minor", 6378137.0], 
  PARAMETER["latitude_of_origin", 0.0], 
  PARAMETER["central_meridian", 0.0], 
  PARAMETER["scale_factor", 1.0], 
  PARAMETER["false_easting", 0.0], 
  PARAMETER["false_northing", 0.0], 
  UNIT["m", 1.0], 
  AXIS["Easting", EAST], 
  AXIS["Northing", NORTH], 
  AUTHORITY["EPSG","3857"]]
	Elevation = []
	Env = {}
	Exceptions = SE_XML
	FeatureId = null
	FeatureVersion = null
	Filter = null
	Format = image/png
	FormatOptions = {}
	Get = true
	Height = 256
	Interpolations = []
	Layers = [org.geoserver.wms.MapLayerInfo@7447c0b5[description=<null>,label=Radit Boundary,layerFeatureConstraints=<null>,layerGroupMetadata={},layerInfo=SecuredLayerInfo[LayerInfoImpl[vec_s2s_vec_radit_boundary_ba3d1cda, resource:FeatureTypeInfoImpl[vec_s2s_vec_radit_boundary_ba3d1cda]]],name=vec_s2s_vec_radit_boundary_ba3d1cda,remoteFeatureSource=<null>,style=<null>,type=0]]
	MaxFeatures = null
	Palette = null
	RawKvp = {_T=1790153980122, REQUEST=GetMap, FORMAT=image/png, SRS=EPSG:3857, BBOX=11349369.959782971,1565430.33928041,11427641.476746991,1643701.8562444302, VERSION=1.1.1, STYLES=, SERVICE=WMS, WIDTH=256, HEIGHT=256, TRANSPARENT=true, LAYERS=ws_30cad3c4:vec_s2s_vec_radit_boundary_ba3d1cda}
	RemoteOwsType = null
	RemoteOwsURL = null
	Request = GetMap
	RequestCharset = UTF-8
	ScaleMethod = null
	Sld = null
	SldBody = null
	SldVersion = null
	SortBy = null
	SortByArrays = null
	SRS = EPSG:3857
	StartIndex = null
	StyleBody = null
	StyleFormat = sld
	Styles = [StyleImpl[ name=style_vec_s2s_vec_radit_boundary_ba3d1cda]]
	StyleUrl = null
	StyleVersion = null
	Tiled = false
	TilesOrigin = null
	Time = []
	Transparent = true
	ValidateSchema = false
	Version = 1.1.1
	ViewParams = null
	Width = 256
23 Sep 08:59:49 INFO   [geoserver.wms] - 
Request: getMap
	Angle = 0.0
	BaseUrl = http://localhost:8080/geoserver/
	Bbox = SRSEnvelope[1.1036283891926888E7 : 1.1114555408890909E7, 1565430.33928041 : 1643701.8562444302]
	BgColor = java.awt.Color[r=255,g=255,b=255]
	Buffer = 0
	Clip = null
	CQLFilter = null
	Crs = PROJCS["WGS 84 / Pseudo-Mercator", 
  GEOGCS["WGS 84", 
    DATUM["World Geodetic System 1984", 
      SPHEROID["WGS 84", 6378137.0, 298.257223563, AUTHORITY["EPSG","7030"]], 
      AUTHORITY["EPSG","6326"]], 
    PRIMEM["Greenwich", 0.0, AUTHORITY["EPSG","8901"]], 
    UNIT["degree", 0.017453292519943295], 
    AXIS["Geodetic longitude", EAST], 
    AXIS["Geodetic latitude", NORTH], 
    AUTHORITY["EPSG","4326"]], 
  PROJECTION["Popular Visualisation Pseudo Mercator", AUTHORITY["EPSG","1024"]], 
  PARAMETER["semi_minor", 6378137.0], 
  PARAMETER["latitude_of_origin", 0.0], 
  PARAMETER["central_meridian", 0.0], 
  PARAMETER["scale_factor", 1.0], 
  PARAMETER["false_easting", 0.0], 
  PARAMETER["false_northing", 0.0], 
  UNIT["m", 1.0], 
  AXIS["Easting", EAST], 
  AXIS["Northing", NORTH], 
  AUTHORITY["EPSG","3857"]]
	Elevation = []
	Env = {}
	Exceptions = SE_XML
	FeatureId = null
	FeatureVersion = null
	Filter = null
	Format = image/png
	FormatOptions = {}
	Get = true
	Height = 256
	Interpolations = []
	Layers = [org.geoserver.wms.MapLayerInfo@10cfcd74[description=<null>,label=Radit Boundary,layerFeatureConstraints=<null>,layerGroupMetadata={},layerInfo=SecuredLayerInfo[LayerInfoImpl[vec_s2s_vec_radit_boundary_ba3d1cda, resource:FeatureTypeInfoImpl[vec_s2s_vec_radit_boundary_ba3d1cda]]],name=vec_s2s_vec_radit_boundary_ba3d1cda,remoteFeatureSource=<null>,style=<null>,type=0]]
	MaxFeatures = null
	Palette = null
	RawKvp = {_T=1790153980122, REQUEST=GetMap, FORMAT=image/png, SRS=EPSG:3857, BBOX=11036283.891926888,1565430.33928041,11114555.408890909,1643701.8562444302, VERSION=1.1.1, STYLES=, SERVICE=WMS, WIDTH=256, HEIGHT=256, TRANSPARENT=true, LAYERS=ws_30cad3c4:vec_s2s_vec_radit_boundary_ba3d1cda}
	RemoteOwsType = null
	RemoteOwsURL = null
	Request = GetMap
	RequestCharset = UTF-8
	ScaleMethod = null
	Sld = null
	SldBody = null
	SldVersion = null
	SortBy = null
	SortByArrays = null
	SRS = EPSG:3857
	StartIndex = null
	StyleBody = null
	StyleFormat = sld
	Styles = [StyleImpl[ name=style_vec_s2s_vec_radit_boundary_ba3d1cda]]
	StyleUrl = null
	StyleVersion = null
	Tiled = false
	TilesOrigin = null
	Time = []
	Transparent = true
	ValidateSchema = false
	Version = 1.1.1
	ViewParams = null
	Width = 256
23 Sep 08:59:49 INFO   [geoserver.wms] - 
Request: getMap
	Angle = 0.0
	BaseUrl = http://localhost:8080/geoserver/
	Bbox = SRSEnvelope[1.1349369959782971E7 : 1.1427641476746991E7, 1487158.8223163905 : 1565430.33928041]
	BgColor = java.awt.Color[r=255,g=255,b=255]
	Buffer = 0
	Clip = null
	CQLFilter = null
	Crs = PROJCS["WGS 84 / Pseudo-Mercator", 
  GEOGCS["WGS 84", 
    DATUM["World Geodetic System 1984", 
      SPHEROID["WGS 84", 6378137.0, 298.257223563, AUTHORITY["EPSG","7030"]], 
      AUTHORITY["EPSG","6326"]], 
    PRIMEM["Greenwich", 0.0, AUTHORITY["EPSG","8901"]], 
    UNIT["degree", 0.017453292519943295], 
    AXIS["Geodetic longitude", EAST], 
    AXIS["Geodetic latitude", NORTH], 
    AUTHORITY["EPSG","4326"]], 
  PROJECTION["Popular Visualisation Pseudo Mercator", AUTHORITY["EPSG","1024"]], 
  PARAMETER["semi_minor", 6378137.0], 
  PARAMETER["latitude_of_origin", 0.0], 
  PARAMETER["central_meridian", 0.0], 
  PARAMETER["scale_factor", 1.0], 
  PARAMETER["false_easting", 0.0], 
  PARAMETER["false_northing", 0.0], 
  UNIT["m", 1.0], 
  AXIS["Easting", EAST], 
  AXIS["Northing", NORTH], 
  AUTHORITY["EPSG","3857"]]
	Elevation = []
	Env = {}
	Exceptions = SE_XML
	FeatureId = null
	FeatureVersion = null
	Filter = null
	Format = image/png
	FormatOptions = {}
	Get = true
	Height = 256
	Interpolations = []
	Layers = [org.geoserver.wms.MapLayerInfo@3bd841c[description=<null>,label=Radit Boundary,layerFeatureConstraints=<null>,layerGroupMetadata={},layerInfo=SecuredLayerInfo[LayerInfoImpl[vec_s2s_vec_radit_boundary_ba3d1cda, resource:FeatureTypeInfoImpl[vec_s2s_vec_radit_boundary_ba3d1cda]]],name=vec_s2s_vec_radit_boundary_ba3d1cda,remoteFeatureSource=<null>,style=<null>,type=0]]
	MaxFeatures = null
	Palette = null
	RawKvp = {_T=1790153980122, REQUEST=GetMap, FORMAT=image/png, SRS=EPSG:3857, BBOX=11349369.959782971,1487158.8223163905,11427641.476746991,1565430.33928041, VERSION=1.1.1, STYLES=, SERVICE=WMS, WIDTH=256, HEIGHT=256, TRANSPARENT=true, LAYERS=ws_30cad3c4:vec_s2s_vec_radit_boundary_ba3d1cda}
	RemoteOwsType = null
	RemoteOwsURL = null
	Request = GetMap
	RequestCharset = UTF-8
	ScaleMethod = null
	Sld = null
	SldBody = null
	SldVersion = null
	SortBy = null
	SortByArrays = null
	SRS = EPSG:3857
	StartIndex = null
	StyleBody = null
	StyleFormat = sld
	Styles = [StyleImpl[ name=style_vec_s2s_vec_radit_boundary_ba3d1cda]]
	StyleUrl = null
	StyleVersion = null
	Tiled = false
	TilesOrigin = null
	Time = []
	Transparent = true
	ValidateSchema = false
	Version = 1.1.1
	ViewParams = null
	Width = 256
23 Sep 08:59:49 INFO   [geoserver.flow] - releasing flow controllers for [WMS 1.1.1 GetMap]
23 Sep 08:59:49 INFO   [geoserver.wms] - 
Request: getMap
	Angle = 0.0
	BaseUrl = http://localhost:8080/geoserver/
	Bbox = SRSEnvelope[1.1036283891926888E7 : 1.1114555408890909E7, 1487158.8223163905 : 1565430.33928041]
	BgColor = java.awt.Color[r=255,g=255,b=255]
	Buffer = 0
	Clip = null
	CQLFilter = null
	Crs = PROJCS["WGS 84 / Pseudo-Mercator", 
  GEOGCS["WGS 84", 
    DATUM["World Geodetic System 1984", 
      SPHEROID["WGS 84", 6378137.0, 298.257223563, AUTHORITY["EPSG","7030"]], 
      AUTHORITY["EPSG","6326"]], 
    PRIMEM["Greenwich", 0.0, AUTHORITY["EPSG","8901"]], 
    UNIT["degree", 0.017453292519943295], 
    AXIS["Geodetic longitude", EAST], 
    AXIS["Geodetic latitude", NORTH], 
    AUTHORITY["EPSG","4326"]], 
  PROJECTION["Popular Visualisation Pseudo Mercator", AUTHORITY["EPSG","1024"]], 
  PARAMETER["semi_minor", 6378137.0], 
  PARAMETER["latitude_of_origin", 0.0], 
  PARAMETER["central_meridian", 0.0], 
  PARAMETER["scale_factor", 1.0], 
  PARAMETER["false_easting", 0.0], 
  PARAMETER["false_northing", 0.0], 
  UNIT["m", 1.0], 
  AXIS["Easting", EAST], 
  AXIS["Northing", NORTH], 
  AUTHORITY["EPSG","3857"]]
	Elevation = []
	Env = {}
	Exceptions = SE_XML
	FeatureId = null
	FeatureVersion = null
	Filter = null
	Format = image/png
	FormatOptions = {}
	Get = true
	Height = 256
	Interpolations = []
	Layers = [org.geoserver.wms.MapLayerInfo@49415e8[description=<null>,label=Radit Boundary,layerFeatureConstraints=<null>,layerGroupMetadata={},layerInfo=SecuredLayerInfo[LayerInfoImpl[vec_s2s_vec_radit_boundary_ba3d1cda, resource:FeatureTypeInfoImpl[vec_s2s_vec_radit_boundary_ba3d1cda]]],name=vec_s2s_vec_radit_boundary_ba3d1cda,remoteFeatureSource=<null>,style=<null>,type=0]]
	MaxFeatures = null
	Palette = null
	RawKvp = {_T=1790153980122, REQUEST=GetMap, FORMAT=image/png, SRS=EPSG:3857, BBOX=11036283.891926888,1487158.8223163905,11114555.408890909,1565430.33928041, VERSION=1.1.1, STYLES=, SERVICE=WMS, WIDTH=256, HEIGHT=256, TRANSPARENT=true, LAYERS=ws_30cad3c4:vec_s2s_vec_radit_boundary_ba3d1cda}
	RemoteOwsType = null
	RemoteOwsURL = null
	Request = GetMap
	RequestCharset = UTF-8
	ScaleMethod = null
	Sld = null
	SldBody = null
	SldVersion = null
	SortBy = null
	SortByArrays = null
	SRS = EPSG:3857
	StartIndex = null
	StyleBody = null
	StyleFormat = sld
	Styles = [StyleImpl[ name=style_vec_s2s_vec_radit_boundary_ba3d1cda]]
	StyleUrl = null
	StyleVersion = null
	Tiled = false
	TilesOrigin = null
	Time = []
	Transparent = true
	ValidateSchema = false
	Version = 1.1.1
	ViewParams = null
	Width = 256
23 Sep 08:59:50 INFO   [geoserver.flow] - releasing flow controllers for [WMS 1.1.1 GetMap]
23 Sep 08:59:50 INFO   [geoserver.flow] - Request completed, running requests: 1, blocked requests: 0
23 Sep 08:59:50 INFO   [geoserver.flow] - releasing flow controllers for [WMS 1.1.1 GetMap]
23 Sep 08:59:50 INFO   [geoserver.flow] - Request completed, running requests: 2, blocked requests: 0
23 Sep 08:59:50 INFO   [geoserver.flow] - releasing flow controllers for [WMS 1.1.1 GetMap]
23 Sep 08:59:50 INFO   [geoserver.flow] - Request completed, running requests: 0, blocked requests: 0
23 Sep 08:59:50 INFO   [geoserver.flow] - Request completed, running requests: 0, blocked requests: 0
23 Sep 08:59:50 INFO   [geoserver.wms] - 
Request: getServiceInfo
23 Sep 08:59:50 INFO   [geoserver.wms] - 
Request: getServiceInfo
23 Sep 08:59:50 INFO   [geoserver.flow] - Request [WMS 1.1.1 GetMap] starting, processing through flow controllers
23 Sep 08:59:50 INFO   [geoserver.flow] - Request [WMS 1.1.1 GetMap] starting, processing through flow controllers
23 Sep 08:59:50 INFO   [geoserver.flow] - Request control-flow performed, running requests: 1, blocked requests: 1
23 Sep 08:59:50 INFO   [geoserver.flow] - Request control-flow performed, running requests: 2, blocked requests: 0
23 Sep 08:59:50 INFO   [geoserver.wms] - 
Request: getMap
	Angle = 0.0
	BaseUrl = http://localhost:8080/geoserver/
	Bbox = SRSEnvelope[1.095801237496287E7 : 1.1036283891926888E7, 1565430.33928041 : 1643701.8562444302]
	BgColor = java.awt.Color[r=255,g=255,b=255]
	Buffer = 0
	Clip = null
	CQLFilter = null
	Crs = PROJCS["WGS 84 / Pseudo-Mercator", 
  GEOGCS["WGS 84", 
    DATUM["World Geodetic System 1984", 
      SPHEROID["WGS 84", 6378137.0, 298.257223563, AUTHORITY["EPSG","7030"]], 
      AUTHORITY["EPSG","6326"]], 
    PRIMEM["Greenwich", 0.0, AUTHORITY["EPSG","8901"]], 
    UNIT["degree", 0.017453292519943295], 
    AXIS["Geodetic longitude", EAST], 
    AXIS["Geodetic latitude", NORTH], 
    AUTHORITY["EPSG","4326"]], 
  PROJECTION["Popular Visualisation Pseudo Mercator", AUTHORITY["EPSG","1024"]], 
  PARAMETER["semi_minor", 6378137.0], 
  PARAMETER["latitude_of_origin", 0.0], 
  PARAMETER["central_meridian", 0.0], 
  PARAMETER["scale_factor", 1.0], 
  PARAMETER["false_easting", 0.0], 
  PARAMETER["false_northing", 0.0], 
  UNIT["m", 1.0], 
  AXIS["Easting", EAST], 
  AXIS["Northing", NORTH], 
  AUTHORITY["EPSG","3857"]]
	Elevation = []
	Env = {}
	Exceptions = SE_XML
	FeatureId = null
	FeatureVersion = null
	Filter = null
	Format = image/png
	FormatOptions = {}
	Get = true
	Height = 256
	Interpolations = []
	Layers = [org.geoserver.wms.MapLayerInfo@2068a4c5[description=<null>,label=Radit Boundary,layerFeatureConstraints=<null>,layerGroupMetadata={},layerInfo=SecuredLayerInfo[LayerInfoImpl[vec_s2s_vec_radit_boundary_ba3d1cda, resource:FeatureTypeInfoImpl[vec_s2s_vec_radit_boundary_ba3d1cda]]],name=vec_s2s_vec_radit_boundary_ba3d1cda,remoteFeatureSource=<null>,style=<null>,type=0]]
	MaxFeatures = null
	Palette = null
	RawKvp = {_T=1790153980122, REQUEST=GetMap, FORMAT=image/png, SRS=EPSG:3857, BBOX=10958012.37496287,1565430.33928041,11036283.891926888,1643701.8562444302, VERSION=1.1.1, STYLES=, SERVICE=WMS, WIDTH=256, HEIGHT=256, TRANSPARENT=true, LAYERS=ws_30cad3c4:vec_s2s_vec_radit_boundary_ba3d1cda}
	RemoteOwsType = null
	RemoteOwsURL = null
	Request = GetMap
	RequestCharset = UTF-8
	ScaleMethod = null
	Sld = null
	SldBody = null
	SldVersion = null
	SortBy = null
	SortByArrays = null
	SRS = EPSG:3857
	StartIndex = null
	StyleBody = null
	StyleFormat = sld
	Styles = [StyleImpl[ name=style_vec_s2s_vec_radit_boundary_ba3d1cda]]
	StyleUrl = null
	StyleVersion = null
	Tiled = false
	TilesOrigin = null
	Time = []
	Transparent = true
	ValidateSchema = false
	Version = 1.1.1
	ViewParams = null
	Width = 256
23 Sep 08:59:50 INFO   [geoserver.wms] - 
Request: getMap
	Angle = 0.0
	BaseUrl = http://localhost:8080/geoserver/
	Bbox = SRSEnvelope[1.095801237496287E7 : 1.1036283891926888E7, 1487158.8223163905 : 1565430.33928041]
	BgColor = java.awt.Color[r=255,g=255,b=255]
	Buffer = 0
	Clip = null
	CQLFilter = null
	Crs = PROJCS["WGS 84 / Pseudo-Mercator", 
  GEOGCS["WGS 84", 
    DATUM["World Geodetic System 1984", 
      SPHEROID["WGS 84", 6378137.0, 298.257223563, AUTHORITY["EPSG","7030"]], 
      AUTHORITY["EPSG","6326"]], 
    PRIMEM["Greenwich", 0.0, AUTHORITY["EPSG","8901"]], 
    UNIT["degree", 0.017453292519943295], 
    AXIS["Geodetic longitude", EAST], 
    AXIS["Geodetic latitude", NORTH], 
    AUTHORITY["EPSG","4326"]], 
  PROJECTION["Popular Visualisation Pseudo Mercator", AUTHORITY["EPSG","1024"]], 
  PARAMETER["semi_minor", 6378137.0], 
  PARAMETER["latitude_of_origin", 0.0], 
  PARAMETER["central_meridian", 0.0], 
  PARAMETER["scale_factor", 1.0], 
  PARAMETER["false_easting", 0.0], 
  PARAMETER["false_northing", 0.0], 
  UNIT["m", 1.0], 
  AXIS["Easting", EAST], 
  AXIS["Northing", NORTH], 
  AUTHORITY["EPSG","3857"]]
	Elevation = []
	Env = {}
	Exceptions = SE_XML
	FeatureId = null
	FeatureVersion = null
	Filter = null
	Format = image/png
	FormatOptions = {}
	Get = true
	Height = 256
	Interpolations = []
	Layers = [org.geoserver.wms.MapLayerInfo@596c6a4d[description=<null>,label=Radit Boundary,layerFeatureConstraints=<null>,layerGroupMetadata={},layerInfo=SecuredLayerInfo[LayerInfoImpl[vec_s2s_vec_radit_boundary_ba3d1cda, resource:FeatureTypeInfoImpl[vec_s2s_vec_radit_boundary_ba3d1cda]]],name=vec_s2s_vec_radit_boundary_ba3d1cda,remoteFeatureSource=<null>,style=<null>,type=0]]
	MaxFeatures = null
	Palette = null
	RawKvp = {_T=1790153980122, REQUEST=GetMap, FORMAT=image/png, SRS=EPSG:3857, BBOX=10958012.37496287,1487158.8223163905,11036283.891926888,1565430.33928041, VERSION=1.1.1, STYLES=, SERVICE=WMS, WIDTH=256, HEIGHT=256, TRANSPARENT=true, LAYERS=ws_30cad3c4:vec_s2s_vec_radit_boundary_ba3d1cda}
	RemoteOwsType = null
	RemoteOwsURL = null
	Request = GetMap
	RequestCharset = UTF-8
	ScaleMethod = null
	Sld = null
	SldBody = null
	SldVersion = null
	SortBy = null
	SortByArrays = null
	SRS = EPSG:3857
	StartIndex = null
	StyleBody = null
	StyleFormat = sld
	Styles = [StyleImpl[ name=style_vec_s2s_vec_radit_boundary_ba3d1cda]]
	StyleUrl = null
	StyleVersion = null
	Tiled = false
	TilesOrigin = null
	Time = []
	Transparent = true
	ValidateSchema = false
	Version = 1.1.1
	ViewParams = null
	Width = 256
23 Sep 08:59:50 INFO   [geoserver.flow] - releasing flow controllers for [WMS 1.1.1 GetMap]
23 Sep 08:59:50 INFO   [geoserver.flow] - Request completed, running requests: 1, blocked requests: 0
23 Sep 08:59:50 INFO   [geoserver.flow] - releasing flow controllers for [WMS 1.1.1 GetMap]
23 Sep 08:59:50 INFO   [geoserver.flow] - Request completed, running requests: 0, blocked requests: 0
23 Sep 09:00:00 INFO   [geoserver.wms] - 
Request: getServiceInfo
23 Sep 09:00:00 INFO   [geoserver.wms] - 
Request: getServiceInfo
23 Sep 09:00:00 INFO   [geoserver.flow] - Request [WMS 1.1.1 GetMap] starting, processing through flow controllers
23 Sep 09:00:00 INFO   [geoserver.wms] - 
Request: getServiceInfo
23 Sep 09:00:00 INFO   [geoserver.flow] - Request [WMS 1.1.1 GetMap] starting, processing through flow controllers
23 Sep 09:00:00 INFO   [geoserver.wms] - 
Request: getServiceInfo
23 Sep 09:00:00 INFO   [geoserver.wms] - 
Request: getServiceInfo
23 Sep 09:00:00 INFO   [geoserver.flow] - Request control-flow performed, running requests: 2, blocked requests: 1
23 Sep 09:00:00 INFO   [geoserver.flow] - Request control-flow performed, running requests: 1, blocked requests: 1
23 Sep 09:00:00 INFO   [geoserver.wms] - 
Request: getServiceInfo
23 Sep 09:00:00 INFO   [geoserver.flow] - Request [WMS 1.1.1 GetMap] starting, processing through flow controllers
23 Sep 09:00:00 INFO   [geoserver.flow] - Request control-flow performed, running requests: 3, blocked requests: 3
23 Sep 09:00:00 INFO   [geoserver.flow] - Request [WMS 1.1.1 GetMap] starting, processing through flow controllers
23 Sep 09:00:00 INFO   [geoserver.flow] - Request control-flow performed, running requests: 4, blocked requests: 2
23 Sep 09:00:00 INFO   [geoserver.flow] - Request [WMS 1.1.1 GetMap] starting, processing through flow controllers
23 Sep 09:00:00 INFO   [geoserver.flow] - Request [WMS 1.1.1 GetMap] starting, processing through flow controllers
23 Sep 09:00:00 INFO   [geoserver.flow] - Request control-flow performed, running requests: 5, blocked requests: 1
23 Sep 09:00:00 INFO   [geoserver.flow] - Request control-flow performed, running requests: 6, blocked requests: 0
23 Sep 09:00:00 INFO   [geoserver.wms] - 
Request: getMap
	Angle = 0.0
	BaseUrl = http://localhost:8080/geoserver/
	Bbox = SRSEnvelope[1.115369116737292E7 : 1.1173259046613924E7, 1526294.580798401 : 1545862.4600394047]
	BgColor = java.awt.Color[r=255,g=255,b=255]
	Buffer = 0
	Clip = null
	CQLFilter = null
	Crs = PROJCS["WGS 84 / Pseudo-Mercator", 
  GEOGCS["WGS 84", 
    DATUM["World Geodetic System 1984", 
      SPHEROID["WGS 84", 6378137.0, 298.257223563, AUTHORITY["EPSG","7030"]], 
      AUTHORITY["EPSG","6326"]], 
    PRIMEM["Greenwich", 0.0, AUTHORITY["EPSG","8901"]], 
    UNIT["degree", 0.017453292519943295], 
    AXIS["Geodetic longitude", EAST], 
    AXIS["Geodetic latitude", NORTH], 
    AUTHORITY["EPSG","4326"]], 
  PROJECTION["Popular Visualisation Pseudo Mercator", AUTHORITY["EPSG","1024"]], 
  PARAMETER["semi_minor", 6378137.0], 
  PARAMETER["latitude_of_origin", 0.0], 
  PARAMETER["central_meridian", 0.0], 
  PARAMETER["scale_factor", 1.0], 
  PARAMETER["false_easting", 0.0], 
  PARAMETER["false_northing", 0.0], 
  UNIT["m", 1.0], 
  AXIS["Easting", EAST], 
  AXIS["Northing", NORTH], 
  AUTHORITY["EPSG","3857"]]
	Elevation = []
	Env = {}
	Exceptions = SE_XML
	FeatureId = null
	FeatureVersion = null
	Filter = null
	Format = image/png
	FormatOptions = {}
	Get = true
	Height = 256
	Interpolations = []
	Layers = [org.geoserver.wms.MapLayerInfo@4ae4673d[description=<null>,label=Radit Boundary,layerFeatureConstraints=<null>,layerGroupMetadata={},layerInfo=SecuredLayerInfo[LayerInfoImpl[vec_s2s_vec_radit_boundary_ba3d1cda, resource:FeatureTypeInfoImpl[vec_s2s_vec_radit_boundary_ba3d1cda]]],name=vec_s2s_vec_radit_boundary_ba3d1cda,remoteFeatureSource=<null>,style=<null>,type=0]]
	MaxFeatures = null
	Palette = null
	RawKvp = {_T=1790153980122, REQUEST=GetMap, FORMAT=image/png, SRS=EPSG:3857, BBOX=11153691.16737292,1526294.580798401,11173259.046613924,1545862.4600394047, VERSION=1.1.1, STYLES=, SERVICE=WMS, WIDTH=256, HEIGHT=256, TRANSPARENT=true, LAYERS=ws_30cad3c4:vec_s2s_vec_radit_boundary_ba3d1cda}
	RemoteOwsType = null
	RemoteOwsURL = null
	Request = GetMap
	RequestCharset = UTF-8
	ScaleMethod = null
	Sld = null
	SldBody = null
	SldVersion = null
	SortBy = null
	SortByArrays = null
	SRS = EPSG:3857
	StartIndex = null
	StyleBody = null
	StyleFormat = sld
	Styles = [StyleImpl[ name=style_vec_s2s_vec_radit_boundary_ba3d1cda]]
	StyleUrl = null
	StyleVersion = null
	Tiled = false
	TilesOrigin = null
	Time = []
	Transparent = true
	ValidateSchema = false
	Version = 1.1.1
	ViewParams = null
	Width = 256
23 Sep 09:00:00 INFO   [geoserver.wms] - 
Request: getMap
	Angle = 0.0
	BaseUrl = http://localhost:8080/geoserver/
	Bbox = SRSEnvelope[1.115369116737292E7 : 1.1173259046613924E7, 1545862.4600394047 : 1565430.33928041]
	BgColor = java.awt.Color[r=255,g=255,b=255]
	Buffer = 0
	Clip = null
	CQLFilter = null
	Crs = PROJCS["WGS 84 / Pseudo-Mercator", 
  GEOGCS["WGS 84", 
    DATUM["World Geodetic System 1984", 
      SPHEROID["WGS 84", 6378137.0, 298.257223563, AUTHORITY["EPSG","7030"]], 
      AUTHORITY["EPSG","6326"]], 
    PRIMEM["Greenwich", 0.0, AUTHORITY["EPSG","8901"]], 
    UNIT["degree", 0.017453292519943295], 
    AXIS["Geodetic longitude", EAST], 
    AXIS["Geodetic latitude", NORTH], 
    AUTHORITY["EPSG","4326"]], 
  PROJECTION["Popular Visualisation Pseudo Mercator", AUTHORITY["EPSG","1024"]], 
  PARAMETER["semi_minor", 6378137.0], 
  PARAMETER["latitude_of_origin", 0.0], 
  PARAMETER["central_meridian", 0.0], 
  PARAMETER["scale_factor", 1.0], 
  PARAMETER["false_easting", 0.0], 
  PARAMETER["false_northing", 0.0], 
  UNIT["m", 1.0], 
  AXIS["Easting", EAST], 
  AXIS["Northing", NORTH], 
  AUTHORITY["EPSG","3857"]]
	Elevation = []
	Env = {}
	Exceptions = SE_XML
	FeatureId = null
	FeatureVersion = null
	Filter = null
	Format = image/png
	FormatOptions = {}
	Get = true
	Height = 256
	Interpolations = []
	Layers = [org.geoserver.wms.MapLayerInfo@6bad6139[description=<null>,label=Radit Boundary,layerFeatureConstraints=<null>,layerGroupMetadata={},layerInfo=SecuredLayerInfo[LayerInfoImpl[vec_s2s_vec_radit_boundary_ba3d1cda, resource:FeatureTypeInfoImpl[vec_s2s_vec_radit_boundary_ba3d1cda]]],name=vec_s2s_vec_radit_boundary_ba3d1cda,remoteFeatureSource=<null>,style=<null>,type=0]]
	MaxFeatures = null
	Palette = null
	RawKvp = {_T=1790153980122, REQUEST=GetMap, FORMAT=image/png, SRS=EPSG:3857, BBOX=11153691.16737292,1545862.4600394047,11173259.046613924,1565430.33928041, VERSION=1.1.1, STYLES=, SERVICE=WMS, WIDTH=256, HEIGHT=256, TRANSPARENT=true, LAYERS=ws_30cad3c4:vec_s2s_vec_radit_boundary_ba3d1cda}
	RemoteOwsType = null
	RemoteOwsURL = null
	Request = GetMap
	RequestCharset = UTF-8
	ScaleMethod = null
	Sld = null
	SldBody = null
	SldVersion = null
	SortBy = null
	SortByArrays = null
	SRS = EPSG:3857
	StartIndex = null
	StyleBody = null
	StyleFormat = sld
	Styles = [StyleImpl[ name=style_vec_s2s_vec_radit_boundary_ba3d1cda]]
	StyleUrl = null
	StyleVersion = null
	Tiled = false
	TilesOrigin = null
	Time = []
	Transparent = true
	ValidateSchema = false
	Version = 1.1.1
	ViewParams = null
	Width = 256
23 Sep 09:00:00 INFO   [geoserver.wms] - 
Request: getMap
	Angle = 0.0
	BaseUrl = http://localhost:8080/geoserver/
	Bbox = SRSEnvelope[1.1114555408890909E7 : 1.1134123288131915E7, 1545862.4600394047 : 1565430.33928041]
	BgColor = java.awt.Color[r=255,g=255,b=255]
	Buffer = 0
	Clip = null
	CQLFilter = null
	Crs = PROJCS["WGS 84 / Pseudo-Mercator", 
  GEOGCS["WGS 84", 
    DATUM["World Geodetic System 1984", 
      SPHEROID["WGS 84", 6378137.0, 298.257223563, AUTHORITY["EPSG","7030"]], 
      AUTHORITY["EPSG","6326"]], 
    PRIMEM["Greenwich", 0.0, AUTHORITY["EPSG","8901"]], 
    UNIT["degree", 0.017453292519943295], 
    AXIS["Geodetic longitude", EAST], 
    AXIS["Geodetic latitude", NORTH], 
    AUTHORITY["EPSG","4326"]], 
  PROJECTION["Popular Visualisation Pseudo Mercator", AUTHORITY["EPSG","1024"]], 
  PARAMETER["semi_minor", 6378137.0], 
  PARAMETER["latitude_of_origin", 0.0], 
  PARAMETER["central_meridian", 0.0], 
  PARAMETER["scale_factor", 1.0], 
  PARAMETER["false_easting", 0.0], 
  PARAMETER["false_northing", 0.0], 
  UNIT["m", 1.0], 
  AXIS["Easting", EAST], 
  AXIS["Northing", NORTH], 
  AUTHORITY["EPSG","3857"]]
	Elevation = []
	Env = {}
	Exceptions = SE_XML
	FeatureId = null
	FeatureVersion = null
	Filter = null
	Format = image/png
	FormatOptions = {}
	Get = true
	Height = 256
	Interpolations = []
	Layers = [org.geoserver.wms.MapLayerInfo@45d2d6db[description=<null>,label=Radit Boundary,layerFeatureConstraints=<null>,layerGroupMetadata={},layerInfo=SecuredLayerInfo[LayerInfoImpl[vec_s2s_vec_radit_boundary_ba3d1cda, resource:FeatureTypeInfoImpl[vec_s2s_vec_radit_boundary_ba3d1cda]]],name=vec_s2s_vec_radit_boundary_ba3d1cda,remoteFeatureSource=<null>,style=<null>,type=0]]
	MaxFeatures = null
	Palette = null
	RawKvp = {_T=1790153980122, REQUEST=GetMap, FORMAT=image/png, SRS=EPSG:3857, BBOX=11114555.408890909,1545862.4600394047,11134123.288131915,1565430.33928041, VERSION=1.1.1, STYLES=, SERVICE=WMS, WIDTH=256, HEIGHT=256, TRANSPARENT=true, LAYERS=ws_30cad3c4:vec_s2s_vec_radit_boundary_ba3d1cda}
	RemoteOwsType = null
	RemoteOwsURL = null
	Request = GetMap
	RequestCharset = UTF-8
	ScaleMethod = null
	Sld = null
	SldBody = null
	SldVersion = null
	SortBy = null
	SortByArrays = null
	SRS = EPSG:3857
	StartIndex = null
	StyleBody = null
	StyleFormat = sld
	Styles = [StyleImpl[ name=style_vec_s2s_vec_radit_boundary_ba3d1cda]]
	StyleUrl = null
	StyleVersion = null
	Tiled = false
	TilesOrigin = null
	Time = []
	Transparent = true
	ValidateSchema = false
	Version = 1.1.1
	ViewParams = null
	Width = 256
23 Sep 09:00:00 INFO   [geoserver.wms] - 
Request: getMap
	Angle = 0.0
	BaseUrl = http://localhost:8080/geoserver/
	Bbox = SRSEnvelope[1.1173259046613924E7 : 1.119282692585493E7, 1545862.4600394047 : 1565430.33928041]
	BgColor = java.awt.Color[r=255,g=255,b=255]
	Buffer = 0
	Clip = null
	CQLFilter = null
	Crs = PROJCS["WGS 84 / Pseudo-Mercator", 
  GEOGCS["WGS 84", 
    DATUM["World Geodetic System 1984", 
      SPHEROID["WGS 84", 6378137.0, 298.257223563, AUTHORITY["EPSG","7030"]], 
      AUTHORITY["EPSG","6326"]], 
    PRIMEM["Greenwich", 0.0, AUTHORITY["EPSG","8901"]], 
    UNIT["degree", 0.017453292519943295], 
    AXIS["Geodetic longitude", EAST], 
    AXIS["Geodetic latitude", NORTH], 
    AUTHORITY["EPSG","4326"]], 
  PROJECTION["Popular Visualisation Pseudo Mercator", AUTHORITY["EPSG","1024"]], 
  PARAMETER["semi_minor", 6378137.0], 
  PARAMETER["latitude_of_origin", 0.0], 
  PARAMETER["central_meridian", 0.0], 
  PARAMETER["scale_factor", 1.0], 
  PARAMETER["false_easting", 0.0], 
  PARAMETER["false_northing", 0.0], 
  UNIT["m", 1.0], 
  AXIS["Easting", EAST], 
  AXIS["Northing", NORTH], 
  AUTHORITY["EPSG","3857"]]
	Elevation = []
	Env = {}
	Exceptions = SE_XML
	FeatureId = null
	FeatureVersion = null
	Filter = null
	Format = image/png
	FormatOptions = {}
	Get = true
	Height = 256
	Interpolations = []
	Layers = [org.geoserver.wms.MapLayerInfo@4881c61[description=<null>,label=Radit Boundary,layerFeatureConstraints=<null>,layerGroupMetadata={},layerInfo=SecuredLayerInfo[LayerInfoImpl[vec_s2s_vec_radit_boundary_ba3d1cda, resource:FeatureTypeInfoImpl[vec_s2s_vec_radit_boundary_ba3d1cda]]],name=vec_s2s_vec_radit_boundary_ba3d1cda,remoteFeatureSource=<null>,style=<null>,type=0]]
	MaxFeatures = null
	Palette = null
	RawKvp = {_T=1790153980122, REQUEST=GetMap, FORMAT=image/png, SRS=EPSG:3857, BBOX=11173259.046613924,1545862.4600394047,11192826.92585493,1565430.33928041, VERSION=1.1.1, STYLES=, SERVICE=WMS, WIDTH=256, HEIGHT=256, TRANSPARENT=true, LAYERS=ws_30cad3c4:vec_s2s_vec_radit_boundary_ba3d1cda}
	RemoteOwsType = null
	RemoteOwsURL = null
	Request = GetMap
	RequestCharset = UTF-8
	ScaleMethod = null
	Sld = null
	SldBody = null
	SldVersion = null
	SortBy = null
	SortByArrays = null
	SRS = EPSG:3857
	StartIndex = null
	StyleBody = null
	StyleFormat = sld
	Styles = [StyleImpl[ name=style_vec_s2s_vec_radit_boundary_ba3d1cda]]
	StyleUrl = null
	StyleVersion = null
	Tiled = false
	TilesOrigin = null
	Time = []
	Transparent = true
	ValidateSchema = false
	Version = 1.1.1
	ViewParams = null
	Width = 256
23 Sep 09:00:00 INFO   [geoserver.wms] - 
Request: getMap
	Angle = 0.0
	BaseUrl = http://localhost:8080/geoserver/
	Bbox = SRSEnvelope[1.1134123288131915E7 : 1.115369116737292E7, 1526294.580798401 : 1545862.4600394047]
	BgColor = java.awt.Color[r=255,g=255,b=255]
	Buffer = 0
	Clip = null
	CQLFilter = null
	Crs = PROJCS["WGS 84 / Pseudo-Mercator", 
  GEOGCS["WGS 84", 
    DATUM["World Geodetic System 1984", 
      SPHEROID["WGS 84", 6378137.0, 298.257223563, AUTHORITY["EPSG","7030"]], 
      AUTHORITY["EPSG","6326"]], 
    PRIMEM["Greenwich", 0.0, AUTHORITY["EPSG","8901"]], 
    UNIT["degree", 0.017453292519943295], 
    AXIS["Geodetic longitude", EAST], 
    AXIS["Geodetic latitude", NORTH], 
    AUTHORITY["EPSG","4326"]], 
  PROJECTION["Popular Visualisation Pseudo Mercator", AUTHORITY["EPSG","1024"]], 
  PARAMETER["semi_minor", 6378137.0], 
  PARAMETER["latitude_of_origin", 0.0], 
  PARAMETER["central_meridian", 0.0], 
  PARAMETER["scale_factor", 1.0], 
  PARAMETER["false_easting", 0.0], 
  PARAMETER["false_northing", 0.0], 
  UNIT["m", 1.0], 
  AXIS["Easting", EAST], 
  AXIS["Northing", NORTH], 
  AUTHORITY["EPSG","3857"]]
	Elevation = []
	Env = {}
	Exceptions = SE_XML
	FeatureId = null
	FeatureVersion = null
	Filter = null
	Format = image/png
	FormatOptions = {}
	Get = true
	Height = 256
	Interpolations = []
	Layers = [org.geoserver.wms.MapLayerInfo@6c1a58d8[description=<null>,label=Radit Boundary,layerFeatureConstraints=<null>,layerGroupMetadata={},layerInfo=SecuredLayerInfo[LayerInfoImpl[vec_s2s_vec_radit_boundary_ba3d1cda, resource:FeatureTypeInfoImpl[vec_s2s_vec_radit_boundary_ba3d1cda]]],name=vec_s2s_vec_radit_boundary_ba3d1cda,remoteFeatureSource=<null>,style=<null>,type=0]]
	MaxFeatures = null
	Palette = null
	RawKvp = {_T=1790153980122, REQUEST=GetMap, FORMAT=image/png, SRS=EPSG:3857, BBOX=11134123.288131915,1526294.580798401,11153691.16737292,1545862.4600394047, VERSION=1.1.1, STYLES=, SERVICE=WMS, WIDTH=256, HEIGHT=256, TRANSPARENT=true, LAYERS=ws_30cad3c4:vec_s2s_vec_radit_boundary_ba3d1cda}
	RemoteOwsType = null
	RemoteOwsURL = null
	Request = GetMap
	RequestCharset = UTF-8
	ScaleMethod = null
	Sld = null
	SldBody = null
	SldVersion = null
	SortBy = null
	SortByArrays = null
	SRS = EPSG:3857
	StartIndex = null
	StyleBody = null
	StyleFormat = sld
	Styles = [StyleImpl[ name=style_vec_s2s_vec_radit_boundary_ba3d1cda]]
	StyleUrl = null
	StyleVersion = null
	Tiled = false
	TilesOrigin = null
	Time = []
	Transparent = true
	ValidateSchema = false
	Version = 1.1.1
	ViewParams = null
	Width = 256
23 Sep 09:00:00 INFO   [geoserver.flow] - releasing flow controllers for [WMS 1.1.1 GetMap]
23 Sep 09:00:00 INFO   [geoserver.flow] - releasing flow controllers for [WMS 1.1.1 GetMap]
23 Sep 09:00:00 INFO   [geoserver.flow] - Request completed, running requests: 1, blocked requests: 0
23 Sep 09:00:00 INFO   [geoserver.flow] - Request completed, running requests: 2, blocked requests: 0
23 Sep 09:00:00 INFO   [geoserver.flow] - releasing flow controllers for [WMS 1.1.1 GetMap]
23 Sep 09:00:00 INFO   [geoserver.flow] - releasing flow controllers for [WMS 1.1.1 GetMap]
23 Sep 09:00:00 INFO   [geoserver.flow] - releasing flow controllers for [WMS 1.1.1 GetMap]
23 Sep 09:00:00 INFO   [geoserver.wms] - 
Request: getMap
	Angle = 0.0
	BaseUrl = http://localhost:8080/geoserver/
	Bbox = SRSEnvelope[1.1134123288131915E7 : 1.115369116737292E7, 1545862.4600394047 : 1565430.33928041]
	BgColor = java.awt.Color[r=255,g=255,b=255]
	Buffer = 0
	Clip = null
	CQLFilter = null
	Crs = PROJCS["WGS 84 / Pseudo-Mercator", 
  GEOGCS["WGS 84", 
    DATUM["World Geodetic System 1984", 
      SPHEROID["WGS 84", 6378137.0, 298.257223563, AUTHORITY["EPSG","7030"]], 
      AUTHORITY["EPSG","6326"]], 
    PRIMEM["Greenwich", 0.0, AUTHORITY["EPSG","8901"]], 
    UNIT["degree", 0.017453292519943295], 
    AXIS["Geodetic longitude", EAST], 
    AXIS["Geodetic latitude", NORTH], 
    AUTHORITY["EPSG","4326"]], 
  PROJECTION["Popular Visualisation Pseudo Mercator", AUTHORITY["EPSG","1024"]], 
  PARAMETER["semi_minor", 6378137.0], 
  PARAMETER["latitude_of_origin", 0.0], 
  PARAMETER["central_meridian", 0.0], 
  PARAMETER["scale_factor", 1.0], 
  PARAMETER["false_easting", 0.0], 
  PARAMETER["false_northing", 0.0], 
  UNIT["m", 1.0], 
  AXIS["Easting", EAST], 
  AXIS["Northing", NORTH], 
  AUTHORITY["EPSG","3857"]]
	Elevation = []
	Env = {}
	Exceptions = SE_XML
	FeatureId = null
	FeatureVersion = null
	Filter = null
	Format = image/png
	FormatOptions = {}
	Get = true
	Height = 256
	Interpolations = []
	Layers = [org.geoserver.wms.MapLayerInfo@4b96577b[description=<null>,label=Radit Boundary,layerFeatureConstraints=<null>,layerGroupMetadata={},layerInfo=SecuredLayerInfo[LayerInfoImpl[vec_s2s_vec_radit_boundary_ba3d1cda, resource:FeatureTypeInfoImpl[vec_s2s_vec_radit_boundary_ba3d1cda]]],name=vec_s2s_vec_radit_boundary_ba3d1cda,remoteFeatureSource=<null>,style=<null>,type=0]]
	MaxFeatures = null
	Palette = null
	RawKvp = {_T=1790153980122, REQUEST=GetMap, FORMAT=image/png, SRS=EPSG:3857, BBOX=11134123.288131915,1545862.4600394047,11153691.16737292,1565430.33928041, VERSION=1.1.1, STYLES=, SERVICE=WMS, WIDTH=256, HEIGHT=256, TRANSPARENT=true, LAYERS=ws_30cad3c4:vec_s2s_vec_radit_boundary_ba3d1cda}
	RemoteOwsType = null
	RemoteOwsURL = null
	Request = GetMap
	RequestCharset = UTF-8
	ScaleMethod = null
	Sld = null
	SldBody = null
	SldVersion = null
	SortBy = null
	SortByArrays = null
	SRS = EPSG:3857
	StartIndex = null
	StyleBody = null
	StyleFormat = sld
	Styles = [StyleImpl[ name=style_vec_s2s_vec_radit_boundary_ba3d1cda]]
	StyleUrl = null
	StyleVersion = null
	Tiled = false
	TilesOrigin = null
	Time = []
	Transparent = true
	ValidateSchema = false
	Version = 1.1.1
	ViewParams = null
	Width = 256
23 Sep 09:00:00 INFO   [geoserver.flow] - Request completed, running requests: 1, blocked requests: 0
23 Sep 09:00:00 INFO   [geoserver.wms] - 
Request: getServiceInfo
23 Sep 09:00:00 INFO   [geoserver.flow] - Request completed, running requests: 1, blocked requests: 0
23 Sep 09:00:00 INFO   [geoserver.flow] - releasing flow controllers for [WMS 1.1.1 GetMap]
23 Sep 09:00:00 INFO   [geoserver.flow] - Request completed, running requests: 1, blocked requests: 0
23 Sep 09:00:00 INFO   [geoserver.flow] - Request [WMS 1.1.1 GetMap] starting, processing through flow controllers
23 Sep 09:00:00 INFO   [geoserver.wms] - 
Request: getServiceInfo
23 Sep 09:00:00 INFO   [geoserver.flow] - Request completed, running requests: 0, blocked requests: 1
23 Sep 09:00:00 INFO   [geoserver.flow] - Request control-flow performed, running requests: 1, blocked requests: 0
23 Sep 09:00:00 INFO   [geoserver.flow] - Request [WMS 1.1.1 GetMap] starting, processing through flow controllers
23 Sep 09:00:00 INFO   [geoserver.flow] - Request control-flow performed, running requests: 2, blocked requests: 0
23 Sep 09:00:00 INFO   [geoserver.wms] - 
Request: getMap
	Angle = 0.0
	BaseUrl = http://localhost:8080/geoserver/
	Bbox = SRSEnvelope[1.1173259046613924E7 : 1.119282692585493E7, 1526294.580798401 : 1545862.4600394047]
	BgColor = java.awt.Color[r=255,g=255,b=255]
	Buffer = 0
	Clip = null
	CQLFilter = null
	Crs = PROJCS["WGS 84 / Pseudo-Mercator", 
  GEOGCS["WGS 84", 
    DATUM["World Geodetic System 1984", 
      SPHEROID["WGS 84", 6378137.0, 298.257223563, AUTHORITY["EPSG","7030"]], 
      AUTHORITY["EPSG","6326"]], 
    PRIMEM["Greenwich", 0.0, AUTHORITY["EPSG","8901"]], 
    UNIT["degree", 0.017453292519943295], 
    AXIS["Geodetic longitude", EAST], 
    AXIS["Geodetic latitude", NORTH], 
    AUTHORITY["EPSG","4326"]], 
  PROJECTION["Popular Visualisation Pseudo Mercator", AUTHORITY["EPSG","1024"]], 
  PARAMETER["semi_minor", 6378137.0], 
  PARAMETER["latitude_of_origin", 0.0], 
  PARAMETER["central_meridian", 0.0], 
  PARAMETER["scale_factor", 1.0], 
  PARAMETER["false_easting", 0.0], 
  PARAMETER["false_northing", 0.0], 
  UNIT["m", 1.0], 
  AXIS["Easting", EAST], 
  AXIS["Northing", NORTH], 
  AUTHORITY["EPSG","3857"]]
	Elevation = []
	Env = {}
	Exceptions = SE_XML
	FeatureId = null
	FeatureVersion = null
	Filter = null
	Format = image/png
	FormatOptions = {}
	Get = true
	Height = 256
	Interpolations = []
	Layers = [org.geoserver.wms.MapLayerInfo@199e1d41[description=<null>,label=Radit Boundary,layerFeatureConstraints=<null>,layerGroupMetadata={},layerInfo=SecuredLayerInfo[LayerInfoImpl[vec_s2s_vec_radit_boundary_ba3d1cda, resource:FeatureTypeInfoImpl[vec_s2s_vec_radit_boundary_ba3d1cda]]],name=vec_s2s_vec_radit_boundary_ba3d1cda,remoteFeatureSource=<null>,style=<null>,type=0]]
	MaxFeatures = null
	Palette = null
	RawKvp = {_T=1790153980122, REQUEST=GetMap, FORMAT=image/png, SRS=EPSG:3857, BBOX=11173259.046613924,1526294.580798401,11192826.92585493,1545862.4600394047, VERSION=1.1.1, STYLES=, SERVICE=WMS, WIDTH=256, HEIGHT=256, TRANSPARENT=true, LAYERS=ws_30cad3c4:vec_s2s_vec_radit_boundary_ba3d1cda}
	RemoteOwsType = null
	RemoteOwsURL = null
	Request = GetMap
	RequestCharset = UTF-8
	ScaleMethod = null
	Sld = null
	SldBody = null
	SldVersion = null
	SortBy = null
	SortByArrays = null
	SRS = EPSG:3857
	StartIndex = null
	StyleBody = null
	StyleFormat = sld
	Styles = [StyleImpl[ name=style_vec_s2s_vec_radit_boundary_ba3d1cda]]
	StyleUrl = null
	StyleVersion = null
	Tiled = false
	TilesOrigin = null
	Time = []
	Transparent = true
	ValidateSchema = false
	Version = 1.1.1
	ViewParams = null
	Width = 256
23 Sep 09:00:00 INFO   [geoserver.flow] - releasing flow controllers for [WMS 1.1.1 GetMap]
23 Sep 09:00:00 INFO   [geoserver.flow] - Request completed, running requests: 1, blocked requests: 0
23 Sep 09:00:00 INFO   [geoserver.wms] - 
Request: getMap
	Angle = 0.0
	BaseUrl = http://localhost:8080/geoserver/
	Bbox = SRSEnvelope[1.1114555408890909E7 : 1.1134123288131915E7, 1526294.580798401 : 1545862.4600394047]
	BgColor = java.awt.Color[r=255,g=255,b=255]
	Buffer = 0
	Clip = null
	CQLFilter = null
	Crs = PROJCS["WGS 84 / Pseudo-Mercator", 
  GEOGCS["WGS 84", 
    DATUM["World Geodetic System 1984", 
      SPHEROID["WGS 84", 6378137.0, 298.257223563, AUTHORITY["EPSG","7030"]], 
      AUTHORITY["EPSG","6326"]], 
    PRIMEM["Greenwich", 0.0, AUTHORITY["EPSG","8901"]], 
    UNIT["degree", 0.017453292519943295], 
    AXIS["Geodetic longitude", EAST], 
    AXIS["Geodetic latitude", NORTH], 
    AUTHORITY["EPSG","4326"]], 
  PROJECTION["Popular Visualisation Pseudo Mercator", AUTHORITY["EPSG","1024"]], 
  PARAMETER["semi_minor", 6378137.0], 
  PARAMETER["latitude_of_origin", 0.0], 
  PARAMETER["central_meridian", 0.0], 
  PARAMETER["scale_factor", 1.0], 
  PARAMETER["false_easting", 0.0], 
  PARAMETER["false_northing", 0.0], 
  UNIT["m", 1.0], 
  AXIS["Easting", EAST], 
  AXIS["Northing", NORTH], 
  AUTHORITY["EPSG","3857"]]
	Elevation = []
	Env = {}
	Exceptions = SE_XML
	FeatureId = null
	FeatureVersion = null
	Filter = null
	Format = image/png
	FormatOptions = {}
	Get = true
	Height = 256
	Interpolations = []
	Layers = [org.geoserver.wms.MapLayerInfo@68600247[description=<null>,label=Radit Boundary,layerFeatureConstraints=<null>,layerGroupMetadata={},layerInfo=SecuredLayerInfo[LayerInfoImpl[vec_s2s_vec_radit_boundary_ba3d1cda, resource:FeatureTypeInfoImpl[vec_s2s_vec_radit_boundary_ba3d1cda]]],name=vec_s2s_vec_radit_boundary_ba3d1cda,remoteFeatureSource=<null>,style=<null>,type=0]]
	MaxFeatures = null
	Palette = null
	RawKvp = {_T=1790153980122, REQUEST=GetMap, FORMAT=image/png, SRS=EPSG:3857, BBOX=11114555.408890909,1526294.580798401,11134123.288131915,1545862.4600394047, VERSION=1.1.1, STYLES=, SERVICE=WMS, WIDTH=256, HEIGHT=256, TRANSPARENT=true, LAYERS=ws_30cad3c4:vec_s2s_vec_radit_boundary_ba3d1cda}
	RemoteOwsType = null
	RemoteOwsURL = null
	Request = GetMap
	RequestCharset = UTF-8
	ScaleMethod = null
	Sld = null
	SldBody = null
	SldVersion = null
	SortBy = null
	SortByArrays = null
	SRS = EPSG:3857
	StartIndex = null
	StyleBody = null
	StyleFormat = sld
	Styles = [StyleImpl[ name=style_vec_s2s_vec_radit_boundary_ba3d1cda]]
	StyleUrl = null
	StyleVersion = null
	Tiled = false
	TilesOrigin = null
	Time = []
	Transparent = true
	ValidateSchema = false
	Version = 1.1.1
	ViewParams = null
	Width = 256
23 Sep 09:00:00 INFO   [geoserver.flow] - releasing flow controllers for [WMS 1.1.1 GetMap]
